Workbook

Sheet Dashboard
A1: Ghee Production Dashboard | Y1: All
A2: ="Period "&TEXT(Summary!$P$2,"0")&" — "&TEXT(Summary!$AT$2,"0")&" of month | Source: Summary + channel order tabs | Refreshed live" -> Period 46258 — 46288 of month | Source: Summary + channel order tabs | Refreshed live | O2: Selected Plan | P2: Row Flag | Q2: Channel Flag | R2: Selected Pending | S2: Section | T2: Selected Produced | U2: Product Flag | Y2: =IF(Summary!E3="","",Summary!E3) -> Butter/Makhan - 200 gm
A3: Product Selector | C3: All | E3: Channel Selector | G3: All | O3: {=_xlfn.SWITCH($G$3,"MRP (Domestic)",Summary!G3,"ROW Manjari",Summary!H3,"USA Sea",Summary!I3,"Amazon USA Sea",Summary!J3,"USA Air",Summary!K3,"USA Amazon",Summary!L3,"UK",Summary!M3,"MENA",Summary!N3,Summary!O3)} -> 186 | P3: =--(ISNUMBER(Summary!$A3))*--(Summary!$D3<>"") -> 1 | Q3: =IF($G$3="All",1,--(O3>0)) -> 1 | R3: =T3-O3 -> -186 | S3: =IF(Summary!$D3="","",Summary!B3) -> Ghee | T3: {=_xlfn.SWITCH($G$3,"MRP (Domestic)",IFERROR(_xlfn.XLOOKUP(Summary!$D3,Domestic!$C:$C,Domestic!$AU:$AU),0),"ROW Manjari",IFERROR(_xlfn.XLOOKUP(Summary!$D3,'INT-_Manjiri'!$C:$C,'INT-_Manjiri'!$AT:$AT),0),"USA Sea",IFERROR(_xlfn.XLOOKUP(Summary!$D3,'USA-_Sea_shipment'!$C:$C,'USA-_Sea_shipment'!#REF!),0),"Amazon USA Sea",IFERROR(_xlfn.XLOOKUP(Summary!$D3,Amazon_USA_Sea!$C:$C,Amazon_USA_Sea!$AT:$AT),0),"USA Air",IFERROR(_xlfn.XLOOKUP(Summary!$D3,USA_Air_Shipment!$C:$C,USA_Air_Shipment!$AS:$AS),0),"USA Amazon",IFERROR(_xlfn.XLOOKUP(Summary!$D3,Amazon_USA_Air_Shipment!$C:$C,Amazon_USA_Air_Shipment!$AS:$AS),0),"UK",IFERROR(_xlfn.XLOOKUP(Summary!$D3,UK!$C:$C,UK!$AW:$AW),0),"MENA",IFERROR(_xlfn.XLOOKUP(Summary!$D3,MENA!$C:$C,MENA!$AS:$AS),0),Summary!BB3)} -> 0 | U3: =IF($C$3="All",1,--(Summary!E3=$C$3)) -> 1 | Y3: =IF(Summary!E4="","",Summary!E4) -> Brahmi Ghee - 250 gm
O4: {=_xlfn.SWITCH($G$3,"MRP (Domestic)",Summary!G4,"ROW Manjari",Summary!H4,"USA Sea",Summary!I4,"Amazon USA Sea",Summary!J4,"USA Air",Summary!K4,"USA Amazon",Summary!L4,"UK",Summary!M4,"MENA",Summary!N4,Summary!O4)} -> 253 | P4: =--(ISNUMBER(Summary!$A4))*--(Summary!$D4<>"") -> 1 | Q4: =IF($G$3="All",1,--(O4>0)) -> 1 | R4: =T4-O4 -> -186 | S4: =IF(Summary!$D4="","",Summary!B4) -> Ghee | T4: {=_xlfn.SWITCH($G$3,"MRP (Domestic)",IFERROR(_xlfn.XLOOKUP(Summary!$D4,Domestic!$C:$C,Domestic!$AU:$AU),0),"ROW Manjari",IFERROR(_xlfn.XLOOKUP(Summary!$D4,'INT-_Manjiri'!$C:$C,'INT-_Manjiri'!$AT:$AT),0),"USA Sea",IFERROR(_xlfn.XLOOKUP(Summary!$D4,'USA-_Sea_shipment'!$C:$C,'USA-_Sea_shipment'!#REF!),0),"Amazon USA Sea",IFERROR(_xlfn.XLOOKUP(Summary!$D4,Amazon_USA_Sea!$C:$C,Amazon_USA_Sea!$AT:$AT),0),"USA Air",IFERROR(_xlfn.XLOOKUP(Summary!$D4,USA_Air_Shipment!$C:$C,USA_Air_Shipment!$AS:$AS),0),"USA Amazon",IFERROR(_xlfn.XLOOKUP(Summary!$D4,Amazon_USA_Air_Shipment!$C:$C,Amazon_USA_Air_Shipment!$AS:$AS),0),"UK",IFERROR(_xlfn.XLOOKUP(Summary!$D4,UK!$C:$C,UK!$AW:$AW),0),"MENA",IFERROR(_xlfn.XLOOKUP(Summary!$D4,MENA!$C:$C,MENA!$AS:$AS),0),Summary!BB4)} -> 67 | U4: =IF($C$3="All",1,--(Summary!E4=$C$3)) -> 1 | Y4: =IF(Summary!E5="","",Summary!E5) -> Tulsi Ghee - 250gm
A5: Total Plan | C5: Produced PKT | E5: Fulfillment % | G5: Pending PKT | I5: Pending SKUs | K5: Critical SKUs | O5: {=_xlfn.SWITCH($G$3,"MRP (Domestic)",Summary!G5,"ROW Manjari",Summary!H5,"USA Sea",Summary!I5,"Amazon USA Sea",Summary!J5,"USA Air",Summary!K5,"USA Amazon",Summary!L5,"UK",Summary!M5,"MENA",Summary!N5,Summary!O5)} -> 75 | P5: =--(ISNUMBER(Summary!$A5))*--(Summary!$D5<>"") -> 1 | Q5: =IF($G$3="All",1,--(O5>0)) -> 1 | R5: =T5-O5 -> -29 | S5: =IF(Summary!$D5="","",Summary!B5) -> Ghee | T5: {=_xlfn.SWITCH($G$3,"MRP (Domestic)",IFERROR(_xlfn.XLOOKUP(Summary!$D5,Domestic!$C:$C,Domestic!$AU:$AU),0),"ROW Manjari",IFERROR(_xlfn.XLOOKUP(Summary!$D5,'INT-_Manjiri'!$C:$C,'INT-_Manjiri'!$AT:$AT),0),"USA Sea",IFERROR(_xlfn.XLOOKUP(Summary!$D5,'USA-_Sea_shipment'!$C:$C,'USA-_Sea_shipment'!#REF!),0),"Amazon USA Sea",IFERROR(_xlfn.XLOOKUP(Summary!$D5,Amazon_USA_Sea!$C:$C,Amazon_USA_Sea!$AT:$AT),0),"USA Air",IFERROR(_xlfn.XLOOKUP(Summary!$D5,USA_Air_Shipment!$C:$C,USA_Air_Shipment!$AS:$AS),0),"USA Amazon",IFERROR(_xlfn.XLOOKUP(Summary!$D5,Amazon_USA_Air_Shipment!$C:$C,Amazon_USA_Air_Shipment!$AS:$AS),0),"UK",IFERROR(_xlfn.XLOOKUP(Summary!$D5,UK!$C:$C,UK!$AW:$AW),0),"MENA",IFERROR(_xlfn.XLOOKUP(Summary!$D5,MENA!$C:$C,MENA!$AS:$AS),0),Summary!BB5)} -> 46 | U5: =IF($C$3="All",1,--(Summary!E5=$C$3)) -> 1 | Y5: =IF(Summary!E6="","",Summary!E6) -> Shatavari Ghee - 250 gm
A6: =IFERROR(SUMPRODUCT($O$3:$O$70,$P$3:$P$70,$Q$3:$Q$70,$U$3:$U$70),"") -> 129806.55 | C6: =IFERROR(SUMPRODUCT($T$3:$T$70,$P$3:$P$70,$Q$3:$Q$70,$U$3:$U$70),"") -> 73114 | E6: =IFERROR(C6/A6,"") -> 0.56325355 | G6: {=IFERROR(ABS(SUMPRODUCT($R$3:$R$70,--($R$3:$R$70<0),$P$3:$P$70,$Q$3:$Q$70,$U$3:$U$70)),"")} -> 57528.85 | I6: {=IFERROR(SUMPRODUCT(--($R$3:$R$70<0),$P$3:$P$70,$Q$3:$Q$70,$U$3:$U$70),"")} -> 16 | K6: {=IFERROR(SUMPRODUCT(--(Summary!$BK$3:$BK$70="P1 – Critical"),$P$3:$P$70,$Q$3:$Q$70,$U$3:$U$70),"")} -> 13 | O6: {=_xlfn.SWITCH($G$3,"MRP (Domestic)",Summary!G6,"ROW Manjari",Summary!H6,"USA Sea",Summary!I6,"Amazon USA Sea",Summary!J6,"USA Air",Summary!K6,"USA Amazon",Summary!L6,"UK",Summary!M6,"MENA",Summary!N6,Summary!O6)} -> 319 | P6: =--(ISNUMBER(Summary!$A6))*--(Summary!$D6<>"") -> 1 | Q6: =IF($G$3="All",1,--(O6>0)) -> 1 | R6: =T6-O6 -> -255 | S6: =IF(Summary!$D6="","",Summary!B6) -> Ghee | T6: {=_xlfn.SWITCH($G$3,"MRP (Domestic)",IFERROR(_xlfn.XLOOKUP(Summary!$D6,Domestic!$C:$C,Domestic!$AU:$AU),0),"ROW Manjari",IFERROR(_xlfn.XLOOKUP(Summary!$D6,'INT-_Manjiri'!$C:$C,'INT-_Manjiri'!$AT:$AT),0),"USA Sea",IFERROR(_xlfn.XLOOKUP(Summary!$D6,'USA-_Sea_shipment'!$C:$C,'USA-_Sea_shipment'!#REF!),0),"Amazon USA Sea",IFERROR(_xlfn.XLOOKUP(Summary!$D6,Amazon_USA_Sea!$C:$C,Amazon_USA_Sea!$AT:$AT),0),"USA Air",IFERROR(_xlfn.XLOOKUP(Summary!$D6,USA_Air_Shipment!$C:$C,USA_Air_Shipment!$AS:$AS),0),"USA Amazon",IFERROR(_xlfn.XLOOKUP(Summary!$D6,Amazon_USA_Air_Shipment!$C:$C,Amazon_USA_Air_Shipment!$AS:$AS),0),"UK",IFERROR(_xlfn.XLOOKUP(Summary!$D6,UK!$C:$C,UK!$AW:$AW),0),"MENA",IFERROR(_xlfn.XLOOKUP(Summary!$D6,MENA!$C:$C,MENA!$AS:$AS),0),Summary!BB6)} -> 64 | U6: =IF($C$3="All",1,--(Summary!E6=$C$3)) -> 1 | Y6: =IF(Summary!E7="","",Summary!E7) -> Turmeric Ghee 250gm
O7: {=_xlfn.SWITCH($G$3,"MRP (Domestic)",Summary!G7,"ROW Manjari",Summary!H7,"USA Sea",Summary!I7,"Amazon USA Sea",Summary!J7,"USA Air",Summary!K7,"USA Amazon",Summary!L7,"UK",Summary!M7,"MENA",Summary!N7,Summary!O7)} -> 149 | P7: =--(ISNUMBER(Summary!$A7))*--(Summary!$D7<>"") -> 1 | Q7: =IF($G$3="All",1,--(O7>0)) -> 1 | R7: =T7-O7 -> -19 | S7: =IF(Summary!$D7="","",Summary!B7) -> Ghee | T7: {=_xlfn.SWITCH($G$3,"MRP (Domestic)",IFERROR(_xlfn.XLOOKUP(Summary!$D7,Domestic!$C:$C,Domestic!$AU:$AU),0),"ROW Manjari",IFERROR(_xlfn.XLOOKUP(Summary!$D7,'INT-_Manjiri'!$C:$C,'INT-_Manjiri'!$AT:$AT),0),"USA Sea",IFERROR(_xlfn.XLOOKUP(Summary!$D7,'USA-_Sea_shipment'!$C:$C,'USA-_Sea_shipment'!#REF!),0),"Amazon USA Sea",IFERROR(_xlfn.XLOOKUP(Summary!$D7,Amazon_USA_Sea!$C:$C,Amazon_USA_Sea!$AT:$AT),0),"USA Air",IFERROR(_xlfn.XLOOKUP(Summary!$D7,USA_Air_Shipment!$C:$C,USA_Air_Shipment!$AS:$AS),0),"USA Amazon",IFERROR(_xlfn.XLOOKUP(Summary!$D7,Amazon_USA_Air_Shipment!$C:$C,Amazon_USA_Air_Shipment!$AS:$AS),0),"UK",IFERROR(_xlfn.XLOOKUP(Summary!$D7,UK!$C:$C,UK!$AW:$AW),0),"MENA",IFERROR(_xlfn.XLOOKUP(Summary!$D7,MENA!$C:$C,MENA!$AS:$AS),0),Summary!BB7)} -> 130 | U7: =IF($C$3="All",1,--(Summary!E7=$C$3)) -> 1 | Y7: =IF(Summary!E8="","",Summary!E8) -> Buffalo Ghee - A2 Cultured 500ml
O8: {=_xlfn.SWITCH($G$3,"MRP (Domestic)",Summary!G8,"ROW Manjari",Summary!H8,"USA Sea",Summary!I8,"Amazon USA Sea",Summary!J8,"USA Air",Summary!K8,"USA Amazon",Summary!L8,"UK",Summary!M8,"MENA",Summary!N8,Summary!O8)} -> 22881 | P8: =--(ISNUMBER(Summary!$A8))*--(Summary!$D8<>"") -> 1 | Q8: =IF($G$3="All",1,--(O8>0)) -> 1 | R8: =T8-O8 -> -18586 | S8: =IF(Summary!$D8="","",Summary!B8) -> Ghee | T8: {=_xlfn.SWITCH($G$3,"MRP (Domestic)",IFERROR(_xlfn.XLOOKUP(Summary!$D8,Domestic!$C:$C,Domestic!$AU:$AU),0),"ROW Manjari",IFERROR(_xlfn.XLOOKUP(Summary!$D8,'INT-_Manjiri'!$C:$C,'INT-_Manjiri'!$AT:$AT),0),"USA Sea",IFERROR(_xlfn.XLOOKUP(Summary!$D8,'USA-_Sea_shipment'!$C:$C,'USA-_Sea_shipment'!#REF!),0),"Amazon USA Sea",IFERROR(_xlfn.XLOOKUP(Summary!$D8,Amazon_USA_Sea!$C:$C,Amazon_USA_Sea!$AT:$AT),0),"USA Air",IFERROR(_xlfn.XLOOKUP(Summary!$D8,USA_Air_Shipment!$C:$C,USA_Air_Shipment!$AS:$AS),0),"USA Amazon",IFERROR(_xlfn.XLOOKUP(Summary!$D8,Amazon_USA_Air_Shipment!$C:$C,Amazon_USA_Air_Shipment!$AS:$AS),0),"UK",IFERROR(_xlfn.XLOOKUP(Summary!$D8,UK!$C:$C,UK!$AW:$AW),0),"MENA",IFERROR(_xlfn.XLOOKUP(Summary!$D8,MENA!$C:$C,MENA!$AS:$AS),0),Summary!BB8)} -> 4295 | U8: =IF($C$3="All",1,--(Summary!E8=$C$3)) -> 1 | Y8: =IF(Summary!E9="","",Summary!E9) -> A2 Desi Cow Ghee - 500ml
A9: =IFERROR("Channel: "&$G$3&" | Product: "&$C$3&". Fulfillment is "&TEXT(E6,"0%")&" against "&TEXT(A6,"#,##0")&" planned packets. Pending exposure is "&TEXT(G6,"#,##0")&" packets across "&TEXT(I6,"#,##0")&" SKUs, including "&TEXT(K6,"#,##0")&" critical SKUs.","") -> Channel: All | Product: All. Fulfillment is 56% against 1,29,807 planned packets. Pending exposure is 57,529 packets across 16 SKUs, including 13 critical SKUs. | O9: {=_xlfn.SWITCH($G$3,"MRP (Domestic)",Summary!G9,"ROW Manjari",Summary!H9,"USA Sea",Summary!I9,"Amazon USA Sea",Summary!J9,"USA Air",Summary!K9,"USA Amazon",Summary!L9,"UK",Summary!M9,"MENA",Summary!N9,Summary!O9)} -> 10468.7 | P9: =--(ISNUMBER(Summary!$A9))*--(Summary!$D9<>"") -> 1 | Q9: =IF($G$3="All",1,--(O9>0)) -> 1 | R9: =T9-O9 -> -7087.7 | S9: =IF(Summary!$D9="","",Summary!B9) -> Ghee | T9: {=_xlfn.SWITCH($G$3,"MRP (Domestic)",IFERROR(_xlfn.XLOOKUP(Summary!$D9,Domestic!$C:$C,Domestic!$AU:$AU),0),"ROW Manjari",IFERROR(_xlfn.XLOOKUP(Summary!$D9,'INT-_Manjiri'!$C:$C,'INT-_Manjiri'!$AT:$AT),0),"USA Sea",IFERROR(_xlfn.XLOOKUP(Summary!$D9,'USA-_Sea_shipment'!$C:$C,'USA-_Sea_shipment'!#REF!),0),"Amazon USA Sea",IFERROR(_xlfn.XLOOKUP(Summary!$D9,Amazon_USA_Sea!$C:$C,Amazon_USA_Sea!$AT:$AT),0),"USA Air",IFERROR(_xlfn.XLOOKUP(Summary!$D9,USA_Air_Shipment!$C:$C,USA_Air_Shipment!$AS:$AS),0),"USA Amazon",IFERROR(_xlfn.XLOOKUP(Summary!$D9,Amazon_USA_Air_Shipment!$C:$C,Amazon_USA_Air_Shipment!$AS:$AS),0),"UK",IFERROR(_xlfn.XLOOKUP(Summary!$D9,UK!$C:$C,UK!$AW:$AW),0),"MENA",IFERROR(_xlfn.XLOOKUP(Summary!$D9,MENA!$C:$C,MENA!$AS:$AS),0),Summary!BB9)} -> 3381 | U9: =IF($C$3="All",1,--(Summary!E9=$C$3)) -> 1 | Y9: =IF(Summary!E10="","",Summary!E10) -> Colostrum Powder, Desi Gir Cow - 100 gm
O10: {=_xlfn.SWITCH($G$3,"MRP (Domestic)",Summary!G10,"ROW Manjari",Summary!H10,"USA Sea",Summary!I10,"Amazon USA Sea",Summary!J10,"USA Air",Summary!K10,"USA Amazon",Summary!L10,"UK",Summary!M10,"MENA",Summary!N10,Summary!O10)} -> 1712 | P10: =--(ISNUMBER(Summary!$A10))*--(Summary!$D10<>"") -> 1 | Q10: =IF($G$3="All",1,--(O10>0)) -> 1 | R10: =T10-O10 -> -799 | S10: =IF(Summary!$D10="","",Summary!B10) -> Ghee | T10: {=_xlfn.SWITCH($G$3,"MRP (Domestic)",IFERROR(_xlfn.XLOOKUP(Summary!$D10,Domestic!$C:$C,Domestic!$AU:$AU),0),"ROW Manjari",IFERROR(_xlfn.XLOOKUP(Summary!$D10,'INT-_Manjiri'!$C:$C,'INT-_Manjiri'!$AT:$AT),0),"USA Sea",IFERROR(_xlfn.XLOOKUP(Summary!$D10,'USA-_Sea_shipment'!$C:$C,'USA-_Sea_shipment'!#REF!),0),"Amazon USA Sea",IFERROR(_xlfn.XLOOKUP(Summary!$D10,Amazon_USA_Sea!$C:$C,Amazon_USA_Sea!$AT:$AT),0),"USA Air",IFERROR(_xlfn.XLOOKUP(Summary!$D10,USA_Air_Shipment!$C:$C,USA_Air_Shipment!$AS:$AS),0),"USA Amazon",IFERROR(_xlfn.XLOOKUP(Summary!$D10,Amazon_USA_Air_Shipment!$C:$C,Amazon_USA_Air_Shipment!$AS:$AS),0),"UK",IFERROR(_xlfn.XLOOKUP(Summary!$D10,UK!$C:$C,UK!$AW:$AW),0),"MENA",IFERROR(_xlfn.XLOOKUP(Summary!$D10,MENA!$C:$C,MENA!$AS:$AS),0),Summary!BB10)} -> 913 | U10: =IF($C$3="All",1,--(Summary!E10=$C$3)) -> 1 | Y10: =IF(Summary!E11="","",Summary!E11) -> Full Moon Cultured Ghee - 500 ml
A11: SECTION PERFORMANCE | H11: CHANNEL PLAN MIX | O11: {=_xlfn.SWITCH($G$3,"MRP (Domestic)",Summary!G11,"ROW Manjari",Summary!H11,"USA Sea",Summary!I11,"Amazon USA Sea",Summary!J11,"USA Air",Summary!K11,"USA Amazon",Summary!L11,"UK",Summary!M11,"MENA",Summary!N11,Summary!O11)} -> 3303.3 | P11: =--(ISNUMBER(Summary!$A11))*--(Summary!$D11<>"") -> 1 | Q11: =IF($G$3="All",1,--(O11>0)) -> 1 | R11: =T11-O11 -> -1701.3 | S11: =IF(Summary!$D11="","",Summary!B11) -> Ghee | T11: {=_xlfn.SWITCH($G$3,"MRP (Domestic)",IFERROR(_xlfn.XLOOKUP(Summary!$D11,Domestic!$C:$C,Domestic!$AU:$AU),0),"ROW Manjari",IFERROR(_xlfn.XLOOKUP(Summary!$D11,'INT-_Manjiri'!$C:$C,'INT-_Manjiri'!$AT:$AT),0),"USA Sea",IFERROR(_xlfn.XLOOKUP(Summary!$D11,'USA-_Sea_shipment'!$C:$C,'USA-_Sea_shipment'!#REF!),0),"Amazon USA Sea",IFERROR(_xlfn.XLOOKUP(Summary!$D11,Amazon_USA_Sea!$C:$C,Amazon_USA_Sea!$AT:$AT),0),"USA Air",IFERROR(_xlfn.XLOOKUP(Summary!$D11,USA_Air_Shipment!$C:$C,USA_Air_Shipment!$AS:$AS),0),"USA Amazon",IFERROR(_xlfn.XLOOKUP(Summary!$D11,Amazon_USA_Air_Shipment!$C:$C,Amazon_USA_Air_Shipment!$AS:$AS),0),"UK",IFERROR(_xlfn.XLOOKUP(Summary!$D11,UK!$C:$C,UK!$AW:$AW),0),"MENA",IFERROR(_xlfn.XLOOKUP(Summary!$D11,MENA!$C:$C,MENA!$AS:$AS),0),Summary!BB11)} -> 1602 | U11: =IF($C$3="All",1,--(Summary!E11=$C$3)) -> 1 | Y11: =IF(Summary!E12="","",Summary!E12) -> Non cultured ghee 1l
A12: Section | B12: Plan | C12: Produced | D12: Fulfillment | E12: Pending SKUs | F12: Critical SKUs | H12: Channel | I12: Plan | J12: Share | O12: {=_xlfn.SWITCH($G$3,"MRP (Domestic)",Summary!G12,"ROW Manjari",Summary!H12,"USA Sea",Summary!I12,"Amazon USA Sea",Summary!J12,"USA Air",Summary!K12,"USA Amazon",Summary!L12,"UK",Summary!M12,"MENA",Summary!N12,Summary!O12)} -> 6049 | P12: =--(ISNUMBER(Summary!$A12))*--(Summary!$D12<>"") -> 1 | Q12: =IF($G$3="All",1,--(O12>0)) -> 1 | R12: =T12-O12 -> -3718 | S12: =IF(Summary!$D12="","",Summary!B12) -> Ghee | T12: {=_xlfn.SWITCH($G$3,"MRP (Domestic)",IFERROR(_xlfn.XLOOKUP(Summary!$D12,Domestic!$C:$C,Domestic!$AU:$AU),0),"ROW Manjari",IFERROR(_xlfn.XLOOKUP(Summary!$D12,'INT-_Manjiri'!$C:$C,'INT-_Manjiri'!$AT:$AT),0),"USA Sea",IFERROR(_xlfn.XLOOKUP(Summary!$D12,'USA-_Sea_shipment'!$C:$C,'USA-_Sea_shipment'!#REF!),0),"Amazon USA Sea",IFERROR(_xlfn.XLOOKUP(Summary!$D12,Amazon_USA_Sea!$C:$C,Amazon_USA_Sea!$AT:$AT),0),"USA Air",IFERROR(_xlfn.XLOOKUP(Summary!$D12,USA_Air_Shipment!$C:$C,USA_Air_Shipment!$AS:$AS),0),"USA Amazon",IFERROR(_xlfn.XLOOKUP(Summary!$D12,Amazon_USA_Air_Shipment!$C:$C,Amazon_USA_Air_Shipment!$AS:$AS),0),"UK",IFERROR(_xlfn.XLOOKUP(Summary!$D12,UK!$C:$C,UK!$AW:$AW),0),"MENA",IFERROR(_xlfn.XLOOKUP(Summary!$D12,MENA!$C:$C,MENA!$AS:$AS),0),Summary!BB12)} -> 2331 | U12: =IF($C$3="All",1,--(Summary!E12=$C$3)) -> 1 | Y12: =IF(Summary!E13="","",Summary!E13) -> Ashwagandha Ghee - 250 gm
A13: Ghee | B13: {=IF($A13="","",IFERROR(SUMPRODUCT(--($S$3:$S$70=$A13),$O$3:$O$70,$P$3:$P$70,$Q$3:$Q$70,$U$3:$U$70),""))} -> 129806.55 | C13: {=IF($A13="","",IFERROR(SUMPRODUCT(--($S$3:$S$70=$A13),$T$3:$T$70,$P$3:$P$70,$Q$3:$Q$70,$U$3:$U$70),""))} -> 73114 | D13: =IFERROR(C13/B13,"") -> 0.56325355 | E13: {=IF($A13="","",IFERROR(SUMPRODUCT(--($S$3:$S$70=$A13),--($R$3:$R$70<0),$P$3:$P$70,$Q$3:$Q$70,$U$3:$U$70),""))} -> 16 | F13: {=IF($A13="","",IFERROR(SUMPRODUCT(--($S$3:$S$70=$A13),--(Summary!$BK$3:$BK$70="P1 – Critical"),$P$3:$P$70,$Q$3:$Q$70,$U$3:$U$70),""))} -> 13 | H13: =Summary!G2 -> MRP (Domestic) | I13: =IFERROR(SUMPRODUCT($P$3:$P$70,$U$3:$U$70,INDEX(Summary!$G$3:$N$70,0,ROW()-12)),"") -> 113086.55 | J13: =IFERROR(I13/SUM($I$13:$I$20),"") -> 0.87119294 | O13: {=_xlfn.SWITCH($G$3,"MRP (Domestic)",Summary!G13,"ROW Manjari",Summary!H13,"USA Sea",Summary!I13,"Amazon USA Sea",Summary!J13,"USA Air",Summary!K13,"USA Amazon",Summary!L13,"UK",Summary!M13,"MENA",Summary!N13,Summary!O13)} -> 309 | P13: =--(ISNUMBER(Summary!$A13))*--(Summary!$D13<>"") -> 1 | Q13: =IF($G$3="All",1,--(O13>0)) -> 1 | R13: =T13-O13 -> -121 | S13: =IF(Summary!$D13="","",Summary!B13) -> Ghee | T13: {=_xlfn.SWITCH($G$3,"MRP (Domestic)",IFERROR(_xlfn.XLOOKUP(Summary!$D13,Domestic!$C:$C,Domestic!$AU:$AU),0),"ROW Manjari",IFERROR(_xlfn.XLOOKUP(Summary!$D13,'INT-_Manjiri'!$C:$C,'INT-_Manjiri'!$AT:$AT),0),"USA Sea",IFERROR(_xlfn.XLOOKUP(Summary!$D13,'USA-_Sea_shipment'!$C:$C,'USA-_Sea_shipment'!#REF!),0),"Amazon USA Sea",IFERROR(_xlfn.XLOOKUP(Summary!$D13,Amazon_USA_Sea!$C:$C,Amazon_USA_Sea!$AT:$AT),0),"USA Air",IFERROR(_xlfn.XLOOKUP(Summary!$D13,USA_Air_Shipment!$C:$C,USA_Air_Shipment!$AS:$AS),0),"USA Amazon",IFERROR(_xlfn.XLOOKUP(Summary!$D13,Amazon_USA_Air_Shipment!$C:$C,Amazon_USA_Air_Shipment!$AS:$AS),0),"UK",IFERROR(_xlfn.XLOOKUP(Summary!$D13,UK!$C:$C,UK!$AW:$AW),0),"MENA",IFERROR(_xlfn.XLOOKUP(Summary!$D13,MENA!$C:$C,MENA!$AS:$AS),0),Summary!BB13)} -> 188 | U13: =IF($C$3="All",1,--(Summary!E13=$C$3)) -> 1 | Y13: =IF(Summary!E14="","",Summary!E14) -> A2 Cultured Ghee - 500 ml
B14: {=IF($A14="","",IFERROR(SUMPRODUCT(--($S$3:$S$70=$A14),$O$3:$O$70,$P$3:$P$70,$Q$3:$Q$70,$U$3:$U$70),""))} | C14: {=IF($A14="","",IFERROR(SUMPRODUCT(--($S$3:$S$70=$A14),$T$3:$T$70,$P$3:$P$70,$Q$3:$Q$70,$U$3:$U$70),""))} | D14: =IFERROR(C14/B14,"") | E14: {=IF($A14="","",IFERROR(SUMPRODUCT(--($S$3:$S$70=$A14),--($R$3:$R$70<0),$P$3:$P$70,$Q$3:$Q$70,$U$3:$U$70),""))} | F14: {=IF($A14="","",IFERROR(SUMPRODUCT(--($S$3:$S$70=$A14),--(Summary!$BK$3:$BK$70="P1 – Critical"),$P$3:$P$70,$Q$3:$Q$70,$U$3:$U$70),""))} | H14: =Summary!H2 -> ROW Manjari | I14: =IFERROR(SUMPRODUCT($P$3:$P$70,$U$3:$U$70,INDEX(Summary!$G$3:$N$70,0,ROW()-12)),"") -> 0 | J14: =IFERROR(I14/SUM($I$13:$I$20),"") -> 0 | O14: {=_xlfn.SWITCH($G$3,"MRP (Domestic)",Summary!G14,"ROW Manjari",Summary!H14,"USA Sea",Summary!I14,"Amazon USA Sea",Summary!J14,"USA Air",Summary!K14,"USA Amazon",Summary!L14,"UK",Summary!M14,"MENA",Summary!N14,Summary!O14)} -> 37298.25 | P14: =--(ISNUMBER(Summary!$A14))*--(Summary!$D14<>"") -> 1 | Q14: =IF($G$3="All",1,--(O14>0)) -> 1 | R14: =T14-O14 -> -14481.25 | S14: =IF(Summary!$D14="","",Summary!B14) -> Ghee | T14: {=_xlfn.SWITCH($G$3,"MRP (Domestic)",IFERROR(_xlfn.XLOOKUP(Summary!$D14,Domestic!$C:$C,Domestic!$AU:$AU),0),"ROW Manjari",IFERROR(_xlfn.XLOOKUP(Summary!$D14,'INT-_Manjiri'!$C:$C,'INT-_Manjiri'!$AT:$AT),0),"USA Sea",IFERROR(_xlfn.XLOOKUP(Summary!$D14,'USA-_Sea_shipment'!$C:$C,'USA-_Sea_shipment'!#REF!),0),"Amazon USA Sea",IFERROR(_xlfn.XLOOKUP(Summary!$D14,Amazon_USA_Sea!$C:$C,Amazon_USA_Sea!$AT:$AT),0),"USA Air",IFERROR(_xlfn.XLOOKUP(Summary!$D14,USA_Air_Shipment!$C:$C,USA_Air_Shipment!$AS:$AS),0),"USA Amazon",IFERROR(_xlfn.XLOOKUP(Summary!$D14,Amazon_USA_Air_Shipment!$C:$C,Amazon_USA_Air_Shipment!$AS:$AS),0),"UK",IFERROR(_xlfn.XLOOKUP(Summary!$D14,UK!$C:$C,UK!$AW:$AW),0),"MENA",IFERROR(_xlfn.XLOOKUP(Summary!$D14,MENA!$C:$C,MENA!$AS:$AS),0),Summary!BB14)} -> 22817 | U14: =IF($C$3="All",1,--(Summary!E14=$C$3)) -> 1 | Y14: =IF(Summary!E15="","",Summary!E15) -> A2 Cultured Ghee - 5 Ltr
B15: {=IF($A15="","",IFERROR(SUMPRODUCT(--($S$3:$S$70=$A15),$O$3:$O$70,$P$3:$P$70,$Q$3:$Q$70,$U$3:$U$70),""))} | C15: {=IF($A15="","",IFERROR(SUMPRODUCT(--($S$3:$S$70=$A15),$T$3:$T$70,$P$3:$P$70,$Q$3:$Q$70,$U$3:$U$70),""))} | D15: =IFERROR(C15/B15,"") | E15: {=IF($A15="","",IFERROR(SUMPRODUCT(--($S$3:$S$70=$A15),--($R$3:$R$70<0),$P$3:$P$70,$Q$3:$Q$70,$U$3:$U$70),""))} | F15: {=IF($A15="","",IFERROR(SUMPRODUCT(--($S$3:$S$70=$A15),--(Summary!$BK$3:$BK$70="P1 – Critical"),$P$3:$P$70,$Q$3:$Q$70,$U$3:$U$70),""))} | H15: =Summary!I2 -> USA Sea | I15: =IFERROR(SUMPRODUCT($P$3:$P$70,$U$3:$U$70,INDEX(Summary!$G$3:$N$70,0,ROW()-12)),"") -> 2171 | J15: =IFERROR(I15/SUM($I$13:$I$20),"") -> 0.016724888 | O15: {=_xlfn.SWITCH($G$3,"MRP (Domestic)",Summary!G15,"ROW Manjari",Summary!H15,"USA Sea",Summary!I15,"Amazon USA Sea",Summary!J15,"USA Air",Summary!K15,"USA Amazon",Summary!L15,"UK",Summary!M15,"MENA",Summary!N15,Summary!O15)} -> 1035.25 | P15: =--(ISNUMBER(Summary!$A15))*--(Summary!$D15<>"") -> 1 | Q15: =IF($G$3="All",1,--(O15>0)) -> 1 | R15: =T15-O15 -> -441.25 | S15: =IF(Summary!$D15="","",Summary!B15) -> Ghee | T15: {=_xlfn.SWITCH($G$3,"MRP (Domestic)",IFERROR(_xlfn.XLOOKUP(Summary!$D15,Domestic!$C:$C,Domestic!$AU:$AU),0),"ROW Manjari",IFERROR(_xlfn.XLOOKUP(Summary!$D15,'INT-_Manjiri'!$C:$C,'INT-_Manjiri'!$AT:$AT),0),"USA Sea",IFERROR(_xlfn.XLOOKUP(Summary!$D15,'USA-_Sea_shipment'!$C:$C,'USA-_Sea_shipment'!#REF!),0),"Amazon USA Sea",IFERROR(_xlfn.XLOOKUP(Summary!$D15,Amazon_USA_Sea!$C:$C,Amazon_USA_Sea!$AT:$AT),0),"USA Air",IFERROR(_xlfn.XLOOKUP(Summary!$D15,USA_Air_Shipment!$C:$C,USA_Air_Shipment!$AS:$AS),0),"USA Amazon",IFERROR(_xlfn.XLOOKUP(Summary!$D15,Amazon_USA_Air_Shipment!$C:$C,Amazon_USA_Air_Shipment!$AS:$AS),0),"UK",IFERROR(_xlfn.XLOOKUP(Summary!$D15,UK!$C:$C,UK!$AW:$AW),0),"MENA",IFERROR(_xlfn.XLOOKUP(Summary!$D15,MENA!$C:$C,MENA!$AS:$AS),0),Summary!BB15)} -> 594 | U15: =IF($C$3="All",1,--(Summary!E15=$C$3)) -> 1 | Y15: =IF(Summary!E16="","",Summary!E16) -> Steel Can Ghee 1 Ltr
B16: {=IF($A16="","",IFERROR(SUMPRODUCT(--($S$3:$S$70=$A16),$O$3:$O$70,$P$3:$P$70,$Q$3:$Q$70,$U$3:$U$70),""))} | C16: {=IF($A16="","",IFERROR(SUMPRODUCT(--($S$3:$S$70=$A16),$T$3:$T$70,$P$3:$P$70,$Q$3:$Q$70,$U$3:$U$70),""))} | D16: =IFERROR(C16/B16,"") | E16: {=IF($A16="","",IFERROR(SUMPRODUCT(--($S$3:$S$70=$A16),--($R$3:$R$70<0),$P$3:$P$70,$Q$3:$Q$70,$U$3:$U$70),""))} | F16: {=IF($A16="","",IFERROR(SUMPRODUCT(--($S$3:$S$70=$A16),--(Summary!$BK$3:$BK$70="P1 – Critical"),$P$3:$P$70,$Q$3:$Q$70,$U$3:$U$70),""))} | H16: =Summary!J2 -> Amazon USA Sea | I16: =IFERROR(SUMPRODUCT($P$3:$P$70,$U$3:$U$70,INDEX(Summary!$G$3:$N$70,0,ROW()-12)),"") -> 6819 | J16: =IFERROR(I16/SUM($I$13:$I$20),"") -> 0.052532018 | O16: {=_xlfn.SWITCH($G$3,"MRP (Domestic)",Summary!G16,"ROW Manjari",Summary!H16,"USA Sea",Summary!I16,"Amazon USA Sea",Summary!J16,"USA Air",Summary!K16,"USA Amazon",Summary!L16,"UK",Summary!M16,"MENA",Summary!N16,Summary!O16)} -> 413.05 | P16: =--(ISNUMBER(Summary!$A16))*--(Summary!$D16<>"") -> 1 | Q16: =IF($G$3="All",1,--(O16>0)) -> 1 | R16: =T16-O16 -> -43.05 | S16: =IF(Summary!$D16="","",Summary!B16) -> Ghee | T16: {=_xlfn.SWITCH($G$3,"MRP (Domestic)",IFERROR(_xlfn.XLOOKUP(Summary!$D16,Domestic!$C:$C,Domestic!$AU:$AU),0),"ROW Manjari",IFERROR(_xlfn.XLOOKUP(Summary!$D16,'INT-_Manjiri'!$C:$C,'INT-_Manjiri'!$AT:$AT),0),"USA Sea",IFERROR(_xlfn.XLOOKUP(Summary!$D16,'USA-_Sea_shipment'!$C:$C,'USA-_Sea_shipment'!#REF!),0),"Amazon USA Sea",IFERROR(_xlfn.XLOOKUP(Summary!$D16,Amazon_USA_Sea!$C:$C,Amazon_USA_Sea!$AT:$AT),0),"USA Air",IFERROR(_xlfn.XLOOKUP(Summary!$D16,USA_Air_Shipment!$C:$C,USA_Air_Shipment!$AS:$AS),0),"USA Amazon",IFERROR(_xlfn.XLOOKUP(Summary!$D16,Amazon_USA_Air_Shipment!$C:$C,Amazon_USA_Air_Shipment!$AS:$AS),0),"UK",IFERROR(_xlfn.XLOOKUP(Summary!$D16,UK!$C:$C,UK!$AW:$AW),0),"MENA",IFERROR(_xlfn.XLOOKUP(Summary!$D16,MENA!$C:$C,MENA!$AS:$AS),0),Summary!BB16)} -> 370 | U16: =IF($C$3="All",1,--(Summary!E16=$C$3)) -> 1 | Y16: =IF(Summary!E17="","",Summary!E17) -> A2 Cultured Ghee - 250 ml
B17: {=IF($A17="","",IFERROR(SUMPRODUCT(--($S$3:$S$70=$A17),$O$3:$O$70,$P$3:$P$70,$Q$3:$Q$70,$U$3:$U$70),""))} | C17: {=IF($A17="","",IFERROR(SUMPRODUCT(--($S$3:$S$70=$A17),$T$3:$T$70,$P$3:$P$70,$Q$3:$Q$70,$U$3:$U$70),""))} | D17: =IFERROR(C17/B17,"") | E17: {=IF($A17="","",IFERROR(SUMPRODUCT(--($S$3:$S$70=$A17),--($R$3:$R$70<0),$P$3:$P$70,$Q$3:$Q$70,$U$3:$U$70),""))} | F17: {=IF($A17="","",IFERROR(SUMPRODUCT(--($S$3:$S$70=$A17),--(Summary!$BK$3:$BK$70="P1 – Critical"),$P$3:$P$70,$Q$3:$Q$70,$U$3:$U$70),""))} | H17: =Summary!K2 -> USA Air | I17: =IFERROR(SUMPRODUCT($P$3:$P$70,$U$3:$U$70,INDEX(Summary!$G$3:$N$70,0,ROW()-12)),"") -> 0 | J17: =IFERROR(I17/SUM($I$13:$I$20),"") -> 0 | O17: {=_xlfn.SWITCH($G$3,"MRP (Domestic)",Summary!G17,"ROW Manjari",Summary!H17,"USA Sea",Summary!I17,"Amazon USA Sea",Summary!J17,"USA Air",Summary!K17,"USA Amazon",Summary!L17,"UK",Summary!M17,"MENA",Summary!N17,Summary!O17)} -> 20236.7 | P17: =--(ISNUMBER(Summary!$A17))*--(Summary!$D17<>"") -> 1 | Q17: =IF($G$3="All",1,--(O17>0)) -> 1 | R17: =T17-O17 -> -6541.7 | S17: =IF(Summary!$D17="","",Summary!B17) -> Ghee | T17: {=_xlfn.SWITCH($G$3,"MRP (Domestic)",IFERROR(_xlfn.XLOOKUP(Summary!$D17,Domestic!$C:$C,Domestic!$AU:$AU),0),"ROW Manjari",IFERROR(_xlfn.XLOOKUP(Summary!$D17,'INT-_Manjiri'!$C:$C,'INT-_Manjiri'!$AT:$AT),0),"USA Sea",IFERROR(_xlfn.XLOOKUP(Summary!$D17,'USA-_Sea_shipment'!$C:$C,'USA-_Sea_shipment'!#REF!),0),"Amazon USA Sea",IFERROR(_xlfn.XLOOKUP(Summary!$D17,Amazon_USA_Sea!$C:$C,Amazon_USA_Sea!$AT:$AT),0),"USA Air",IFERROR(_xlfn.XLOOKUP(Summary!$D17,USA_Air_Shipment!$C:$C,USA_Air_Shipment!$AS:$AS),0),"USA Amazon",IFERROR(_xlfn.XLOOKUP(Summary!$D17,Amazon_USA_Air_Shipment!$C:$C,Amazon_USA_Air_Shipment!$AS:$AS),0),"UK",IFERROR(_xlfn.XLOOKUP(Summary!$D17,UK!$C:$C,UK!$AW:$AW),0),"MENA",IFERROR(_xlfn.XLOOKUP(Summary!$D17,MENA!$C:$C,MENA!$AS:$AS),0),Summary!BB17)} -> 13695 | U17: =IF($C$3="All",1,--(Summary!E17=$C$3)) -> 1 | Y17: =IF(Summary!E18="","",Summary!E18) -> A2 Cultured Ghee - 100 ml
B18: {=IF($A18="","",IFERROR(SUMPRODUCT(--($S$3:$S$70=$A18),$O$3:$O$70,$P$3:$P$70,$Q$3:$Q$70,$U$3:$U$70),""))} | C18: {=IF($A18="","",IFERROR(SUMPRODUCT(--($S$3:$S$70=$A18),$T$3:$T$70,$P$3:$P$70,$Q$3:$Q$70,$U$3:$U$70),""))} | D18: =IFERROR(C18/B18,"") | E18: {=IF($A18="","",IFERROR(SUMPRODUCT(--($S$3:$S$70=$A18),--($R$3:$R$70<0),$P$3:$P$70,$Q$3:$Q$70,$U$3:$U$70),""))} | F18: {=IF($A18="","",IFERROR(SUMPRODUCT(--($S$3:$S$70=$A18),--(Summary!$BK$3:$BK$70="P1 – Critical"),$P$3:$P$70,$Q$3:$Q$70,$U$3:$U$70),""))} | H18: =Summary!L2 -> USA Amazon | I18: =IFERROR(SUMPRODUCT($P$3:$P$70,$U$3:$U$70,INDEX(Summary!$G$3:$N$70,0,ROW()-12)),"") -> 735 | J18: =IFERROR(I18/SUM($I$13:$I$20),"") -> 0.0056622721 | O18: {=_xlfn.SWITCH($G$3,"MRP (Domestic)",Summary!G18,"ROW Manjari",Summary!H18,"USA Sea",Summary!I18,"Amazon USA Sea",Summary!J18,"USA Air",Summary!K18,"USA Amazon",Summary!L18,"UK",Summary!M18,"MENA",Summary!N18,Summary!O18)} -> 14077.7 | P18: =--(ISNUMBER(Summary!$A18))*--(Summary!$D18<>"") -> 1 | Q18: =IF($G$3="All",1,--(O18>0)) -> 1 | R18: =T18-O18 -> 836.3 | S18: =IF(Summary!$D18="","",Summary!B18) -> Ghee | T18: {=_xlfn.SWITCH($G$3,"MRP (Domestic)",IFERROR(_xlfn.XLOOKUP(Summary!$D18,Domestic!$C:$C,Domestic!$AU:$AU),0),"ROW Manjari",IFERROR(_xlfn.XLOOKUP(Summary!$D18,'INT-_Manjiri'!$C:$C,'INT-_Manjiri'!$AT:$AT),0),"USA Sea",IFERROR(_xlfn.XLOOKUP(Summary!$D18,'USA-_Sea_shipment'!$C:$C,'USA-_Sea_shipment'!#REF!),0),"Amazon USA Sea",IFERROR(_xlfn.XLOOKUP(Summary!$D18,Amazon_USA_Sea!$C:$C,Amazon_USA_Sea!$AT:$AT),0),"USA Air",IFERROR(_xlfn.XLOOKUP(Summary!$D18,USA_Air_Shipment!$C:$C,USA_Air_Shipment!$AS:$AS),0),"USA Amazon",IFERROR(_xlfn.XLOOKUP(Summary!$D18,Amazon_USA_Air_Shipment!$C:$C,Amazon_USA_Air_Shipment!$AS:$AS),0),"UK",IFERROR(_xlfn.XLOOKUP(Summary!$D18,UK!$C:$C,UK!$AW:$AW),0),"MENA",IFERROR(_xlfn.XLOOKUP(Summary!$D18,MENA!$C:$C,MENA!$AS:$AS),0),Summary!BB18)} -> 14914 | U18: =IF($C$3="All",1,--(Summary!E18=$C$3)) -> 1 | Y18: =IF(Summary!E19="","",Summary!E19) -> A2 Cultured Ghee - 1000 ml
H19: =Summary!M2 -> UK | I19: =IFERROR(SUMPRODUCT($P$3:$P$70,$U$3:$U$70,INDEX(Summary!$G$3:$N$70,0,ROW()-12)),"") -> 0 | J19: =IFERROR(I19/SUM($I$13:$I$20),"") -> 0 | O19: {=_xlfn.SWITCH($G$3,"MRP (Domestic)",Summary!G19,"ROW Manjari",Summary!H19,"USA Sea",Summary!I19,"Amazon USA Sea",Summary!J19,"USA Air",Summary!K19,"USA Amazon",Summary!L19,"UK",Summary!M19,"MENA",Summary!N19,Summary!O19)} -> 11040.6 | P19: =--(ISNUMBER(Summary!$A19))*--(Summary!$D19<>"") -> 1 | Q19: =IF($G$3="All",1,--(O19>0)) -> 1 | R19: =T19-O19 -> -3333.6 | S19: =IF(Summary!$D19="","",Summary!B19) -> Ghee | T19: {=_xlfn.SWITCH($G$3,"MRP (Domestic)",IFERROR(_xlfn.XLOOKUP(Summary!$D19,Domestic!$C:$C,Domestic!$AU:$AU),0),"ROW Manjari",IFERROR(_xlfn.XLOOKUP(Summary!$D19,'INT-_Manjiri'!$C:$C,'INT-_Manjiri'!$AT:$AT),0),"USA Sea",IFERROR(_xlfn.XLOOKUP(Summary!$D19,'USA-_Sea_shipment'!$C:$C,'USA-_Sea_shipment'!#REF!),0),"Amazon USA Sea",IFERROR(_xlfn.XLOOKUP(Summary!$D19,Amazon_USA_Sea!$C:$C,Amazon_USA_Sea!$AT:$AT),0),"USA Air",IFERROR(_xlfn.XLOOKUP(Summary!$D19,USA_Air_Shipment!$C:$C,USA_Air_Shipment!$AS:$AS),0),"USA Amazon",IFERROR(_xlfn.XLOOKUP(Summary!$D19,Amazon_USA_Air_Shipment!$C:$C,Amazon_USA_Air_Shipment!$AS:$AS),0),"UK",IFERROR(_xlfn.XLOOKUP(Summary!$D19,UK!$C:$C,UK!$AW:$AW),0),"MENA",IFERROR(_xlfn.XLOOKUP(Summary!$D19,MENA!$C:$C,MENA!$AS:$AS),0),Summary!BB19)} -> 7707 | U19: =IF($C$3="All",1,--(Summary!E19=$C$3)) -> 1 | Y19: =IF(Summary!E20="","",Summary!E20)
A20: KEY INSIGHTS | H20: =Summary!N2 -> MENA | I20: =IFERROR(SUMPRODUCT($P$3:$P$70,$U$3:$U$70,INDEX(Summary!$G$3:$N$70,0,ROW()-12)),"") -> 6995 | J20: =IFERROR(I20/SUM($I$13:$I$20),"") -> 0.053887882 | O20: {=_xlfn.SWITCH($G$3,"MRP (Domestic)",Summary!G20,"ROW Manjari",Summary!H20,"USA Sea",Summary!I20,"Amazon USA Sea",Summary!J20,"USA Air",Summary!K20,"USA Amazon",Summary!L20,"UK",Summary!M20,"MENA",Summary!N20,Summary!O20)} -> 129806.55 | P20: =--(ISNUMBER(Summary!$A20))*--(Summary!$D20<>"") -> 0 | Q20: =IF($G$3="All",1,--(O20>0)) -> 1 | R20: =T20-O20 -> -56692.55 | S20: =IF(Summary!$D20="","",Summary!B20) | T20: {=_xlfn.SWITCH($G$3,"MRP (Domestic)",IFERROR(_xlfn.XLOOKUP(Summary!$D20,Domestic!$C:$C,Domestic!$AU:$AU),0),"ROW Manjari",IFERROR(_xlfn.XLOOKUP(Summary!$D20,'INT-_Manjiri'!$C:$C,'INT-_Manjiri'!$AT:$AT),0),"USA Sea",IFERROR(_xlfn.XLOOKUP(Summary!$D20,'USA-_Sea_shipment'!$C:$C,'USA-_Sea_shipment'!#REF!),0),"Amazon USA Sea",IFERROR(_xlfn.XLOOKUP(Summary!$D20,Amazon_USA_Sea!$C:$C,Amazon_USA_Sea!$AT:$AT),0),"USA Air",IFERROR(_xlfn.XLOOKUP(Summary!$D20,USA_Air_Shipment!$C:$C,USA_Air_Shipment!$AS:$AS),0),"USA Amazon",IFERROR(_xlfn.XLOOKUP(Summary!$D20,Amazon_USA_Air_Shipment!$C:$C,Amazon_USA_Air_Shipment!$AS:$AS),0),"UK",IFERROR(_xlfn.XLOOKUP(Summary!$D20,UK!$C:$C,UK!$AW:$AW),0),"MENA",IFERROR(_xlfn.XLOOKUP(Summary!$D20,MENA!$C:$C,MENA!$AS:$AS),0),Summary!BB20)} -> 73114 | U20: =IF($C$3="All",1,--(Summary!E20=$C$3)) -> 1 | Y20: =IF(Summary!E21="","",Summary!E21)
A21: =IF($A$6="","No data for the current selection.","Overall fulfillment "&TEXT($E$6,"0%")&" — "&TEXT($G$6,"#,##0")&" packets pending across "&TEXT($I$6,"#,##0")&" SKUs.") -> Overall fulfillment 56% — 57,529 packets pending across 16 SKUs. | H21: Priority | I21: SKU Count | O21: {=_xlfn.SWITCH($G$3,"MRP (Domestic)",Summary!G21,"ROW Manjari",Summary!H21,"USA Sea",Summary!I21,"Amazon USA Sea",Summary!J21,"USA Air",Summary!K21,"USA Amazon",Summary!L21,"UK",Summary!M21,"MENA",Summary!N21,Summary!O21)} -> 0 | P21: =--(ISNUMBER(Summary!$A21))*--(Summary!$D21<>"") -> 0 | Q21: =IF($G$3="All",1,--(O21>0)) -> 1 | R21: =T21-O21 -> 0 | S21: =IF(Summary!$D21="","",Summary!B21) | T21: {=_xlfn.SWITCH($G$3,"MRP (Domestic)",IFERROR(_xlfn.XLOOKUP(Summary!$D21,Domestic!$C:$C,Domestic!$AU:$AU),0),"ROW Manjari",IFERROR(_xlfn.XLOOKUP(Summary!$D21,'INT-_Manjiri'!$C:$C,'INT-_Manjiri'!$AT:$AT),0),"USA Sea",IFERROR(_xlfn.XLOOKUP(Summary!$D21,'USA-_Sea_shipment'!$C:$C,'USA-_Sea_shipment'!#REF!),0),"Amazon USA Sea",IFERROR(_xlfn.XLOOKUP(Summary!$D21,Amazon_USA_Sea!$C:$C,Amazon_USA_Sea!$AT:$AT),0),"USA Air",IFERROR(_xlfn.XLOOKUP(Summary!$D21,USA_Air_Shipment!$C:$C,USA_Air_Shipment!$AS:$AS),0),"USA Amazon",IFERROR(_xlfn.XLOOKUP(Summary!$D21,Amazon_USA_Air_Shipment!$C:$C,Amazon_USA_Air_Shipment!$AS:$AS),0),"UK",IFERROR(_xlfn.XLOOKUP(Summary!$D21,UK!$C:$C,UK!$AW:$AW),0),"MENA",IFERROR(_xlfn.XLOOKUP(Summary!$D21,MENA!$C:$C,MENA!$AS:$AS),0),Summary!BB21)} -> 0 | U21: =IF($C$3="All",1,--(Summary!E21=$C$3)) -> 1 | Y21: =IF(Summary!E22="","",Summary!E22)
A22: =IF($I$6="","",TEXT($K$6,"#,##0")&" of "&TEXT($I$6,"#,##0")&" pending SKUs are P1–Critical ("&IFERROR(TEXT($K$6/$I$6,"0%"),"0%")&" of pending).") -> 13 of 16 pending SKUs are P1–Critical (81% of pending). | H22: P1 – Critical | I22: {=IFERROR(SUMPRODUCT(--(Summary!$BK$3:$BK$70=$H22),$P$3:$P$70,$Q$3:$Q$70,$U$3:$U$70),"")} -> 13 | O22: {=_xlfn.SWITCH($G$3,"MRP (Domestic)",Summary!G22,"ROW Manjari",Summary!H22,"USA Sea",Summary!I22,"Amazon USA Sea",Summary!J22,"USA Air",Summary!K22,"USA Amazon",Summary!L22,"UK",Summary!M22,"MENA",Summary!N22,Summary!O22)} -> 0 | P22: =--(ISNUMBER(Summary!$A22))*--(Summary!$D22<>"") -> 0 | Q22: =IF($G$3="All",1,--(O22>0)) -> 1 | R22: =T22-O22 -> 0 | S22: =IF(Summary!$D22="","",Summary!B22) | T22: {=_xlfn.SWITCH($G$3,"MRP (Domestic)",IFERROR(_xlfn.XLOOKUP(Summary!$D22,Domestic!$C:$C,Domestic!$AU:$AU),0),"ROW Manjari",IFERROR(_xlfn.XLOOKUP(Summary!$D22,'INT-_Manjiri'!$C:$C,'INT-_Manjiri'!$AT:$AT),0),"USA Sea",IFERROR(_xlfn.XLOOKUP(Summary!$D22,'USA-_Sea_shipment'!$C:$C,'USA-_Sea_shipment'!#REF!),0),"Amazon USA Sea",IFERROR(_xlfn.XLOOKUP(Summary!$D22,Amazon_USA_Sea!$C:$C,Amazon_USA_Sea!$AT:$AT),0),"USA Air",IFERROR(_xlfn.XLOOKUP(Summary!$D22,USA_Air_Shipment!$C:$C,USA_Air_Shipment!$AS:$AS),0),"USA Amazon",IFERROR(_xlfn.XLOOKUP(Summary!$D22,Amazon_USA_Air_Shipment!$C:$C,Amazon_USA_Air_Shipment!$AS:$AS),0),"UK",IFERROR(_xlfn.XLOOKUP(Summary!$D22,UK!$C:$C,UK!$AW:$AW),0),"MENA",IFERROR(_xlfn.XLOOKUP(Summary!$D22,MENA!$C:$C,MENA!$AS:$AS),0),Summary!BB22)} -> 0 | U22: =IF($C$3="All",1,--(Summary!E22=$C$3)) -> 1 | Y22: =IF(Summary!E23="","",Summary!E23)
A23: =IFERROR(IF($A$6="","","Biggest single gap: "&INDEX($D$28:$D$95,MATCH(MIN($G$28:$G$95),$G$28:$G$95,0))&" ("&INDEX($B$28:$B$95,MATCH(MIN($G$28:$G$95),$G$28:$G$95,0))&") — "&TEXT(-MIN($G$28:$G$95),"#,##0")&" pkt pending."),"") -> Biggest single gap: Buffalo Ghee - A2 Cultured 500ml (Ghee) — 18,586 pkt pending. | H23: P2 – High | I23: {=IFERROR(SUMPRODUCT(--(Summary!$BK$3:$BK$70=$H23),$P$3:$P$70,$Q$3:$Q$70,$U$3:$U$70),"")} -> 2 | O23: {=_xlfn.SWITCH($G$3,"MRP (Domestic)",Summary!G23,"ROW Manjari",Summary!H23,"USA Sea",Summary!I23,"Amazon USA Sea",Summary!J23,"USA Air",Summary!K23,"USA Amazon",Summary!L23,"UK",Summary!M23,"MENA",Summary!N23,Summary!O23)} -> 0 | P23: =--(ISNUMBER(Summary!$A23))*--(Summary!$D23<>"") -> 0 | Q23: =IF($G$3="All",1,--(O23>0)) -> 1 | R23: =T23-O23 -> 0 | S23: =IF(Summary!$D23="","",Summary!B23) | T23: {=_xlfn.SWITCH($G$3,"MRP (Domestic)",IFERROR(_xlfn.XLOOKUP(Summary!$D23,Domestic!$C:$C,Domestic!$AU:$AU),0),"ROW Manjari",IFERROR(_xlfn.XLOOKUP(Summary!$D23,'INT-_Manjiri'!$C:$C,'INT-_Manjiri'!$AT:$AT),0),"USA Sea",IFERROR(_xlfn.XLOOKUP(Summary!$D23,'USA-_Sea_shipment'!$C:$C,'USA-_Sea_shipment'!#REF!),0),"Amazon USA Sea",IFERROR(_xlfn.XLOOKUP(Summary!$D23,Amazon_USA_Sea!$C:$C,Amazon_USA_Sea!$AT:$AT),0),"USA Air",IFERROR(_xlfn.XLOOKUP(Summary!$D23,USA_Air_Shipment!$C:$C,USA_Air_Shipment!$AS:$AS),0),"USA Amazon",IFERROR(_xlfn.XLOOKUP(Summary!$D23,Amazon_USA_Air_Shipment!$C:$C,Amazon_USA_Air_Shipment!$AS:$AS),0),"UK",IFERROR(_xlfn.XLOOKUP(Summary!$D23,UK!$C:$C,UK!$AW:$AW),0),"MENA",IFERROR(_xlfn.XLOOKUP(Summary!$D23,MENA!$C:$C,MENA!$AS:$AS),0),Summary!BB23)} -> 0 | U23: =IF($C$3="All",1,--(Summary!E23=$C$3)) -> 1 | Y23: =IF(Summary!E24="","",Summary!E24)
A24: {=IF($A$6="","","Sections at 0% fulfillment: "&TEXT(SUMPRODUCT(--($B$13:$B$18>0),--($C$13:$C$18=0)),"0")&" of "&TEXT(COUNTA($A$13:$A$18),"0")&".")} -> Sections at 0% fulfillment: 0 of 1. | H24: P3 – Normal | I24: {=IFERROR(SUMPRODUCT(--(Summary!$BK$3:$BK$70=$H24),$P$3:$P$70,$Q$3:$Q$70,$U$3:$U$70),"")} -> 2 | O24: {=_xlfn.SWITCH($G$3,"MRP (Domestic)",Summary!G24,"ROW Manjari",Summary!H24,"USA Sea",Summary!I24,"Amazon USA Sea",Summary!J24,"USA Air",Summary!K24,"USA Amazon",Summary!L24,"UK",Summary!M24,"MENA",Summary!N24,Summary!O24)} -> 0 | P24: =--(ISNUMBER(Summary!$A24))*--(Summary!$D24<>"") -> 0 | Q24: =IF($G$3="All",1,--(O24>0)) -> 1 | R24: =T24-O24 -> 0 | S24: =IF(Summary!$D24="","",Summary!B24) | T24: {=_xlfn.SWITCH($G$3,"MRP (Domestic)",IFERROR(_xlfn.XLOOKUP(Summary!$D24,Domestic!$C:$C,Domestic!$AU:$AU),0),"ROW Manjari",IFERROR(_xlfn.XLOOKUP(Summary!$D24,'INT-_Manjiri'!$C:$C,'INT-_Manjiri'!$AT:$AT),0),"USA Sea",IFERROR(_xlfn.XLOOKUP(Summary!$D24,'USA-_Sea_shipment'!$C:$C,'USA-_Sea_shipment'!#REF!),0),"Amazon USA Sea",IFERROR(_xlfn.XLOOKUP(Summary!$D24,Amazon_USA_Sea!$C:$C,Amazon_USA_Sea!$AT:$AT),0),"USA Air",IFERROR(_xlfn.XLOOKUP(Summary!$D24,USA_Air_Shipment!$C:$C,USA_Air_Shipment!$AS:$AS),0),"USA Amazon",IFERROR(_xlfn.XLOOKUP(Summary!$D24,Amazon_USA_Air_Shipment!$C:$C,Amazon_USA_Air_Shipment!$AS:$AS),0),"UK",IFERROR(_xlfn.XLOOKUP(Summary!$D24,UK!$C:$C,UK!$AW:$AW),0),"MENA",IFERROR(_xlfn.XLOOKUP(Summary!$D24,MENA!$C:$C,MENA!$AS:$AS),0),Summary!BB24)} -> 0 | U24: =IF($C$3="All",1,--(Summary!E24=$C$3)) -> 1 | Y24: =IF(Summary!E25="","",Summary!E25)
O25: {=_xlfn.SWITCH($G$3,"MRP (Domestic)",Summary!G25,"ROW Manjari",Summary!H25,"USA Sea",Summary!I25,"Amazon USA Sea",Summary!J25,"USA Air",Summary!K25,"USA Amazon",Summary!L25,"UK",Summary!M25,"MENA",Summary!N25,Summary!O25)} -> 0 | P25: =--(ISNUMBER(Summary!$A25))*--(Summary!$D25<>"") -> 0 | Q25: =IF($G$3="All",1,--(O25>0)) -> 1 | R25: =T25-O25 -> 0 | S25: =IF(Summary!$D25="","",Summary!B25) | T25: {=_xlfn.SWITCH($G$3,"MRP (Domestic)",IFERROR(_xlfn.XLOOKUP(Summary!$D25,Domestic!$C:$C,Domestic!$AU:$AU),0),"ROW Manjari",IFERROR(_xlfn.XLOOKUP(Summary!$D25,'INT-_Manjiri'!$C:$C,'INT-_Manjiri'!$AT:$AT),0),"USA Sea",IFERROR(_xlfn.XLOOKUP(Summary!$D25,'USA-_Sea_shipment'!$C:$C,'USA-_Sea_shipment'!#REF!),0),"Amazon USA Sea",IFERROR(_xlfn.XLOOKUP(Summary!$D25,Amazon_USA_Sea!$C:$C,Amazon_USA_Sea!$AT:$AT),0),"USA Air",IFERROR(_xlfn.XLOOKUP(Summary!$D25,USA_Air_Shipment!$C:$C,USA_Air_Shipment!$AS:$AS),0),"USA Amazon",IFERROR(_xlfn.XLOOKUP(Summary!$D25,Amazon_USA_Air_Shipment!$C:$C,Amazon_USA_Air_Shipment!$AS:$AS),0),"UK",IFERROR(_xlfn.XLOOKUP(Summary!$D25,UK!$C:$C,UK!$AW:$AW),0),"MENA",IFERROR(_xlfn.XLOOKUP(Summary!$D25,MENA!$C:$C,MENA!$AS:$AS),0),Summary!BB25)} -> 0 | U25: =IF($C$3="All",1,--(Summary!E25=$C$3)) -> 1 | Y25: =IF(Summary!E26="","",Summary!E26)
A26: PENDING SKU DETAILS WITH REMARKS | O26: {=_xlfn.SWITCH($G$3,"MRP (Domestic)",Summary!G26,"ROW Manjari",Summary!H26,"USA Sea",Summary!I26,"Amazon USA Sea",Summary!J26,"USA Air",Summary!K26,"USA Amazon",Summary!L26,"UK",Summary!M26,"MENA",Summary!N26,Summary!O26)} -> 0 | P26: =--(ISNUMBER(Summary!$A26))*--(Summary!$D26<>"") -> 0 | Q26: =IF($G$3="All",1,--(O26>0)) -> 1 | R26: =T26-O26 -> 0 | S26: =IF(Summary!$D26="","",Summary!B26) | T26: {=_xlfn.SWITCH($G$3,"MRP (Domestic)",IFERROR(_xlfn.XLOOKUP(Summary!$D26,Domestic!$C:$C,Domestic!$AU:$AU),0),"ROW Manjari",IFERROR(_xlfn.XLOOKUP(Summary!$D26,'INT-_Manjiri'!$C:$C,'INT-_Manjiri'!$AT:$AT),0),"USA Sea",IFERROR(_xlfn.XLOOKUP(Summary!$D26,'USA-_Sea_shipment'!$C:$C,'USA-_Sea_shipment'!#REF!),0),"Amazon USA Sea",IFERROR(_xlfn.XLOOKUP(Summary!$D26,Amazon_USA_Sea!$C:$C,Amazon_USA_Sea!$AT:$AT),0),"USA Air",IFERROR(_xlfn.XLOOKUP(Summary!$D26,USA_Air_Shipment!$C:$C,USA_Air_Shipment!$AS:$AS),0),"USA Amazon",IFERROR(_xlfn.XLOOKUP(Summary!$D26,Amazon_USA_Air_Shipment!$C:$C,Amazon_USA_Air_Shipment!$AS:$AS),0),"UK",IFERROR(_xlfn.XLOOKUP(Summary!$D26,UK!$C:$C,UK!$AW:$AW),0),"MENA",IFERROR(_xlfn.XLOOKUP(Summary!$D26,MENA!$C:$C,MENA!$AS:$AS),0),Summary!BB26)} -> 0 | U26: =IF($C$3="All",1,--(Summary!E26=$C$3)) -> 1 | Y26: =IF(Summary!E27="","",Summary!E27)
A27: Rank | B27: Section | C27: FG Code | D27: Product | E27: Plan | F27: Produced | G27: Pending PKT | H27: Fulfillment | I27: DOH | J27: Risk | K27: Priority | L27: Remark | N27: Row idx | Z27: P1 abs pend | AA27: abs pend
A28: =IF($N28="","",ROW()-27) -> 1 | B28: {=IF($N28="","",INDEX(Summary!$B:$B,$N28))} -> Ghee | C28: {=IF($N28="","",INDEX(Summary!$D:$D,$N28))} -> FG00005 | D28: {=IF($N28="","",INDEX(Summary!$E:$E,$N28))} -> Butter/Makhan - 200 gm | E28: {=IF($N28="","",INDEX($O:$O,$N28))} -> 186 | F28: {=IF($N28="","",INDEX($T:$T,$N28))} -> 0 | G28: {=IF($N28="","",INDEX($R:$R,$N28))} -> -186 | H28: {=IF($N28="","",IFERROR(INDEX($T:$T,$N28)/INDEX($O:$O,$N28),""))} -> 0 | I28: {=IF($N28="","",INDEX(Summary!$BI:$BI,$N28))} -> 0.32258065 | J28: {=IF($N28="","",INDEX(Summary!$BJ:$BJ,$N28))} -> 10 | K28: {=IF($N28="","",INDEX(Summary!$BK:$BK,$N28))} -> P1 – Critical | L28: {=IF($N28="","",INDEX(Summary!$BG:$BG,$N28))} | N28: {=IFERROR(_xlfn.AGGREGATE(15,6,ROW(Summary!$D$3:$D$70)/(($R$3:$R$70<0)*$P$3:$P$70*$Q$3:$Q$70*$U$3:$U$70),ROW()-27),"")} -> 3 | O28: {=_xlfn.SWITCH($G$3,"MRP (Domestic)",Summary!G28,"ROW Manjari",Summary!H28,"USA Sea",Summary!I28,"Amazon USA Sea",Summary!J28,"USA Air",Summary!K28,"USA Amazon",Summary!L28,"UK",Summary!M28,"MENA",Summary!N28,Summary!O28)} -> 0 | P28: =--(ISNUMBER(Summary!$A28))*--(Summary!$D28<>"") -> 0 | Q28: =IF($G$3="All",1,--(O28>0)) -> 1 | R28: =T28-O28 -> 0 | S28: =IF(Summary!$D28="","",Summary!B28) | T28: {=_xlfn.SWITCH($G$3,"MRP (Domestic)",IFERROR(_xlfn.XLOOKUP(Summary!$D28,Domestic!$C:$C,Domestic!$AU:$AU),0),"ROW Manjari",IFERROR(_xlfn.XLOOKUP(Summary!$D28,'INT-_Manjiri'!$C:$C,'INT-_Manjiri'!$AT:$AT),0),"USA Sea",IFERROR(_xlfn.XLOOKUP(Summary!$D28,'USA-_Sea_shipment'!$C:$C,'USA-_Sea_shipment'!#REF!),0),"Amazon USA Sea",IFERROR(_xlfn.XLOOKUP(Summary!$D28,Amazon_USA_Sea!$C:$C,Amazon_USA_Sea!$AT:$AT),0),"USA Air",IFERROR(_xlfn.XLOOKUP(Summary!$D28,USA_Air_Shipment!$C:$C,USA_Air_Shipment!$AS:$AS),0),"USA Amazon",IFERROR(_xlfn.XLOOKUP(Summary!$D28,Amazon_USA_Air_Shipment!$C:$C,Amazon_USA_Air_Shipment!$AS:$AS),0),"UK",IFERROR(_xlfn.XLOOKUP(Summary!$D28,UK!$C:$C,UK!$AW:$AW),0),"MENA",IFERROR(_xlfn.XLOOKUP(Summary!$D28,MENA!$C:$C,MENA!$AS:$AS),0),Summary!BB28)} -> 0 | U28: =IF($C$3="All",1,--(Summary!E28=$C$3)) -> 1 | Y28: =IF(Summary!E29="","",Summary!E29) | Z28: =IF(AND($G28<0,ISNUMBER(SEARCH("P1",$K28))),-$G28,"") -> 186 | AA28: =IF($G28<0,-$G28,"") -> 186
A29: =IF($N29="","",ROW()-27) -> 2 | B29: {=IF($N29="","",INDEX(Summary!$B:$B,$N29))} -> Ghee | C29: {=IF($N29="","",INDEX(Summary!$D:$D,$N29))} -> FG00039 | D29: {=IF($N29="","",INDEX(Summary!$E:$E,$N29))} -> Brahmi Ghee - 250 gm | E29: {=IF($N29="","",INDEX($O:$O,$N29))} -> 253 | F29: {=IF($N29="","",INDEX($T:$T,$N29))} -> 67 | G29: {=IF($N29="","",INDEX($R:$R,$N29))} -> -186 | H29: {=IF($N29="","",IFERROR(INDEX($T:$T,$N29)/INDEX($O:$O,$N29),""))} -> 0.26482213 | I29: {=IF($N29="","",INDEX(Summary!$BI:$BI,$N29))} -> 1.3043478 | J29: {=IF($N29="","",INDEX(Summary!$BJ:$BJ,$N29))} -> 10 | K29: {=IF($N29="","",INDEX(Summary!$BK:$BK,$N29))} -> P1 – Critical | L29: {=IF($N29="","",INDEX(Summary!$BG:$BG,$N29))} -> WIP | N29: {=IFERROR(_xlfn.AGGREGATE(15,6,ROW(Summary!$D$3:$D$70)/(($R$3:$R$70<0)*$P$3:$P$70*$Q$3:$Q$70*$U$3:$U$70),ROW()-27),"")} -> 4 | O29: {=_xlfn.SWITCH($G$3,"MRP (Domestic)",Summary!G29,"ROW Manjari",Summary!H29,"USA Sea",Summary!I29,"Amazon USA Sea",Summary!J29,"USA Air",Summary!K29,"USA Amazon",Summary!L29,"UK",Summary!M29,"MENA",Summary!N29,Summary!O29)} -> 0 | P29: =--(ISNUMBER(Summary!$A29))*--(Summary!$D29<>"") -> 0 | Q29: =IF($G$3="All",1,--(O29>0)) -> 1 | R29: =T29-O29 -> 0 | S29: =IF(Summary!$D29="","",Summary!B29) | T29: {=_xlfn.SWITCH($G$3,"MRP (Domestic)",IFERROR(_xlfn.XLOOKUP(Summary!$D29,Domestic!$C:$C,Domestic!$AU:$AU),0),"ROW Manjari",IFERROR(_xlfn.XLOOKUP(Summary!$D29,'INT-_Manjiri'!$C:$C,'INT-_Manjiri'!$AT:$AT),0),"USA Sea",IFERROR(_xlfn.XLOOKUP(Summary!$D29,'USA-_Sea_shipment'!$C:$C,'USA-_Sea_shipment'!#REF!),0),"Amazon USA Sea",IFERROR(_xlfn.XLOOKUP(Summary!$D29,Amazon_USA_Sea!$C:$C,Amazon_USA_Sea!$AT:$AT),0),"USA Air",IFERROR(_xlfn.XLOOKUP(Summary!$D29,USA_Air_Shipment!$C:$C,USA_Air_Shipment!$AS:$AS),0),"USA Amazon",IFERROR(_xlfn.XLOOKUP(Summary!$D29,Amazon_USA_Air_Shipment!$C:$C,Amazon_USA_Air_Shipment!$AS:$AS),0),"UK",IFERROR(_xlfn.XLOOKUP(Summary!$D29,UK!$C:$C,UK!$AW:$AW),0),"MENA",IFERROR(_xlfn.XLOOKUP(Summary!$D29,MENA!$C:$C,MENA!$AS:$AS),0),Summary!BB29)} -> 0 | U29: =IF($C$3="All",1,--(Summary!E29=$C$3)) -> 1 | Y29: =IF(Summary!E30="","",Summary!E30) | Z29: =IF(AND($G29<0,ISNUMBER(SEARCH("P1",$K29))),-$G29,"") -> 186 | AA29: =IF($G29<0,-$G29,"") -> 186
A30: =IF($N30="","",ROW()-27) -> 3 | B30: {=IF($N30="","",INDEX(Summary!$B:$B,$N30))} -> Ghee | C30: {=IF($N30="","",INDEX(Summary!$D:$D,$N30))} -> FG00596 | D30: {=IF($N30="","",INDEX(Summary!$E:$E,$N30))} -> Tulsi Ghee - 250gm | E30: {=IF($N30="","",INDEX($O:$O,$N30))} -> 75 | F30: {=IF($N30="","",INDEX($T:$T,$N30))} -> 46 | G30: {=IF($N30="","",INDEX($R:$R,$N30))} -> -29 | H30: {=IF($N30="","",IFERROR(INDEX($T:$T,$N30)/INDEX($O:$O,$N30),""))} -> 0.61333333 | I30: {=IF($N30="","",INDEX(Summary!$BI:$BI,$N30))} -> 21.6 | J30: {=IF($N30="","",INDEX(Summary!$BJ:$BJ,$N30))} -> 3 | K30: {=IF($N30="","",INDEX(Summary!$BK:$BK,$N30))} -> P3 – Normal | L30: {=IF($N30="","",INDEX(Summary!$BG:$BG,$N30))} | N30: {=IFERROR(_xlfn.AGGREGATE(15,6,ROW(Summary!$D$3:$D$70)/(($R$3:$R$70<0)*$P$3:$P$70*$Q$3:$Q$70*$U$3:$U$70),ROW()-27),"")} -> 5 | O30: {=_xlfn.SWITCH($G$3,"MRP (Domestic)",Summary!G30,"ROW Manjari",Summary!H30,"USA Sea",Summary!I30,"Amazon USA Sea",Summary!J30,"USA Air",Summary!K30,"USA Amazon",Summary!L30,"UK",Summary!M30,"MENA",Summary!N30,Summary!O30)} -> 0 | P30: =--(ISNUMBER(Summary!$A30))*--(Summary!$D30<>"") -> 0 | Q30: =IF($G$3="All",1,--(O30>0)) -> 1 | R30: =T30-O30 -> 0 | S30: =IF(Summary!$D30="","",Summary!B30) | T30: {=_xlfn.SWITCH($G$3,"MRP (Domestic)",IFERROR(_xlfn.XLOOKUP(Summary!$D30,Domestic!$C:$C,Domestic!$AU:$AU),0),"ROW Manjari",IFERROR(_xlfn.XLOOKUP(Summary!$D30,'INT-_Manjiri'!$C:$C,'INT-_Manjiri'!$AT:$AT),0),"USA Sea",IFERROR(_xlfn.XLOOKUP(Summary!$D30,'USA-_Sea_shipment'!$C:$C,'USA-_Sea_shipment'!#REF!),0),"Amazon USA Sea",IFERROR(_xlfn.XLOOKUP(Summary!$D30,Amazon_USA_Sea!$C:$C,Amazon_USA_Sea!$AT:$AT),0),"USA Air",IFERROR(_xlfn.XLOOKUP(Summary!$D30,USA_Air_Shipment!$C:$C,USA_Air_Shipment!$AS:$AS),0),"USA Amazon",IFERROR(_xlfn.XLOOKUP(Summary!$D30,Amazon_USA_Air_Shipment!$C:$C,Amazon_USA_Air_Shipment!$AS:$AS),0),"UK",IFERROR(_xlfn.XLOOKUP(Summary!$D30,UK!$C:$C,UK!$AW:$AW),0),"MENA",IFERROR(_xlfn.XLOOKUP(Summary!$D30,MENA!$C:$C,MENA!$AS:$AS),0),Summary!BB30)} -> 0 | U30: =IF($C$3="All",1,--(Summary!E30=$C$3)) -> 1 | Y30: =IF(Summary!E31="","",Summary!E31) | Z30: =IF(AND($G30<0,ISNUMBER(SEARCH("P1",$K30))),-$G30,"") | AA30: =IF($G30<0,-$G30,"") -> 29
A31: =IF($N31="","",ROW()-27) -> 4 | B31: {=IF($N31="","",INDEX(Summary!$B:$B,$N31))} -> Ghee | C31: {=IF($N31="","",INDEX(Summary!$D:$D,$N31))} -> FG00227 | D31: {=IF($N31="","",INDEX(Summary!$E:$E,$N31))} -> Shatavari Ghee - 250 gm | E31: {=IF($N31="","",INDEX($O:$O,$N31))} -> 319 | F31: {=IF($N31="","",INDEX($T:$T,$N31))} -> 64 | G31: {=IF($N31="","",INDEX($R:$R,$N31))} -> -255 | H31: {=IF($N31="","",IFERROR(INDEX($T:$T,$N31)/INDEX($O:$O,$N31),""))} -> 0.20062696 | I31: {=IF($N31="","",INDEX(Summary!$BI:$BI,$N31))} -> 4.3260188 | J31: {=IF($N31="","",INDEX(Summary!$BJ:$BJ,$N31))} -> 10 | K31: {=IF($N31="","",INDEX(Summary!$BK:$BK,$N31))} -> P1 – Critical | L31: {=IF($N31="","",INDEX(Summary!$BG:$BG,$N31))} -> WIP | N31: {=IFERROR(_xlfn.AGGREGATE(15,6,ROW(Summary!$D$3:$D$70)/(($R$3:$R$70<0)*$P$3:$P$70*$Q$3:$Q$70*$U$3:$U$70),ROW()-27),"")} -> 6 | O31: {=_xlfn.SWITCH($G$3,"MRP (Domestic)",Summary!G31,"ROW Manjari",Summary!H31,"USA Sea",Summary!I31,"Amazon USA Sea",Summary!J31,"USA Air",Summary!K31,"USA Amazon",Summary!L31,"UK",Summary!M31,"MENA",Summary!N31,Summary!O31)} -> 0 | P31: =--(ISNUMBER(Summary!$A31))*--(Summary!$D31<>"") -> 0 | Q31: =IF($G$3="All",1,--(O31>0)) -> 1 | R31: =T31-O31 -> 0 | S31: =IF(Summary!$D31="","",Summary!B31) | T31: {=_xlfn.SWITCH($G$3,"MRP (Domestic)",IFERROR(_xlfn.XLOOKUP(Summary!$D31,Domestic!$C:$C,Domestic!$AU:$AU),0),"ROW Manjari",IFERROR(_xlfn.XLOOKUP(Summary!$D31,'INT-_Manjiri'!$C:$C,'INT-_Manjiri'!$AT:$AT),0),"USA Sea",IFERROR(_xlfn.XLOOKUP(Summary!$D31,'USA-_Sea_shipment'!$C:$C,'USA-_Sea_shipment'!#REF!),0),"Amazon USA Sea",IFERROR(_xlfn.XLOOKUP(Summary!$D31,Amazon_USA_Sea!$C:$C,Amazon_USA_Sea!$AT:$AT),0),"USA Air",IFERROR(_xlfn.XLOOKUP(Summary!$D31,USA_Air_Shipment!$C:$C,USA_Air_Shipment!$AS:$AS),0),"USA Amazon",IFERROR(_xlfn.XLOOKUP(Summary!$D31,Amazon_USA_Air_Shipment!$C:$C,Amazon_USA_Air_Shipment!$AS:$AS),0),"UK",IFERROR(_xlfn.XLOOKUP(Summary!$D31,UK!$C:$C,UK!$AW:$AW),0),"MENA",IFERROR(_xlfn.XLOOKUP(Summary!$D31,MENA!$C:$C,MENA!$AS:$AS),0),Summary!BB31)} -> 0 | U31: =IF($C$3="All",1,--(Summary!E31=$C$3)) -> 1 | Y31: =IF(Summary!E32="","",Summary!E32) | Z31: =IF(AND($G31<0,ISNUMBER(SEARCH("P1",$K31))),-$G31,"") -> 255 | AA31: =IF($G31<0,-$G31,"") -> 255
A32: =IF($N32="","",ROW()-27) -> 5 | B32: {=IF($N32="","",INDEX(Summary!$B:$B,$N32))} -> Ghee | C32: {=IF($N32="","",INDEX(Summary!$D:$D,$N32))} -> FG00265 | D32: {=IF($N32="","",INDEX(Summary!$E:$E,$N32))} -> Turmeric Ghee 250gm | E32: {=IF($N32="","",INDEX($O:$O,$N32))} -> 149 | F32: {=IF($N32="","",INDEX($T:$T,$N32))} -> 130 | G32: {=IF($N32="","",INDEX($R:$R,$N32))} -> -19 | H32: {=IF($N32="","",IFERROR(INDEX($T:$T,$N32)/INDEX($O:$O,$N32),""))} -> 0.87248322 | I32: {=IF($N32="","",INDEX(Summary!$BI:$BI,$N32))} -> 15.302013 | J32: {=IF($N32="","",INDEX(Summary!$BJ:$BJ,$N32))} -> 5 | K32: {=IF($N32="","",INDEX(Summary!$BK:$BK,$N32))} -> P3 – Normal | L32: {=IF($N32="","",INDEX(Summary!$BG:$BG,$N32))} -> WIP | N32: {=IFERROR(_xlfn.AGGREGATE(15,6,ROW(Summary!$D$3:$D$70)/(($R$3:$R$70<0)*$P$3:$P$70*$Q$3:$Q$70*$U$3:$U$70),ROW()-27),"")} -> 7 | O32: {=_xlfn.SWITCH($G$3,"MRP (Domestic)",Summary!G32,"ROW Manjari",Summary!H32,"USA Sea",Summary!I32,"Amazon USA Sea",Summary!J32,"USA Air",Summary!K32,"USA Amazon",Summary!L32,"UK",Summary!M32,"MENA",Summary!N32,Summary!O32)} -> 0 | P32: =--(ISNUMBER(Summary!$A32))*--(Summary!$D32<>"") -> 0 | Q32: =IF($G$3="All",1,--(O32>0)) -> 1 | R32: =T32-O32 -> 0 | S32: =IF(Summary!$D32="","",Summary!B32) | T32: {=_xlfn.SWITCH($G$3,"MRP (Domestic)",IFERROR(_xlfn.XLOOKUP(Summary!$D32,Domestic!$C:$C,Domestic!$AU:$AU),0),"ROW Manjari",IFERROR(_xlfn.XLOOKUP(Summary!$D32,'INT-_Manjiri'!$C:$C,'INT-_Manjiri'!$AT:$AT),0),"USA Sea",IFERROR(_xlfn.XLOOKUP(Summary!$D32,'USA-_Sea_shipment'!$C:$C,'USA-_Sea_shipment'!#REF!),0),"Amazon USA Sea",IFERROR(_xlfn.XLOOKUP(Summary!$D32,Amazon_USA_Sea!$C:$C,Amazon_USA_Sea!$AT:$AT),0),"USA Air",IFERROR(_xlfn.XLOOKUP(Summary!$D32,USA_Air_Shipment!$C:$C,USA_Air_Shipment!$AS:$AS),0),"USA Amazon",IFERROR(_xlfn.XLOOKUP(Summary!$D32,Amazon_USA_Air_Shipment!$C:$C,Amazon_USA_Air_Shipment!$AS:$AS),0),"UK",IFERROR(_xlfn.XLOOKUP(Summary!$D32,UK!$C:$C,UK!$AW:$AW),0),"MENA",IFERROR(_xlfn.XLOOKUP(Summary!$D32,MENA!$C:$C,MENA!$AS:$AS),0),Summary!BB32)} -> 0 | U32: =IF($C$3="All",1,--(Summary!E32=$C$3)) -> 1 | Y32: =IF(Summary!E33="","",Summary!E33) | Z32: =IF(AND($G32<0,ISNUMBER(SEARCH("P1",$K32))),-$G32,"") | AA32: =IF($G32<0,-$G32,"") -> 19
A33: =IF($N33="","",ROW()-27) -> 6 | B33: {=IF($N33="","",INDEX(Summary!$B:$B,$N33))} -> Ghee | C33: {=IF($N33="","",INDEX(Summary!$D:$D,$N33))} -> FG00043 | D33: {=IF($N33="","",INDEX(Summary!$E:$E,$N33))} -> Buffalo Ghee - A2 Cultured 500ml | E33: {=IF($N33="","",INDEX($O:$O,$N33))} -> 22881 | F33: {=IF($N33="","",INDEX($T:$T,$N33))} -> 4295 | G33: {=IF($N33="","",INDEX($R:$R,$N33))} -> -18586 | H33: {=IF($N33="","",IFERROR(INDEX($T:$T,$N33)/INDEX($O:$O,$N33),""))} -> 0.18771033 | I33: {=IF($N33="","",INDEX(Summary!$BI:$BI,$N33))} -> 1.2770421 | J33: {=IF($N33="","",INDEX(Summary!$BJ:$BJ,$N33))} -> 10 | K33: {=IF($N33="","",INDEX(Summary!$BK:$BK,$N33))} -> P1 – Critical | L33: {=IF($N33="","",INDEX(Summary!$BG:$BG,$N33))} -> WIP | N33: {=IFERROR(_xlfn.AGGREGATE(15,6,ROW(Summary!$D$3:$D$70)/(($R$3:$R$70<0)*$P$3:$P$70*$Q$3:$Q$70*$U$3:$U$70),ROW()-27),"")} -> 8 | O33: {=_xlfn.SWITCH($G$3,"MRP (Domestic)",Summary!G33,"ROW Manjari",Summary!H33,"USA Sea",Summary!I33,"Amazon USA Sea",Summary!J33,"USA Air",Summary!K33,"USA Amazon",Summary!L33,"UK",Summary!M33,"MENA",Summary!N33,Summary!O33)} -> 0 | P33: =--(ISNUMBER(Summary!$A33))*--(Summary!$D33<>"") -> 0 | Q33: =IF($G$3="All",1,--(O33>0)) -> 1 | R33: =T33-O33 -> 0 | S33: =IF(Summary!$D33="","",Summary!B33) | T33: {=_xlfn.SWITCH($G$3,"MRP (Domestic)",IFERROR(_xlfn.XLOOKUP(Summary!$D33,Domestic!$C:$C,Domestic!$AU:$AU),0),"ROW Manjari",IFERROR(_xlfn.XLOOKUP(Summary!$D33,'INT-_Manjiri'!$C:$C,'INT-_Manjiri'!$AT:$AT),0),"USA Sea",IFERROR(_xlfn.XLOOKUP(Summary!$D33,'USA-_Sea_shipment'!$C:$C,'USA-_Sea_shipment'!#REF!),0),"Amazon USA Sea",IFERROR(_xlfn.XLOOKUP(Summary!$D33,Amazon_USA_Sea!$C:$C,Amazon_USA_Sea!$AT:$AT),0),"USA Air",IFERROR(_xlfn.XLOOKUP(Summary!$D33,USA_Air_Shipment!$C:$C,USA_Air_Shipment!$AS:$AS),0),"USA Amazon",IFERROR(_xlfn.XLOOKUP(Summary!$D33,Amazon_USA_Air_Shipment!$C:$C,Amazon_USA_Air_Shipment!$AS:$AS),0),"UK",IFERROR(_xlfn.XLOOKUP(Summary!$D33,UK!$C:$C,UK!$AW:$AW),0),"MENA",IFERROR(_xlfn.XLOOKUP(Summary!$D33,MENA!$C:$C,MENA!$AS:$AS),0),Summary!BB33)} -> 0 | U33: =IF($C$3="All",1,--(Summary!E33=$C$3)) -> 1 | Y33: =IF(Summary!E34="","",Summary!E34) | Z33: =IF(AND($G33<0,ISNUMBER(SEARCH("P1",$K33))),-$G33,"") -> 18586 | AA33: =IF($G33<0,-$G33,"") -> 18586
A34: =IF($N34="","",ROW()-27) -> 7 | B34: {=IF($N34="","",INDEX(Summary!$B:$B,$N34))} -> Ghee | C34: {=IF($N34="","",INDEX(Summary!$D:$D,$N34))} -> FG00904 | D34: {=IF($N34="","",INDEX(Summary!$E:$E,$N34))} -> A2 Desi Cow Ghee - 500ml | E34: {=IF($N34="","",INDEX($O:$O,$N34))} -> 10468.7 | F34: {=IF($N34="","",INDEX($T:$T,$N34))} -> 3381 | G34: {=IF($N34="","",INDEX($R:$R,$N34))} -> -7087.7 | H34: {=IF($N34="","",IFERROR(INDEX($T:$T,$N34)/INDEX($O:$O,$N34),""))} -> 0.32296274 | I34: {=IF($N34="","",INDEX(Summary!$BI:$BI,$N34))} -> 2.504609 | J34: {=IF($N34="","",INDEX(Summary!$BJ:$BJ,$N34))} -> 10 | K34: {=IF($N34="","",INDEX(Summary!$BK:$BK,$N34))} -> P1 – Critical | L34: {=IF($N34="","",INDEX(Summary!$BG:$BG,$N34))} | N34: {=IFERROR(_xlfn.AGGREGATE(15,6,ROW(Summary!$D$3:$D$70)/(($R$3:$R$70<0)*$P$3:$P$70*$Q$3:$Q$70*$U$3:$U$70),ROW()-27),"")} -> 9 | O34: {=_xlfn.SWITCH($G$3,"MRP (Domestic)",Summary!G34,"ROW Manjari",Summary!H34,"USA Sea",Summary!I34,"Amazon USA Sea",Summary!J34,"USA Air",Summary!K34,"USA Amazon",Summary!L34,"UK",Summary!M34,"MENA",Summary!N34,Summary!O34)} -> 0 | P34: =--(ISNUMBER(Summary!$A34))*--(Summary!$D34<>"") -> 0 | Q34: =IF($G$3="All",1,--(O34>0)) -> 1 | R34: =T34-O34 -> 0 | S34: =IF(Summary!$D34="","",Summary!B34) | T34: {=_xlfn.SWITCH($G$3,"MRP (Domestic)",IFERROR(_xlfn.XLOOKUP(Summary!$D34,Domestic!$C:$C,Domestic!$AU:$AU),0),"ROW Manjari",IFERROR(_xlfn.XLOOKUP(Summary!$D34,'INT-_Manjiri'!$C:$C,'INT-_Manjiri'!$AT:$AT),0),"USA Sea",IFERROR(_xlfn.XLOOKUP(Summary!$D34,'USA-_Sea_shipment'!$C:$C,'USA-_Sea_shipment'!#REF!),0),"Amazon USA Sea",IFERROR(_xlfn.XLOOKUP(Summary!$D34,Amazon_USA_Sea!$C:$C,Amazon_USA_Sea!$AT:$AT),0),"USA Air",IFERROR(_xlfn.XLOOKUP(Summary!$D34,USA_Air_Shipment!$C:$C,USA_Air_Shipment!$AS:$AS),0),"USA Amazon",IFERROR(_xlfn.XLOOKUP(Summary!$D34,Amazon_USA_Air_Shipment!$C:$C,Amazon_USA_Air_Shipment!$AS:$AS),0),"UK",IFERROR(_xlfn.XLOOKUP(Summary!$D34,UK!$C:$C,UK!$AW:$AW),0),"MENA",IFERROR(_xlfn.XLOOKUP(Summary!$D34,MENA!$C:$C,MENA!$AS:$AS),0),Summary!BB34)} -> 0 | U34: =IF($C$3="All",1,--(Summary!E34=$C$3)) -> 1 | Y34: =IF(Summary!E35="","",Summary!E35) | Z34: =IF(AND($G34<0,ISNUMBER(SEARCH("P1",$K34))),-$G34,"") -> 7087.7 | AA34: =IF($G34<0,-$G34,"") -> 7087.7
A35: =IF($N35="","",ROW()-27) -> 8 | B35: {=IF($N35="","",INDEX(Summary!$B:$B,$N35))} -> Ghee | C35: {=IF($N35="","",INDEX(Summary!$D:$D,$N35))} -> FG00052 | D35: {=IF($N35="","",INDEX(Summary!$E:$E,$N35))} -> Colostrum Powder, Desi Gir Cow - 100 gm | E35: {=IF($N35="","",INDEX($O:$O,$N35))} -> 1712 | F35: {=IF($N35="","",INDEX($T:$T,$N35))} -> 913 | G35: {=IF($N35="","",INDEX($R:$R,$N35))} -> -799 | H35: {=IF($N35="","",IFERROR(INDEX($T:$T,$N35)/INDEX($O:$O,$N35),""))} -> 0.53329439 | I35: {=IF($N35="","",INDEX(Summary!$BI:$BI,$N35))} -> 2.0327103 | J35: {=IF($N35="","",INDEX(Summary!$BJ:$BJ,$N35))} -> 10 | K35: {=IF($N35="","",INDEX(Summary!$BK:$BK,$N35))} -> P1 – Critical | L35: {=IF($N35="","",INDEX(Summary!$BG:$BG,$N35))} | N35: {=IFERROR(_xlfn.AGGREGATE(15,6,ROW(Summary!$D$3:$D$70)/(($R$3:$R$70<0)*$P$3:$P$70*$Q$3:$Q$70*$U$3:$U$70),ROW()-27),"")} -> 10 | O35: {=_xlfn.SWITCH($G$3,"MRP (Domestic)",Summary!G35,"ROW Manjari",Summary!H35,"USA Sea",Summary!I35,"Amazon USA Sea",Summary!J35,"USA Air",Summary!K35,"USA Amazon",Summary!L35,"UK",Summary!M35,"MENA",Summary!N35,Summary!O35)} -> 0 | P35: =--(ISNUMBER(Summary!$A35))*--(Summary!$D35<>"") -> 0 | Q35: =IF($G$3="All",1,--(O35>0)) -> 1 | R35: =T35-O35 -> 0 | S35: =IF(Summary!$D35="","",Summary!B35) | T35: {=_xlfn.SWITCH($G$3,"MRP (Domestic)",IFERROR(_xlfn.XLOOKUP(Summary!$D35,Domestic!$C:$C,Domestic!$AU:$AU),0),"ROW Manjari",IFERROR(_xlfn.XLOOKUP(Summary!$D35,'INT-_Manjiri'!$C:$C,'INT-_Manjiri'!$AT:$AT),0),"USA Sea",IFERROR(_xlfn.XLOOKUP(Summary!$D35,'USA-_Sea_shipment'!$C:$C,'USA-_Sea_shipment'!#REF!),0),"Amazon USA Sea",IFERROR(_xlfn.XLOOKUP(Summary!$D35,Amazon_USA_Sea!$C:$C,Amazon_USA_Sea!$AT:$AT),0),"USA Air",IFERROR(_xlfn.XLOOKUP(Summary!$D35,USA_Air_Shipment!$C:$C,USA_Air_Shipment!$AS:$AS),0),"USA Amazon",IFERROR(_xlfn.XLOOKUP(Summary!$D35,Amazon_USA_Air_Shipment!$C:$C,Amazon_USA_Air_Shipment!$AS:$AS),0),"UK",IFERROR(_xlfn.XLOOKUP(Summary!$D35,UK!$C:$C,UK!$AW:$AW),0),"MENA",IFERROR(_xlfn.XLOOKUP(Summary!$D35,MENA!$C:$C,MENA!$AS:$AS),0),Summary!BB35)} -> 0 | U35: =IF($C$3="All",1,--(Summary!E35=$C$3)) -> 1 | Y35: =IF(Summary!E36="","",Summary!E36) | Z35: =IF(AND($G35<0,ISNUMBER(SEARCH("P1",$K35))),-$G35,"") -> 799 | AA35: =IF($G35<0,-$G35,"") -> 799
A36: =IF($N36="","",ROW()-27) -> 9 | B36: {=IF($N36="","",INDEX(Summary!$B:$B,$N36))} -> Ghee | C36: {=IF($N36="","",INDEX(Summary!$D:$D,$N36))} -> FG00097 | D36: {=IF($N36="","",INDEX(Summary!$E:$E,$N36))} -> Full Moon Cultured Ghee - 500 ml | E36: {=IF($N36="","",INDEX($O:$O,$N36))} -> 3303.3 | F36: {=IF($N36="","",INDEX($T:$T,$N36))} -> 1602 | G36: {=IF($N36="","",INDEX($R:$R,$N36))} -> -1701.3 | H36: {=IF($N36="","",IFERROR(INDEX($T:$T,$N36)/INDEX($O:$O,$N36),""))} -> 0.48496958 | I36: {=IF($N36="","",INDEX(Summary!$BI:$BI,$N36))} -> 8.0737444 | J36: {=IF($N36="","",INDEX(Summary!$BJ:$BJ,$N36))} -> 7 | K36: {=IF($N36="","",INDEX(Summary!$BK:$BK,$N36))} -> P2 – High | L36: {=IF($N36="","",INDEX(Summary!$BG:$BG,$N36))} -> WIP | N36: {=IFERROR(_xlfn.AGGREGATE(15,6,ROW(Summary!$D$3:$D$70)/(($R$3:$R$70<0)*$P$3:$P$70*$Q$3:$Q$70*$U$3:$U$70),ROW()-27),"")} -> 11 | O36: {=_xlfn.SWITCH($G$3,"MRP (Domestic)",Summary!G36,"ROW Manjari",Summary!H36,"USA Sea",Summary!I36,"Amazon USA Sea",Summary!J36,"USA Air",Summary!K36,"USA Amazon",Summary!L36,"UK",Summary!M36,"MENA",Summary!N36,Summary!O36)} -> 0 | P36: =--(ISNUMBER(Summary!$A36))*--(Summary!$D36<>"") -> 0 | Q36: =IF($G$3="All",1,--(O36>0)) -> 1 | R36: =T36-O36 -> 0 | S36: =IF(Summary!$D36="","",Summary!B36) | T36: {=_xlfn.SWITCH($G$3,"MRP (Domestic)",IFERROR(_xlfn.XLOOKUP(Summary!$D36,Domestic!$C:$C,Domestic!$AU:$AU),0),"ROW Manjari",IFERROR(_xlfn.XLOOKUP(Summary!$D36,'INT-_Manjiri'!$C:$C,'INT-_Manjiri'!$AT:$AT),0),"USA Sea",IFERROR(_xlfn.XLOOKUP(Summary!$D36,'USA-_Sea_shipment'!$C:$C,'USA-_Sea_shipment'!#REF!),0),"Amazon USA Sea",IFERROR(_xlfn.XLOOKUP(Summary!$D36,Amazon_USA_Sea!$C:$C,Amazon_USA_Sea!$AT:$AT),0),"USA Air",IFERROR(_xlfn.XLOOKUP(Summary!$D36,USA_Air_Shipment!$C:$C,USA_Air_Shipment!$AS:$AS),0),"USA Amazon",IFERROR(_xlfn.XLOOKUP(Summary!$D36,Amazon_USA_Air_Shipment!$C:$C,Amazon_USA_Air_Shipment!$AS:$AS),0),"UK",IFERROR(_xlfn.XLOOKUP(Summary!$D36,UK!$C:$C,UK!$AW:$AW),0),"MENA",IFERROR(_xlfn.XLOOKUP(Summary!$D36,MENA!$C:$C,MENA!$AS:$AS),0),Summary!BB36)} -> 0 | U36: =IF($C$3="All",1,--(Summary!E36=$C$3)) -> 1 | Y36: =IF(Summary!E37="","",Summary!E37) | Z36: =IF(AND($G36<0,ISNUMBER(SEARCH("P1",$K36))),-$G36,"") | AA36: =IF($G36<0,-$G36,"") -> 1701.3
A37: =IF($N37="","",ROW()-27) -> 10 | B37: {=IF($N37="","",INDEX(Summary!$B:$B,$N37))} -> Ghee | C37: {=IF($N37="","",INDEX(Summary!$D:$D,$N37))} -> FG01068 | D37: {=IF($N37="","",INDEX(Summary!$E:$E,$N37))} -> Non cultured ghee 1l | E37: {=IF($N37="","",INDEX($O:$O,$N37))} -> 6049 | F37: {=IF($N37="","",INDEX($T:$T,$N37))} -> 2331 | G37: {=IF($N37="","",INDEX($R:$R,$N37))} -> -3718 | H37: {=IF($N37="","",IFERROR(INDEX($T:$T,$N37)/INDEX($O:$O,$N37),""))} -> 0.38535295 | I37: {=IF($N37="","",INDEX(Summary!$BI:$BI,$N37))} -> 4.6668871 | J37: {=IF($N37="","",INDEX(Summary!$BJ:$BJ,$N37))} -> 10 | K37: {=IF($N37="","",INDEX(Summary!$BK:$BK,$N37))} -> P1 – Critical | L37: {=IF($N37="","",INDEX(Summary!$BG:$BG,$N37))} | N37: {=IFERROR(_xlfn.AGGREGATE(15,6,ROW(Summary!$D$3:$D$70)/(($R$3:$R$70<0)*$P$3:$P$70*$Q$3:$Q$70*$U$3:$U$70),ROW()-27),"")} -> 12 | O37: {=_xlfn.SWITCH($G$3,"MRP (Domestic)",Summary!G37,"ROW Manjari",Summary!H37,"USA Sea",Summary!I37,"Amazon USA Sea",Summary!J37,"USA Air",Summary!K37,"USA Amazon",Summary!L37,"UK",Summary!M37,"MENA",Summary!N37,Summary!O37)} -> 0 | P37: =--(ISNUMBER(Summary!$A37))*--(Summary!$D37<>"") -> 0 | Q37: =IF($G$3="All",1,--(O37>0)) -> 1 | R37: =T37-O37 -> 0 | S37: =IF(Summary!$D37="","",Summary!B37) | T37: {=_xlfn.SWITCH($G$3,"MRP (Domestic)",IFERROR(_xlfn.XLOOKUP(Summary!$D37,Domestic!$C:$C,Domestic!$AU:$AU),0),"ROW Manjari",IFERROR(_xlfn.XLOOKUP(Summary!$D37,'INT-_Manjiri'!$C:$C,'INT-_Manjiri'!$AT:$AT),0),"USA Sea",IFERROR(_xlfn.XLOOKUP(Summary!$D37,'USA-_Sea_shipment'!$C:$C,'USA-_Sea_shipment'!#REF!),0),"Amazon USA Sea",IFERROR(_xlfn.XLOOKUP(Summary!$D37,Amazon_USA_Sea!$C:$C,Amazon_USA_Sea!$AT:$AT),0),"USA Air",IFERROR(_xlfn.XLOOKUP(Summary!$D37,USA_Air_Shipment!$C:$C,USA_Air_Shipment!$AS:$AS),0),"USA Amazon",IFERROR(_xlfn.XLOOKUP(Summary!$D37,Amazon_USA_Air_Shipment!$C:$C,Amazon_USA_Air_Shipment!$AS:$AS),0),"UK",IFERROR(_xlfn.XLOOKUP(Summary!$D37,UK!$C:$C,UK!$AW:$AW),0),"MENA",IFERROR(_xlfn.XLOOKUP(Summary!$D37,MENA!$C:$C,MENA!$AS:$AS),0),Summary!BB37)} -> 0 | U37: =IF($C$3="All",1,--(Summary!E37=$C$3)) -> 1 | Y37: =IF(Summary!E38="","",Summary!E38) | Z37: =IF(AND($G37<0,ISNUMBER(SEARCH("P1",$K37))),-$G37,"") -> 3718 | AA37: =IF($G37<0,-$G37,"") -> 3718
A38: =IF($N38="","",ROW()-27) -> 11 | B38: {=IF($N38="","",INDEX(Summary!$B:$B,$N38))} -> Ghee | C38: {=IF($N38="","",INDEX(Summary!$D:$D,$N38))} -> FG00024 | D38: {=IF($N38="","",INDEX(Summary!$E:$E,$N38))} -> Ashwagandha Ghee - 250 gm | E38: {=IF($N38="","",INDEX($O:$O,$N38))} -> 309 | F38: {=IF($N38="","",INDEX($T:$T,$N38))} -> 188 | G38: {=IF($N38="","",INDEX($R:$R,$N38))} -> -121 | H38: {=IF($N38="","",IFERROR(INDEX($T:$T,$N38)/INDEX($O:$O,$N38),""))} -> 0.60841424 | I38: {=IF($N38="","",INDEX(Summary!$BI:$BI,$N38))} -> 1.9417476 | J38: {=IF($N38="","",INDEX(Summary!$BJ:$BJ,$N38))} -> 10 | K38: {=IF($N38="","",INDEX(Summary!$BK:$BK,$N38))} -> P1 – Critical | L38: {=IF($N38="","",INDEX(Summary!$BG:$BG,$N38))} -> WIP | N38: {=IFERROR(_xlfn.AGGREGATE(15,6,ROW(Summary!$D$3:$D$70)/(($R$3:$R$70<0)*$P$3:$P$70*$Q$3:$Q$70*$U$3:$U$70),ROW()-27),"")} -> 13 | O38: {=_xlfn.SWITCH($G$3,"MRP (Domestic)",Summary!G38,"ROW Manjari",Summary!H38,"USA Sea",Summary!I38,"Amazon USA Sea",Summary!J38,"USA Air",Summary!K38,"USA Amazon",Summary!L38,"UK",Summary!M38,"MENA",Summary!N38,Summary!O38)} -> 0 | P38: =--(ISNUMBER(Summary!$A38))*--(Summary!$D38<>"") -> 0 | Q38: =IF($G$3="All",1,--(O38>0)) -> 1 | R38: =T38-O38 -> 0 | S38: =IF(Summary!$D38="","",Summary!B38) | T38: {=_xlfn.SWITCH($G$3,"MRP (Domestic)",IFERROR(_xlfn.XLOOKUP(Summary!$D38,Domestic!$C:$C,Domestic!$AU:$AU),0),"ROW Manjari",IFERROR(_xlfn.XLOOKUP(Summary!$D38,'INT-_Manjiri'!$C:$C,'INT-_Manjiri'!$AT:$AT),0),"USA Sea",IFERROR(_xlfn.XLOOKUP(Summary!$D38,'USA-_Sea_shipment'!$C:$C,'USA-_Sea_shipment'!#REF!),0),"Amazon USA Sea",IFERROR(_xlfn.XLOOKUP(Summary!$D38,Amazon_USA_Sea!$C:$C,Amazon_USA_Sea!$AT:$AT),0),"USA Air",IFERROR(_xlfn.XLOOKUP(Summary!$D38,USA_Air_Shipment!$C:$C,USA_Air_Shipment!$AS:$AS),0),"USA Amazon",IFERROR(_xlfn.XLOOKUP(Summary!$D38,Amazon_USA_Air_Shipment!$C:$C,Amazon_USA_Air_Shipment!$AS:$AS),0),"UK",IFERROR(_xlfn.XLOOKUP(Summary!$D38,UK!$C:$C,UK!$AW:$AW),0),"MENA",IFERROR(_xlfn.XLOOKUP(Summary!$D38,MENA!$C:$C,MENA!$AS:$AS),0),Summary!BB38)} -> 0 | U38: =IF($C$3="All",1,--(Summary!E38=$C$3)) -> 1 | Y38: =IF(Summary!E39="","",Summary!E39) | Z38: =IF(AND($G38<0,ISNUMBER(SEARCH("P1",$K38))),-$G38,"") -> 121 | AA38: =IF($G38<0,-$G38,"") -> 121
A39: =IF($N39="","",ROW()-27) -> 12 | B39: {=IF($N39="","",INDEX(Summary!$B:$B,$N39))} -> Ghee | C39: {=IF($N39="","",INDEX(Summary!$D:$D,$N39))} -> FG00002 | D39: {=IF($N39="","",INDEX(Summary!$E:$E,$N39))} -> A2 Cultured Ghee - 500 ml | E39: {=IF($N39="","",INDEX($O:$O,$N39))} -> 37298.25 | F39: {=IF($N39="","",INDEX($T:$T,$N39))} -> 22817 | G39: {=IF($N39="","",INDEX($R:$R,$N39))} -> -14481.25 | H39: {=IF($N39="","",IFERROR(INDEX($T:$T,$N39)/INDEX($O:$O,$N39),""))} -> 0.61174452 | I39: {=IF($N39="","",INDEX(Summary!$BI:$BI,$N39))} -> 1.0319519 | J39: {=IF($N39="","",INDEX(Summary!$BJ:$BJ,$N39))} -> 10 | K39: {=IF($N39="","",INDEX(Summary!$BK:$BK,$N39))} -> P1 – Critical | L39: {=IF($N39="","",INDEX(Summary!$BG:$BG,$N39))} -> WIP | N39: {=IFERROR(_xlfn.AGGREGATE(15,6,ROW(Summary!$D$3:$D$70)/(($R$3:$R$70<0)*$P$3:$P$70*$Q$3:$Q$70*$U$3:$U$70),ROW()-27),"")} -> 14 | O39: {=_xlfn.SWITCH($G$3,"MRP (Domestic)",Summary!G39,"ROW Manjari",Summary!H39,"USA Sea",Summary!I39,"Amazon USA Sea",Summary!J39,"USA Air",Summary!K39,"USA Amazon",Summary!L39,"UK",Summary!M39,"MENA",Summary!N39,Summary!O39)} -> 0 | P39: =--(ISNUMBER(Summary!$A39))*--(Summary!$D39<>"") -> 0 | Q39: =IF($G$3="All",1,--(O39>0)) -> 1 | R39: =T39-O39 -> 0 | S39: =IF(Summary!$D39="","",Summary!B39) | T39: {=_xlfn.SWITCH($G$3,"MRP (Domestic)",IFERROR(_xlfn.XLOOKUP(Summary!$D39,Domestic!$C:$C,Domestic!$AU:$AU),0),"ROW Manjari",IFERROR(_xlfn.XLOOKUP(Summary!$D39,'INT-_Manjiri'!$C:$C,'INT-_Manjiri'!$AT:$AT),0),"USA Sea",IFERROR(_xlfn.XLOOKUP(Summary!$D39,'USA-_Sea_shipment'!$C:$C,'USA-_Sea_shipment'!#REF!),0),"Amazon USA Sea",IFERROR(_xlfn.XLOOKUP(Summary!$D39,Amazon_USA_Sea!$C:$C,Amazon_USA_Sea!$AT:$AT),0),"USA Air",IFERROR(_xlfn.XLOOKUP(Summary!$D39,USA_Air_Shipment!$C:$C,USA_Air_Shipment!$AS:$AS),0),"USA Amazon",IFERROR(_xlfn.XLOOKUP(Summary!$D39,Amazon_USA_Air_Shipment!$C:$C,Amazon_USA_Air_Shipment!$AS:$AS),0),"UK",IFERROR(_xlfn.XLOOKUP(Summary!$D39,UK!$C:$C,UK!$AW:$AW),0),"MENA",IFERROR(_xlfn.XLOOKUP(Summary!$D39,MENA!$C:$C,MENA!$AS:$AS),0),Summary!BB39)} -> 0 | U39: =IF($C$3="All",1,--(Summary!E39=$C$3)) -> 1 | Y39: =IF(Summary!E40="","",Summary!E40) | Z39: =IF(AND($G39<0,ISNUMBER(SEARCH("P1",$K39))),-$G39,"") -> 14481.25 | AA39: =IF($G39<0,-$G39,"") -> 14481.25
... A68: =IF($N68="","",ROW()-27) | B68: {=IF($N68="","",INDEX(Summary!$B:$B,$N68))} | C68: {=IF($N68="","",INDEX(Summary!$D:$D,$N68))} | D68: {=IF($N68="","",INDEX(Summary!$E:$E,$N68))} | E68: {=IF($N68="","",INDEX($O:$O,$N68))} | F68: {=IF($N68="","",INDEX($T:$T,$N68))} | G68: {=IF($N68="","",INDEX($R:$R,$N68))} | H68: {=IF($N68="","",IFERROR(INDEX($T:$T,$N68)/INDEX($O:$O,$N68),""))} | I68: {=IF($N68="","",INDEX(Summary!$BI:$BI,$N68))} | J68: {=IF($N68="","",INDEX(Summary!$BJ:$BJ,$N68))} | K68: {=IF($N68="","",INDEX(Summary!$BK:$BK,$N68))} | L68: {=IF($N68="","",INDEX(Summary!$BG:$BG,$N68))} | N68: {=IFERROR(_xlfn.AGGREGATE(15,6,ROW(Summary!$D$3:$D$70)/(($R$3:$R$70<0)*$P$3:$P$70*$Q$3:$Q$70*$U$3:$U$70),ROW()-27),"")} | O68: {=_xlfn.SWITCH($G$3,"MRP (Domestic)",Summary!G68,"ROW Manjari",Summary!H68,"USA Sea",Summary!I68,"Amazon USA Sea",Summary!J68,"USA Air",Summary!K68,"USA Amazon",Summary!L68,"UK",Summary!M68,"MENA",Summary!N68,Summary!O68)} -> 0 | P68: =--(ISNUMBER(Summary!$A68))*--(Summary!$D68<>"") -> 0 | Q68: =IF($G$3="All",1,--(O68>0)) -> 1 | R68: =T68-O68 -> 0 | S68: =IF(Summary!$D68="","",Summary!B68) | T68: {=_xlfn.SWITCH($G$3,"MRP (Domestic)",IFERROR(_xlfn.XLOOKUP(Summary!$D68,Domestic!$C:$C,Domestic!$AU:$AU),0),"ROW Manjari",IFERROR(_xlfn.XLOOKUP(Summary!$D68,'INT-_Manjiri'!$C:$C,'INT-_Manjiri'!$AT:$AT),0),"USA Sea",IFERROR(_xlfn.XLOOKUP(Summary!$D68,'USA-_Sea_shipment'!$C:$C,'USA-_Sea_shipment'!#REF!),0),"Amazon USA Sea",IFERROR(_xlfn.XLOOKUP(Summary!$D68,Amazon_USA_Sea!$C:$C,Amazon_USA_Sea!$AT:$AT),0),"USA Air",IFERROR(_xlfn.XLOOKUP(Summary!$D68,USA_Air_Shipment!$C:$C,USA_Air_Shipment!$AS:$AS),0),"USA Amazon",IFERROR(_xlfn.XLOOKUP(Summary!$D68,Amazon_USA_Air_Shipment!$C:$C,Amazon_USA_Air_Shipment!$AS:$AS),0),"UK",IFERROR(_xlfn.XLOOKUP(Summary!$D68,UK!$C:$C,UK!$AW:$AW),0),"MENA",IFERROR(_xlfn.XLOOKUP(Summary!$D68,MENA!$C:$C,MENA!$AS:$AS),0),Summary!BB68)} -> 0 | U68: =IF($C$3="All",1,--(Summary!E68=$C$3)) -> 1 | Y68: =IF(Summary!E69="","",Summary!E69) | Z68: =IF(AND($G68<0,ISNUMBER(SEARCH("P1",$K68))),-$G68,"") | AA68: =IF($G68<0,-$G68,"")
A69: =IF($N69="","",ROW()-27) | B69: {=IF($N69="","",INDEX(Summary!$B:$B,$N69))} | C69: {=IF($N69="","",INDEX(Summary!$D:$D,$N69))} | D69: {=IF($N69="","",INDEX(Summary!$E:$E,$N69))} | E69: {=IF($N69="","",INDEX($O:$O,$N69))} | F69: {=IF($N69="","",INDEX($T:$T,$N69))} | G69: {=IF($N69="","",INDEX($R:$R,$N69))} | H69: {=IF($N69="","",IFERROR(INDEX($T:$T,$N69)/INDEX($O:$O,$N69),""))} | I69: {=IF($N69="","",INDEX(Summary!$BI:$BI,$N69))} | J69: {=IF($N69="","",INDEX(Summary!$BJ:$BJ,$N69))} | K69: {=IF($N69="","",INDEX(Summary!$BK:$BK,$N69))} | L69: {=IF($N69="","",INDEX(Summary!$BG:$BG,$N69))} | N69: {=IFERROR(_xlfn.AGGREGATE(15,6,ROW(Summary!$D$3:$D$70)/(($R$3:$R$70<0)*$P$3:$P$70*$Q$3:$Q$70*$U$3:$U$70),ROW()-27),"")} | O69: {=_xlfn.SWITCH($G$3,"MRP (Domestic)",Summary!G69,"ROW Manjari",Summary!H69,"USA Sea",Summary!I69,"Amazon USA Sea",Summary!J69,"USA Air",Summary!K69,"USA Amazon",Summary!L69,"UK",Summary!M69,"MENA",Summary!N69,Summary!O69)} -> 0 | P69: =--(ISNUMBER(Summary!$A69))*--(Summary!$D69<>"") -> 0 | Q69: =IF($G$3="All",1,--(O69>0)) -> 1 | R69: =T69-O69 -> 0 | S69: =IF(Summary!$D69="","",Summary!B69) | T69: {=_xlfn.SWITCH($G$3,"MRP (Domestic)",IFERROR(_xlfn.XLOOKUP(Summary!$D69,Domestic!$C:$C,Domestic!$AU:$AU),0),"ROW Manjari",IFERROR(_xlfn.XLOOKUP(Summary!$D69,'INT-_Manjiri'!$C:$C,'INT-_Manjiri'!$AT:$AT),0),"USA Sea",IFERROR(_xlfn.XLOOKUP(Summary!$D69,'USA-_Sea_shipment'!$C:$C,'USA-_Sea_shipment'!#REF!),0),"Amazon USA Sea",IFERROR(_xlfn.XLOOKUP(Summary!$D69,Amazon_USA_Sea!$C:$C,Amazon_USA_Sea!$AT:$AT),0),"USA Air",IFERROR(_xlfn.XLOOKUP(Summary!$D69,USA_Air_Shipment!$C:$C,USA_Air_Shipment!$AS:$AS),0),"USA Amazon",IFERROR(_xlfn.XLOOKUP(Summary!$D69,Amazon_USA_Air_Shipment!$C:$C,Amazon_USA_Air_Shipment!$AS:$AS),0),"UK",IFERROR(_xlfn.XLOOKUP(Summary!$D69,UK!$C:$C,UK!$AW:$AW),0),"MENA",IFERROR(_xlfn.XLOOKUP(Summary!$D69,MENA!$C:$C,MENA!$AS:$AS),0),Summary!BB69)} -> 0 | U69: =IF($C$3="All",1,--(Summary!E69=$C$3)) -> 1 | Z69: =IF(AND($G69<0,ISNUMBER(SEARCH("P1",$K69))),-$G69,"") | AA69: =IF($G69<0,-$G69,"")
A70: =IF($N70="","",ROW()-27) | B70: {=IF($N70="","",INDEX(Summary!$B:$B,$N70))} | C70: {=IF($N70="","",INDEX(Summary!$D:$D,$N70))} | D70: {=IF($N70="","",INDEX(Summary!$E:$E,$N70))} | E70: {=IF($N70="","",INDEX($O:$O,$N70))} | F70: {=IF($N70="","",INDEX($T:$T,$N70))} | G70: {=IF($N70="","",INDEX($R:$R,$N70))} | H70: {=IF($N70="","",IFERROR(INDEX($T:$T,$N70)/INDEX($O:$O,$N70),""))} | I70: {=IF($N70="","",INDEX(Summary!$BI:$BI,$N70))} | J70: {=IF($N70="","",INDEX(Summary!$BJ:$BJ,$N70))} | K70: {=IF($N70="","",INDEX(Summary!$BK:$BK,$N70))} | L70: {=IF($N70="","",INDEX(Summary!$BG:$BG,$N70))} | N70: {=IFERROR(_xlfn.AGGREGATE(15,6,ROW(Summary!$D$3:$D$70)/(($R$3:$R$70<0)*$P$3:$P$70*$Q$3:$Q$70*$U$3:$U$70),ROW()-27),"")} | O70: {=_xlfn.SWITCH($G$3,"MRP (Domestic)",Summary!G70,"ROW Manjari",Summary!H70,"USA Sea",Summary!I70,"Amazon USA Sea",Summary!J70,"USA Air",Summary!K70,"USA Amazon",Summary!L70,"UK",Summary!M70,"MENA",Summary!N70,Summary!O70)} -> 0 | P70: =--(ISNUMBER(Summary!$A70))*--(Summary!$D70<>"") -> 0 | Q70: =IF($G$3="All",1,--(O70>0)) -> 1 | R70: =T70-O70 -> 0 | S70: =IF(Summary!$D70="","",Summary!B70) | T70: {=_xlfn.SWITCH($G$3,"MRP (Domestic)",IFERROR(_xlfn.XLOOKUP(Summary!$D70,Domestic!$C:$C,Domestic!$AU:$AU),0),"ROW Manjari",IFERROR(_xlfn.XLOOKUP(Summary!$D70,'INT-_Manjiri'!$C:$C,'INT-_Manjiri'!$AT:$AT),0),"USA Sea",IFERROR(_xlfn.XLOOKUP(Summary!$D70,'USA-_Sea_shipment'!$C:$C,'USA-_Sea_shipment'!#REF!),0),"Amazon USA Sea",IFERROR(_xlfn.XLOOKUP(Summary!$D70,Amazon_USA_Sea!$C:$C,Amazon_USA_Sea!$AT:$AT),0),"USA Air",IFERROR(_xlfn.XLOOKUP(Summary!$D70,USA_Air_Shipment!$C:$C,USA_Air_Shipment!$AS:$AS),0),"USA Amazon",IFERROR(_xlfn.XLOOKUP(Summary!$D70,Amazon_USA_Air_Shipment!$C:$C,Amazon_USA_Air_Shipment!$AS:$AS),0),"UK",IFERROR(_xlfn.XLOOKUP(Summary!$D70,UK!$C:$C,UK!$AW:$AW),0),"MENA",IFERROR(_xlfn.XLOOKUP(Summary!$D70,MENA!$C:$C,MENA!$AS:$AS),0),Summary!BB70)} -> 0 | U70: =IF($C$3="All",1,--(Summary!E70=$C$3)) -> 1 | Z70: =IF(AND($G70<0,ISNUMBER(SEARCH("P1",$K70))),-$G70,"") | AA70: =IF($G70<0,-$G70,"")
A71: =IF($N71="","",ROW()-27) | B71: {=IF($N71="","",INDEX(Summary!$B:$B,$N71))} | C71: {=IF($N71="","",INDEX(Summary!$D:$D,$N71))} | D71: {=IF($N71="","",INDEX(Summary!$E:$E,$N71))} | E71: {=IF($N71="","",INDEX($O:$O,$N71))} | F71: {=IF($N71="","",INDEX($T:$T,$N71))} | G71: {=IF($N71="","",INDEX($R:$R,$N71))} | H71: {=IF($N71="","",IFERROR(INDEX($T:$T,$N71)/INDEX($O:$O,$N71),""))} | I71: {=IF($N71="","",INDEX(Summary!$BI:$BI,$N71))} | J71: {=IF($N71="","",INDEX(Summary!$BJ:$BJ,$N71))} | K71: {=IF($N71="","",INDEX(Summary!$BK:$BK,$N71))} | L71: {=IF($N71="","",INDEX(Summary!$BG:$BG,$N71))} | N71: {=IFERROR(_xlfn.AGGREGATE(15,6,ROW(Summary!$D$3:$D$70)/(($R$3:$R$70<0)*$P$3:$P$70*$Q$3:$Q$70*$U$3:$U$70),ROW()-27),"")} | Z71: =IF(AND($G71<0,ISNUMBER(SEARCH("P1",$K71))),-$G71,"") | AA71: =IF($G71<0,-$G71,"")
A72: =IF($N72="","",ROW()-27) | B72: {=IF($N72="","",INDEX(Summary!$B:$B,$N72))} | C72: {=IF($N72="","",INDEX(Summary!$D:$D,$N72))} | D72: {=IF($N72="","",INDEX(Summary!$E:$E,$N72))} | E72: {=IF($N72="","",INDEX($O:$O,$N72))} | F72: {=IF($N72="","",INDEX($T:$T,$N72))} | G72: {=IF($N72="","",INDEX($R:$R,$N72))} | H72: {=IF($N72="","",IFERROR(INDEX($T:$T,$N72)/INDEX($O:$O,$N72),""))} | I72: {=IF($N72="","",INDEX(Summary!$BI:$BI,$N72))} | J72: {=IF($N72="","",INDEX(Summary!$BJ:$BJ,$N72))} | K72: {=IF($N72="","",INDEX(Summary!$BK:$BK,$N72))} | L72: {=IF($N72="","",INDEX(Summary!$BG:$BG,$N72))} | N72: {=IFERROR(_xlfn.AGGREGATE(15,6,ROW(Summary!$D$3:$D$70)/(($R$3:$R$70<0)*$P$3:$P$70*$Q$3:$Q$70*$U$3:$U$70),ROW()-27),"")} | Z72: =IF(AND($G72<0,ISNUMBER(SEARCH("P1",$K72))),-$G72,"") | AA72: =IF($G72<0,-$G72,"")
A73: =IF($N73="","",ROW()-27) | B73: {=IF($N73="","",INDEX(Summary!$B:$B,$N73))} | C73: {=IF($N73="","",INDEX(Summary!$D:$D,$N73))} | D73: {=IF($N73="","",INDEX(Summary!$E:$E,$N73))} | E73: {=IF($N73="","",INDEX($O:$O,$N73))} | F73: {=IF($N73="","",INDEX($T:$T,$N73))} | G73: {=IF($N73="","",INDEX($R:$R,$N73))} | H73: {=IF($N73="","",IFERROR(INDEX($T:$T,$N73)/INDEX($O:$O,$N73),""))} | I73: {=IF($N73="","",INDEX(Summary!$BI:$BI,$N73))} | J73: {=IF($N73="","",INDEX(Summary!$BJ:$BJ,$N73))} | K73: {=IF($N73="","",INDEX(Summary!$BK:$BK,$N73))} | L73: {=IF($N73="","",INDEX(Summary!$BG:$BG,$N73))} | N73: {=IFERROR(_xlfn.AGGREGATE(15,6,ROW(Summary!$D$3:$D$70)/(($R$3:$R$70<0)*$P$3:$P$70*$Q$3:$Q$70*$U$3:$U$70),ROW()-27),"")} | Z73: =IF(AND($G73<0,ISNUMBER(SEARCH("P1",$K73))),-$G73,"") | AA73: =IF($G73<0,-$G73,"")
A74: =IF($N74="","",ROW()-27) | B74: {=IF($N74="","",INDEX(Summary!$B:$B,$N74))} | C74: {=IF($N74="","",INDEX(Summary!$D:$D,$N74))} | D74: {=IF($N74="","",INDEX(Summary!$E:$E,$N74))} | E74: {=IF($N74="","",INDEX($O:$O,$N74))} | F74: {=IF($N74="","",INDEX($T:$T,$N74))} | G74: {=IF($N74="","",INDEX($R:$R,$N74))} | H74: {=IF($N74="","",IFERROR(INDEX($T:$T,$N74)/INDEX($O:$O,$N74),""))} | I74: {=IF($N74="","",INDEX(Summary!$BI:$BI,$N74))} | J74: {=IF($N74="","",INDEX(Summary!$BJ:$BJ,$N74))} | K74: {=IF($N74="","",INDEX(Summary!$BK:$BK,$N74))} | L74: {=IF($N74="","",INDEX(Summary!$BG:$BG,$N74))} | N74: {=IFERROR(_xlfn.AGGREGATE(15,6,ROW(Summary!$D$3:$D$70)/(($R$3:$R$70<0)*$P$3:$P$70*$Q$3:$Q$70*$U$3:$U$70),ROW()-27),"")} | O74: All | Z74: =IF(AND($G74<0,ISNUMBER(SEARCH("P1",$K74))),-$G74,"") | AA74: =IF($G74<0,-$G74,"")
A75: =IF($N75="","",ROW()-27) | B75: {=IF($N75="","",INDEX(Summary!$B:$B,$N75))} | C75: {=IF($N75="","",INDEX(Summary!$D:$D,$N75))} | D75: {=IF($N75="","",INDEX(Summary!$E:$E,$N75))} | E75: {=IF($N75="","",INDEX($O:$O,$N75))} | F75: {=IF($N75="","",INDEX($T:$T,$N75))} | G75: {=IF($N75="","",INDEX($R:$R,$N75))} | H75: {=IF($N75="","",IFERROR(INDEX($T:$T,$N75)/INDEX($O:$O,$N75),""))} | I75: {=IF($N75="","",INDEX(Summary!$BI:$BI,$N75))} | J75: {=IF($N75="","",INDEX(Summary!$BJ:$BJ,$N75))} | K75: {=IF($N75="","",INDEX(Summary!$BK:$BK,$N75))} | L75: {=IF($N75="","",INDEX(Summary!$BG:$BG,$N75))} | N75: {=IFERROR(_xlfn.AGGREGATE(15,6,ROW(Summary!$D$3:$D$70)/(($R$3:$R$70<0)*$P$3:$P$70*$Q$3:$Q$70*$U$3:$U$70),ROW()-27),"")} | O75: =Summary!G2 -> MRP (Domestic) | Z75: =IF(AND($G75<0,ISNUMBER(SEARCH("P1",$K75))),-$G75,"") | AA75: =IF($G75<0,-$G75,"")
A76: =IF($N76="","",ROW()-27) | B76: {=IF($N76="","",INDEX(Summary!$B:$B,$N76))} | C76: {=IF($N76="","",INDEX(Summary!$D:$D,$N76))} | D76: {=IF($N76="","",INDEX(Summary!$E:$E,$N76))} | E76: {=IF($N76="","",INDEX($O:$O,$N76))} | F76: {=IF($N76="","",INDEX($T:$T,$N76))} | G76: {=IF($N76="","",INDEX($R:$R,$N76))} | H76: {=IF($N76="","",IFERROR(INDEX($T:$T,$N76)/INDEX($O:$O,$N76),""))} | I76: {=IF($N76="","",INDEX(Summary!$BI:$BI,$N76))} | J76: {=IF($N76="","",INDEX(Summary!$BJ:$BJ,$N76))} | K76: {=IF($N76="","",INDEX(Summary!$BK:$BK,$N76))} | L76: {=IF($N76="","",INDEX(Summary!$BG:$BG,$N76))} | N76: {=IFERROR(_xlfn.AGGREGATE(15,6,ROW(Summary!$D$3:$D$70)/(($R$3:$R$70<0)*$P$3:$P$70*$Q$3:$Q$70*$U$3:$U$70),ROW()-27),"")} | O76: =Summary!H2 -> ROW Manjari | Z76: =IF(AND($G76<0,ISNUMBER(SEARCH("P1",$K76))),-$G76,"") | AA76: =IF($G76<0,-$G76,"")
A77: =IF($N77="","",ROW()-27) | B77: {=IF($N77="","",INDEX(Summary!$B:$B,$N77))} | C77: {=IF($N77="","",INDEX(Summary!$D:$D,$N77))} | D77: {=IF($N77="","",INDEX(Summary!$E:$E,$N77))} | E77: {=IF($N77="","",INDEX($O:$O,$N77))} | F77: {=IF($N77="","",INDEX($T:$T,$N77))} | G77: {=IF($N77="","",INDEX($R:$R,$N77))} | H77: {=IF($N77="","",IFERROR(INDEX($T:$T,$N77)/INDEX($O:$O,$N77),""))} | I77: {=IF($N77="","",INDEX(Summary!$BI:$BI,$N77))} | J77: {=IF($N77="","",INDEX(Summary!$BJ:$BJ,$N77))} | K77: {=IF($N77="","",INDEX(Summary!$BK:$BK,$N77))} | L77: {=IF($N77="","",INDEX(Summary!$BG:$BG,$N77))} | N77: {=IFERROR(_xlfn.AGGREGATE(15,6,ROW(Summary!$D$3:$D$70)/(($R$3:$R$70<0)*$P$3:$P$70*$Q$3:$Q$70*$U$3:$U$70),ROW()-27),"")} | O77: =Summary!I2 -> USA Sea | Z77: =IF(AND($G77<0,ISNUMBER(SEARCH("P1",$K77))),-$G77,"") | AA77: =IF($G77<0,-$G77,"")
A78: =IF($N78="","",ROW()-27) | B78: {=IF($N78="","",INDEX(Summary!$B:$B,$N78))} | C78: {=IF($N78="","",INDEX(Summary!$D:$D,$N78))} | D78: {=IF($N78="","",INDEX(Summary!$E:$E,$N78))} | E78: {=IF($N78="","",INDEX($O:$O,$N78))} | F78: {=IF($N78="","",INDEX($T:$T,$N78))} | G78: {=IF($N78="","",INDEX($R:$R,$N78))} | H78: {=IF($N78="","",IFERROR(INDEX($T:$T,$N78)/INDEX($O:$O,$N78),""))} | I78: {=IF($N78="","",INDEX(Summary!$BI:$BI,$N78))} | J78: {=IF($N78="","",INDEX(Summary!$BJ:$BJ,$N78))} | K78: {=IF($N78="","",INDEX(Summary!$BK:$BK,$N78))} | L78: {=IF($N78="","",INDEX(Summary!$BG:$BG,$N78))} | N78: {=IFERROR(_xlfn.AGGREGATE(15,6,ROW(Summary!$D$3:$D$70)/(($R$3:$R$70<0)*$P$3:$P$70*$Q$3:$Q$70*$U$3:$U$70),ROW()-27),"")} | O78: =Summary!J2 -> Amazon USA Sea | Z78: =IF(AND($G78<0,ISNUMBER(SEARCH("P1",$K78))),-$G78,"") | AA78: =IF($G78<0,-$G78,"")
A79: =IF($N79="","",ROW()-27) | B79: {=IF($N79="","",INDEX(Summary!$B:$B,$N79))} | C79: {=IF($N79="","",INDEX(Summary!$D:$D,$N79))} | D79: {=IF($N79="","",INDEX(Summary!$E:$E,$N79))} | E79: {=IF($N79="","",INDEX($O:$O,$N79))} | F79: {=IF($N79="","",INDEX($T:$T,$N79))} | G79: {=IF($N79="","",INDEX($R:$R,$N79))} | H79: {=IF($N79="","",IFERROR(INDEX($T:$T,$N79)/INDEX($O:$O,$N79),""))} | I79: {=IF($N79="","",INDEX(Summary!$BI:$BI,$N79))} | J79: {=IF($N79="","",INDEX(Summary!$BJ:$BJ,$N79))} | K79: {=IF($N79="","",INDEX(Summary!$BK:$BK,$N79))} | L79: {=IF($N79="","",INDEX(Summary!$BG:$BG,$N79))} | N79: {=IFERROR(_xlfn.AGGREGATE(15,6,ROW(Summary!$D$3:$D$70)/(($R$3:$R$70<0)*$P$3:$P$70*$Q$3:$Q$70*$U$3:$U$70),ROW()-27),"")} | O79: =Summary!K2 -> USA Air | Z79: =IF(AND($G79<0,ISNUMBER(SEARCH("P1",$K79))),-$G79,"") | AA79: =IF($G79<0,-$G79,"")
A80: =IF($N80="","",ROW()-27) | B80: {=IF($N80="","",INDEX(Summary!$B:$B,$N80))} | C80: {=IF($N80="","",INDEX(Summary!$D:$D,$N80))} | D80: {=IF($N80="","",INDEX(Summary!$E:$E,$N80))} | E80: {=IF($N80="","",INDEX($O:$O,$N80))} | F80: {=IF($N80="","",INDEX($T:$T,$N80))} | G80: {=IF($N80="","",INDEX($R:$R,$N80))} | H80: {=IF($N80="","",IFERROR(INDEX($T:$T,$N80)/INDEX($O:$O,$N80),""))} | I80: {=IF($N80="","",INDEX(Summary!$BI:$BI,$N80))} | J80: {=IF($N80="","",INDEX(Summary!$BJ:$BJ,$N80))} | K80: {=IF($N80="","",INDEX(Summary!$BK:$BK,$N80))} | L80: {=IF($N80="","",INDEX(Summary!$BG:$BG,$N80))} | N80: {=IFERROR(_xlfn.AGGREGATE(15,6,ROW(Summary!$D$3:$D$70)/(($R$3:$R$70<0)*$P$3:$P$70*$Q$3:$Q$70*$U$3:$U$70),ROW()-27),"")} | O80: =Summary!L2 -> USA Amazon | Z80: =IF(AND($G80<0,ISNUMBER(SEARCH("P1",$K80))),-$G80,"") | AA80: =IF($G80<0,-$G80,"")
A81: =IF($N81="","",ROW()-27) | B81: {=IF($N81="","",INDEX(Summary!$B:$B,$N81))} | C81: {=IF($N81="","",INDEX(Summary!$D:$D,$N81))} | D81: {=IF($N81="","",INDEX(Summary!$E:$E,$N81))} | E81: {=IF($N81="","",INDEX($O:$O,$N81))} | F81: {=IF($N81="","",INDEX($T:$T,$N81))} | G81: {=IF($N81="","",INDEX($R:$R,$N81))} | H81: {=IF($N81="","",IFERROR(INDEX($T:$T,$N81)/INDEX($O:$O,$N81),""))} | I81: {=IF($N81="","",INDEX(Summary!$BI:$BI,$N81))} | J81: {=IF($N81="","",INDEX(Summary!$BJ:$BJ,$N81))} | K81: {=IF($N81="","",INDEX(Summary!$BK:$BK,$N81))} | L81: {=IF($N81="","",INDEX(Summary!$BG:$BG,$N81))} | N81: {=IFERROR(_xlfn.AGGREGATE(15,6,ROW(Summary!$D$3:$D$70)/(($R$3:$R$70<0)*$P$3:$P$70*$Q$3:$Q$70*$U$3:$U$70),ROW()-27),"")} | O81: =Summary!M2 -> UK | Z81: =IF(AND($G81<0,ISNUMBER(SEARCH("P1",$K81))),-$G81,"") | AA81: =IF($G81<0,-$G81,"")
A82: =IF($N82="","",ROW()-27) | B82: {=IF($N82="","",INDEX(Summary!$B:$B,$N82))} | C82: {=IF($N82="","",INDEX(Summary!$D:$D,$N82))} | D82: {=IF($N82="","",INDEX(Summary!$E:$E,$N82))} | E82: {=IF($N82="","",INDEX($O:$O,$N82))} | F82: {=IF($N82="","",INDEX($T:$T,$N82))} | G82: {=IF($N82="","",INDEX($R:$R,$N82))} | H82: {=IF($N82="","",IFERROR(INDEX($T:$T,$N82)/INDEX($O:$O,$N82),""))} | I82: {=IF($N82="","",INDEX(Summary!$BI:$BI,$N82))} | J82: {=IF($N82="","",INDEX(Summary!$BJ:$BJ,$N82))} | K82: {=IF($N82="","",INDEX(Summary!$BK:$BK,$N82))} | L82: {=IF($N82="","",INDEX(Summary!$BG:$BG,$N82))} | N82: {=IFERROR(_xlfn.AGGREGATE(15,6,ROW(Summary!$D$3:$D$70)/(($R$3:$R$70<0)*$P$3:$P$70*$Q$3:$Q$70*$U$3:$U$70),ROW()-27),"")} | O82: =Summary!N2 -> MENA | Z82: =IF(AND($G82<0,ISNUMBER(SEARCH("P1",$K82))),-$G82,"") | AA82: =IF($G82<0,-$G82,"")
A83: =IF($N83="","",ROW()-27) | B83: {=IF($N83="","",INDEX(Summary!$B:$B,$N83))} | C83: {=IF($N83="","",INDEX(Summary!$D:$D,$N83))} | D83: {=IF($N83="","",INDEX(Summary!$E:$E,$N83))} | E83: {=IF($N83="","",INDEX($O:$O,$N83))} | F83: {=IF($N83="","",INDEX($T:$T,$N83))} | G83: {=IF($N83="","",INDEX($R:$R,$N83))} | H83: {=IF($N83="","",IFERROR(INDEX($T:$T,$N83)/INDEX($O:$O,$N83),""))} | I83: {=IF($N83="","",INDEX(Summary!$BI:$BI,$N83))} | J83: {=IF($N83="","",INDEX(Summary!$BJ:$BJ,$N83))} | K83: {=IF($N83="","",INDEX(Summary!$BK:$BK,$N83))} | L83: {=IF($N83="","",INDEX(Summary!$BG:$BG,$N83))} | N83: {=IFERROR(_xlfn.AGGREGATE(15,6,ROW(Summary!$D$3:$D$70)/(($R$3:$R$70<0)*$P$3:$P$70*$Q$3:$Q$70*$U$3:$U$70),ROW()-27),"")} | Z83: =IF(AND($G83<0,ISNUMBER(SEARCH("P1",$K83))),-$G83,"") | AA83: =IF($G83<0,-$G83,"")
A84: =IF($N84="","",ROW()-27) | B84: {=IF($N84="","",INDEX(Summary!$B:$B,$N84))} | C84: {=IF($N84="","",INDEX(Summary!$D:$D,$N84))} | D84: {=IF($N84="","",INDEX(Summary!$E:$E,$N84))} | E84: {=IF($N84="","",INDEX($O:$O,$N84))} | F84: {=IF($N84="","",INDEX($T:$T,$N84))} | G84: {=IF($N84="","",INDEX($R:$R,$N84))} | H84: {=IF($N84="","",IFERROR(INDEX($T:$T,$N84)/INDEX($O:$O,$N84),""))} | I84: {=IF($N84="","",INDEX(Summary!$BI:$BI,$N84))} | J84: {=IF($N84="","",INDEX(Summary!$BJ:$BJ,$N84))} | K84: {=IF($N84="","",INDEX(Summary!$BK:$BK,$N84))} | L84: {=IF($N84="","",INDEX(Summary!$BG:$BG,$N84))} | N84: {=IFERROR(_xlfn.AGGREGATE(15,6,ROW(Summary!$D$3:$D$70)/(($R$3:$R$70<0)*$P$3:$P$70*$Q$3:$Q$70*$U$3:$U$70),ROW()-27),"")} | Z84: =IF(AND($G84<0,ISNUMBER(SEARCH("P1",$K84))),-$G84,"") | AA84: =IF($G84<0,-$G84,"")
A85: =IF($N85="","",ROW()-27) | B85: {=IF($N85="","",INDEX(Summary!$B:$B,$N85))} | C85: {=IF($N85="","",INDEX(Summary!$D:$D,$N85))} | D85: {=IF($N85="","",INDEX(Summary!$E:$E,$N85))} | E85: {=IF($N85="","",INDEX($O:$O,$N85))} | F85: {=IF($N85="","",INDEX($T:$T,$N85))} | G85: {=IF($N85="","",INDEX($R:$R,$N85))} | H85: {=IF($N85="","",IFERROR(INDEX($T:$T,$N85)/INDEX($O:$O,$N85),""))} | I85: {=IF($N85="","",INDEX(Summary!$BI:$BI,$N85))} | J85: {=IF($N85="","",INDEX(Summary!$BJ:$BJ,$N85))} | K85: {=IF($N85="","",INDEX(Summary!$BK:$BK,$N85))} | L85: {=IF($N85="","",INDEX(Summary!$BG:$BG,$N85))} | N85: {=IFERROR(_xlfn.AGGREGATE(15,6,ROW(Summary!$D$3:$D$70)/(($R$3:$R$70<0)*$P$3:$P$70*$Q$3:$Q$70*$U$3:$U$70),ROW()-27),"")} | Z85: =IF(AND($G85<0,ISNUMBER(SEARCH("P1",$K85))),-$G85,"") | AA85: =IF($G85<0,-$G85,"")
A86: =IF($N86="","",ROW()-27) | B86: {=IF($N86="","",INDEX(Summary!$B:$B,$N86))} | C86: {=IF($N86="","",INDEX(Summary!$D:$D,$N86))} | D86: {=IF($N86="","",INDEX(Summary!$E:$E,$N86))} | E86: {=IF($N86="","",INDEX($O:$O,$N86))} | F86: {=IF($N86="","",INDEX($T:$T,$N86))} | G86: {=IF($N86="","",INDEX($R:$R,$N86))} | H86: {=IF($N86="","",IFERROR(INDEX($T:$T,$N86)/INDEX($O:$O,$N86),""))} | I86: {=IF($N86="","",INDEX(Summary!$BI:$BI,$N86))} | J86: {=IF($N86="","",INDEX(Summary!$BJ:$BJ,$N86))} | K86: {=IF($N86="","",INDEX(Summary!$BK:$BK,$N86))} | L86: {=IF($N86="","",INDEX(Summary!$BG:$BG,$N86))} | N86: {=IFERROR(_xlfn.AGGREGATE(15,6,ROW(Summary!$D$3:$D$70)/(($R$3:$R$70<0)*$P$3:$P$70*$Q$3:$Q$70*$U$3:$U$70),ROW()-27),"")} | Z86: =IF(AND($G86<0,ISNUMBER(SEARCH("P1",$K86))),-$G86,"") | AA86: =IF($G86<0,-$G86,"")
A87: =IF($N87="","",ROW()-27) | B87: {=IF($N87="","",INDEX(Summary!$B:$B,$N87))} | C87: {=IF($N87="","",INDEX(Summary!$D:$D,$N87))} | D87: {=IF($N87="","",INDEX(Summary!$E:$E,$N87))} | E87: {=IF($N87="","",INDEX($O:$O,$N87))} | F87: {=IF($N87="","",INDEX($T:$T,$N87))} | G87: {=IF($N87="","",INDEX($R:$R,$N87))} | H87: {=IF($N87="","",IFERROR(INDEX($T:$T,$N87)/INDEX($O:$O,$N87),""))} | I87: {=IF($N87="","",INDEX(Summary!$BI:$BI,$N87))} | J87: {=IF($N87="","",INDEX(Summary!$BJ:$BJ,$N87))} | K87: {=IF($N87="","",INDEX(Summary!$BK:$BK,$N87))} | L87: {=IF($N87="","",INDEX(Summary!$BG:$BG,$N87))} | N87: {=IFERROR(_xlfn.AGGREGATE(15,6,ROW(Summary!$D$3:$D$70)/(($R$3:$R$70<0)*$P$3:$P$70*$Q$3:$Q$70*$U$3:$U$70),ROW()-27),"")} | Z87: =IF(AND($G87<0,ISNUMBER(SEARCH("P1",$K87))),-$G87,"") | AA87: =IF($G87<0,-$G87,"")
A88: =IF($N88="","",ROW()-27) | B88: {=IF($N88="","",INDEX(Summary!$B:$B,$N88))} | C88: {=IF($N88="","",INDEX(Summary!$D:$D,$N88))} | D88: {=IF($N88="","",INDEX(Summary!$E:$E,$N88))} | E88: {=IF($N88="","",INDEX($O:$O,$N88))} | F88: {=IF($N88="","",INDEX($T:$T,$N88))} | G88: {=IF($N88="","",INDEX($R:$R,$N88))} | H88: {=IF($N88="","",IFERROR(INDEX($T:$T,$N88)/INDEX($O:$O,$N88),""))} | I88: {=IF($N88="","",INDEX(Summary!$BI:$BI,$N88))} | J88: {=IF($N88="","",INDEX(Summary!$BJ:$BJ,$N88))} | K88: {=IF($N88="","",INDEX(Summary!$BK:$BK,$N88))} | L88: {=IF($N88="","",INDEX(Summary!$BG:$BG,$N88))} | N88: {=IFERROR(_xlfn.AGGREGATE(15,6,ROW(Summary!$D$3:$D$70)/(($R$3:$R$70<0)*$P$3:$P$70*$Q$3:$Q$70*$U$3:$U$70),ROW()-27),"")} | Z88: =IF(AND($G88<0,ISNUMBER(SEARCH("P1",$K88))),-$G88,"") | AA88: =IF($G88<0,-$G88,"")
A89: =IF($N89="","",ROW()-27) | B89: {=IF($N89="","",INDEX(Summary!$B:$B,$N89))} | C89: {=IF($N89="","",INDEX(Summary!$D:$D,$N89))} | D89: {=IF($N89="","",INDEX(Summary!$E:$E,$N89))} | E89: {=IF($N89="","",INDEX($O:$O,$N89))} | F89: {=IF($N89="","",INDEX($T:$T,$N89))} | G89: {=IF($N89="","",INDEX($R:$R,$N89))} | H89: {=IF($N89="","",IFERROR(INDEX($T:$T,$N89)/INDEX($O:$O,$N89),""))} | I89: {=IF($N89="","",INDEX(Summary!$BI:$BI,$N89))} | J89: {=IF($N89="","",INDEX(Summary!$BJ:$BJ,$N89))} | K89: {=IF($N89="","",INDEX(Summary!$BK:$BK,$N89))} | L89: {=IF($N89="","",INDEX(Summary!$BG:$BG,$N89))} | N89: {=IFERROR(_xlfn.AGGREGATE(15,6,ROW(Summary!$D$3:$D$70)/(($R$3:$R$70<0)*$P$3:$P$70*$Q$3:$Q$70*$U$3:$U$70),ROW()-27),"")} | Z89: =IF(AND($G89<0,ISNUMBER(SEARCH("P1",$K89))),-$G89,"") | AA89: =IF($G89<0,-$G89,"")
A90: =IF($N90="","",ROW()-27) | B90: {=IF($N90="","",INDEX(Summary!$B:$B,$N90))} | C90: {=IF($N90="","",INDEX(Summary!$D:$D,$N90))} | D90: {=IF($N90="","",INDEX(Summary!$E:$E,$N90))} | E90: {=IF($N90="","",INDEX($O:$O,$N90))} | F90: {=IF($N90="","",INDEX($T:$T,$N90))} | G90: {=IF($N90="","",INDEX($R:$R,$N90))} | H90: {=IF($N90="","",IFERROR(INDEX($T:$T,$N90)/INDEX($O:$O,$N90),""))} | I90: {=IF($N90="","",INDEX(Summary!$BI:$BI,$N90))} | J90: {=IF($N90="","",INDEX(Summary!$BJ:$BJ,$N90))} | K90: {=IF($N90="","",INDEX(Summary!$BK:$BK,$N90))} | L90: {=IF($N90="","",INDEX(Summary!$BG:$BG,$N90))} | N90: {=IFERROR(_xlfn.AGGREGATE(15,6,ROW(Summary!$D$3:$D$70)/(($R$3:$R$70<0)*$P$3:$P$70*$Q$3:$Q$70*$U$3:$U$70),ROW()-27),"")} | Z90: =IF(AND($G90<0,ISNUMBER(SEARCH("P1",$K90))),-$G90,"") | AA90: =IF($G90<0,-$G90,"")
A91: =IF($N91="","",ROW()-27) | B91: {=IF($N91="","",INDEX(Summary!$B:$B,$N91))} | C91: {=IF($N91="","",INDEX(Summary!$D:$D,$N91))} | D91: {=IF($N91="","",INDEX(Summary!$E:$E,$N91))} | E91: {=IF($N91="","",INDEX($O:$O,$N91))} | F91: {=IF($N91="","",INDEX($T:$T,$N91))} | G91: {=IF($N91="","",INDEX($R:$R,$N91))} | H91: {=IF($N91="","",IFERROR(INDEX($T:$T,$N91)/INDEX($O:$O,$N91),""))} | I91: {=IF($N91="","",INDEX(Summary!$BI:$BI,$N91))} | J91: {=IF($N91="","",INDEX(Summary!$BJ:$BJ,$N91))} | K91: {=IF($N91="","",INDEX(Summary!$BK:$BK,$N91))} | L91: {=IF($N91="","",INDEX(Summary!$BG:$BG,$N91))} | N91: {=IFERROR(_xlfn.AGGREGATE(15,6,ROW(Summary!$D$3:$D$70)/(($R$3:$R$70<0)*$P$3:$P$70*$Q$3:$Q$70*$U$3:$U$70),ROW()-27),"")} | Z91: =IF(AND($G91<0,ISNUMBER(SEARCH("P1",$K91))),-$G91,"") | AA91: =IF($G91<0,-$G91,"")
A92: =IF($N92="","",ROW()-27) | B92: {=IF($N92="","",INDEX(Summary!$B:$B,$N92))} | C92: {=IF($N92="","",INDEX(Summary!$D:$D,$N92))} | D92: {=IF($N92="","",INDEX(Summary!$E:$E,$N92))} | E92: {=IF($N92="","",INDEX($O:$O,$N92))} | F92: {=IF($N92="","",INDEX($T:$T,$N92))} | G92: {=IF($N92="","",INDEX($R:$R,$N92))} | H92: {=IF($N92="","",IFERROR(INDEX($T:$T,$N92)/INDEX($O:$O,$N92),""))} | I92: {=IF($N92="","",INDEX(Summary!$BI:$BI,$N92))} | J92: {=IF($N92="","",INDEX(Summary!$BJ:$BJ,$N92))} | K92: {=IF($N92="","",INDEX(Summary!$BK:$BK,$N92))} | L92: {=IF($N92="","",INDEX(Summary!$BG:$BG,$N92))} | N92: {=IFERROR(_xlfn.AGGREGATE(15,6,ROW(Summary!$D$3:$D$70)/(($R$3:$R$70<0)*$P$3:$P$70*$Q$3:$Q$70*$U$3:$U$70),ROW()-27),"")} | Z92: =IF(AND($G92<0,ISNUMBER(SEARCH("P1",$K92))),-$G92,"") | AA92: =IF($G92<0,-$G92,"")
A93: =IF($N93="","",ROW()-27) | B93: {=IF($N93="","",INDEX(Summary!$B:$B,$N93))} | C93: {=IF($N93="","",INDEX(Summary!$D:$D,$N93))} | D93: {=IF($N93="","",INDEX(Summary!$E:$E,$N93))} | E93: {=IF($N93="","",INDEX($O:$O,$N93))} | F93: {=IF($N93="","",INDEX($T:$T,$N93))} | G93: {=IF($N93="","",INDEX($R:$R,$N93))} | H93: {=IF($N93="","",IFERROR(INDEX($T:$T,$N93)/INDEX($O:$O,$N93),""))} | I93: {=IF($N93="","",INDEX(Summary!$BI:$BI,$N93))} | J93: {=IF($N93="","",INDEX(Summary!$BJ:$BJ,$N93))} | K93: {=IF($N93="","",INDEX(Summary!$BK:$BK,$N93))} | L93: {=IF($N93="","",INDEX(Summary!$BG:$BG,$N93))} | N93: {=IFERROR(_xlfn.AGGREGATE(15,6,ROW(Summary!$D$3:$D$70)/(($R$3:$R$70<0)*$P$3:$P$70*$Q$3:$Q$70*$U$3:$U$70),ROW()-27),"")} | Z93: =IF(AND($G93<0,ISNUMBER(SEARCH("P1",$K93))),-$G93,"") | AA93: =IF($G93<0,-$G93,"")
A94: =IF($N94="","",ROW()-27) | B94: {=IF($N94="","",INDEX(Summary!$B:$B,$N94))} | C94: {=IF($N94="","",INDEX(Summary!$D:$D,$N94))} | D94: {=IF($N94="","",INDEX(Summary!$E:$E,$N94))} | E94: {=IF($N94="","",INDEX($O:$O,$N94))} | F94: {=IF($N94="","",INDEX($T:$T,$N94))} | G94: {=IF($N94="","",INDEX($R:$R,$N94))} | H94: {=IF($N94="","",IFERROR(INDEX($T:$T,$N94)/INDEX($O:$O,$N94),""))} | I94: {=IF($N94="","",INDEX(Summary!$BI:$BI,$N94))} | J94: {=IF($N94="","",INDEX(Summary!$BJ:$BJ,$N94))} | K94: {=IF($N94="","",INDEX(Summary!$BK:$BK,$N94))} | L94: {=IF($N94="","",INDEX(Summary!$BG:$BG,$N94))} | N94: {=IFERROR(_xlfn.AGGREGATE(15,6,ROW(Summary!$D$3:$D$70)/(($R$3:$R$70<0)*$P$3:$P$70*$Q$3:$Q$70*$U$3:$U$70),ROW()-27),"")} | Z94: =IF(AND($G94<0,ISNUMBER(SEARCH("P1",$K94))),-$G94,"") | AA94: =IF($G94<0,-$G94,"")
A95: =IF($N95="","",ROW()-27) | B95: {=IF($N95="","",INDEX(Summary!$B:$B,$N95))} | C95: {=IF($N95="","",INDEX(Summary!$D:$D,$N95))} | D95: {=IF($N95="","",INDEX(Summary!$E:$E,$N95))} | E95: {=IF($N95="","",INDEX($O:$O,$N95))} | F95: {=IF($N95="","",INDEX($T:$T,$N95))} | G95: {=IF($N95="","",INDEX($R:$R,$N95))} | H95: {=IF($N95="","",IFERROR(INDEX($T:$T,$N95)/INDEX($O:$O,$N95),""))} | I95: {=IF($N95="","",INDEX(Summary!$BI:$BI,$N95))} | J95: {=IF($N95="","",INDEX(Summary!$BJ:$BJ,$N95))} | K95: {=IF($N95="","",INDEX(Summary!$BK:$BK,$N95))} | L95: {=IF($N95="","",INDEX(Summary!$BG:$BG,$N95))} | N95: {=IFERROR(_xlfn.AGGREGATE(15,6,ROW(Summary!$D$3:$D$70)/(($R$3:$R$70<0)*$P$3:$P$70*$Q$3:$Q$70*$U$3:$U$70),ROW()-27),"")} | Z95: =IF(AND($G95<0,ISNUMBER(SEARCH("P1",$K95))),-$G95,"") | AA95: =IF($G95<0,-$G95,"")
A98: PRODUCTION TRACKING & VISUALS | AC98: Section | AD98: Plan | AE98: Produced | AH98: Section | AI98: Fulfillment
AC99: =IF($A13="","",$A13) -> Ghee | AD99: =IF($A13="",NA(),$B13) -> 129806.55 | AE99: =IF($A13="",NA(),$C13) -> 73114 | AH99: =IF($A13="","",$A13) -> Ghee | AI99: =IF($A13="",NA(),$D13) -> 0.56325355
A100: PACE TO PLAN | AC100: =IF($A14="","",$A14) | AD100: =IF($A14="",NA(),$B14) -> #N/A | AE100: =IF($A14="",NA(),$C14) -> #N/A | AH100: =IF($A14="","",$A14) | AI100: =IF($A14="",NA(),$D14) -> #N/A
A101: Days in period | C101: 30 | AC101: =IF($A15="","",$A15) | AD101: =IF($A15="",NA(),$B15) -> #N/A | AE101: =IF($A15="",NA(),$C15) -> #N/A | AH101: =IF($A15="","",$A15) | AI101: =IF($A15="",NA(),$D15) -> #N/A
A102: Days elapsed (to today) | C102: 30 | AC102: =IF($A16="","",$A16) | AD102: =IF($A16="",NA(),$B16) -> #N/A | AE102: =IF($A16="",NA(),$C16) -> #N/A | AH102: =IF($A16="","",$A16) | AI102: =IF($A16="",NA(),$D16) -> #N/A
A103: Days remaining | C103: =MAX(C101-C102,0) -> 0 | AC103: =IF($A17="","",$A17) | AD103: =IF($A17="",NA(),$B17) -> #N/A | AE103: =IF($A17="",NA(),$C17) -> #N/A | AH103: =IF($A17="","",$A17) | AI103: =IF($A17="",NA(),$D17) -> #N/A
A104: Plan (packets) | C104: =$A$6 -> 129806.55 | AC104: =IF($A18="","",$A18) | AD104: =IF($A18="",NA(),$B18) -> #N/A | AE104: =IF($A18="",NA(),$C18) -> #N/A | AH104: =IF($A18="","",$A18) | AI104: =IF($A18="",NA(),$D18) -> #N/A
A105: Produced to date | C105: =$C$6 -> 73114
A106: Remaining to produce | C106: =MAX($A$6-$C$6,0) -> 56692.55
A107: Current run-rate /day | C107: =IFERROR($C$6/C102,0) -> 2437.1333 | AC107: Product | AD107: Pending PKT
A108: Required run-rate /day | C108: =IFERROR(C106/C103,0) -> 0 | AC108: =IFERROR(INDEX($D$28:$D$95,MATCH(LARGE($AA$28:$AA$95,ROW()-107),$AA$28:$AA$95,0)),"") -> Buffalo Ghee - A2 Cultured 500ml | AD108: =IFERROR(LARGE($AA$28:$AA$95,ROW()-107),"") -> 18586
A109: Projected month-end (packets) | C109: =C107*C101 -> 73114 | AC109: =IFERROR(INDEX($D$28:$D$95,MATCH(LARGE($AA$28:$AA$95,ROW()-107),$AA$28:$AA$95,0)),"") -> A2 Cultured Ghee - 500 ml | AD109: =IFERROR(LARGE($AA$28:$AA$95,ROW()-107),"") -> 14481.25
A110: Projected fulfillment % | C110: =IFERROR(C109/$A$6,0) -> 0.56325355 | AC110: =IFERROR(INDEX($D$28:$D$95,MATCH(LARGE($AA$28:$AA$95,ROW()-107),$AA$28:$AA$95,0)),"") -> A2 Desi Cow Ghee - 500ml | AD110: =IFERROR(LARGE($AA$28:$AA$95,ROW()-107),"") -> 7087.7
A111: Status | C111: =IF($A$6="","-",IF(C107>=C108,"ON TRACK","BEHIND")) -> ON TRACK | AC111: =IFERROR(INDEX($D$28:$D$95,MATCH(LARGE($AA$28:$AA$95,ROW()-107),$AA$28:$AA$95,0)),"") -> A2 Cultured Ghee - 250 ml | AD111: =IFERROR(LARGE($AA$28:$AA$95,ROW()-107),"") -> 6541.7
AC112: =IFERROR(INDEX($D$28:$D$95,MATCH(LARGE($AA$28:$AA$95,ROW()-107),$AA$28:$AA$95,0)),"") -> Non cultured ghee 1l | AD112: =IFERROR(LARGE($AA$28:$AA$95,ROW()-107),"") -> 3718
AC113: =IFERROR(INDEX($D$28:$D$95,MATCH(LARGE($AA$28:$AA$95,ROW()-107),$AA$28:$AA$95,0)),"") -> A2 Cultured Ghee - 1000 ml | AD113: =IFERROR(LARGE($AA$28:$AA$95,ROW()-107),"") -> 3333.6
A114: FOCUS TODAY — TOP CRITICAL PENDING | AC114: =IFERROR(INDEX($D$28:$D$95,MATCH(LARGE($AA$28:$AA$95,ROW()-107),$AA$28:$AA$95,0)),"") -> Full Moon Cultured Ghee - 500 ml | AD114: =IFERROR(LARGE($AA$28:$AA$95,ROW()-107),"") -> 1701.3
A115: Product | C115: Section | D115: Pending PKT | AC115: =IFERROR(INDEX($D$28:$D$95,MATCH(LARGE($AA$28:$AA$95,ROW()-107),$AA$28:$AA$95,0)),"") -> Colostrum Powder, Desi Gir Cow - 100 gm | AD115: =IFERROR(LARGE($AA$28:$AA$95,ROW()-107),"") -> 799
A116: =IFERROR(INDEX($D$28:$D$95,MATCH(LARGE($Z$28:$Z$95,ROW()-115),$Z$28:$Z$95,0)),"") -> Buffalo Ghee - A2 Cultured 500ml | C116: =IFERROR(INDEX($B$28:$B$95,MATCH(LARGE($Z$28:$Z$95,ROW()-115),$Z$28:$Z$95,0)),"") -> Ghee | D116: =IFERROR(LARGE($Z$28:$Z$95,ROW()-115),"") -> 18586 | AC116: =IFERROR(INDEX($D$28:$D$95,MATCH(LARGE($AA$28:$AA$95,ROW()-107),$AA$28:$AA$95,0)),"") -> A2 Cultured Ghee - 5 Ltr | AD116: =IFERROR(LARGE($AA$28:$AA$95,ROW()-107),"") -> 441.25
A117: =IFERROR(INDEX($D$28:$D$95,MATCH(LARGE($Z$28:$Z$95,ROW()-115),$Z$28:$Z$95,0)),"") -> A2 Cultured Ghee - 500 ml | C117: =IFERROR(INDEX($B$28:$B$95,MATCH(LARGE($Z$28:$Z$95,ROW()-115),$Z$28:$Z$95,0)),"") -> Ghee | D117: =IFERROR(LARGE($Z$28:$Z$95,ROW()-115),"") -> 14481.25 | AC117: =IFERROR(INDEX($D$28:$D$95,MATCH(LARGE($AA$28:$AA$95,ROW()-107),$AA$28:$AA$95,0)),"") -> Shatavari Ghee - 250 gm | AD117: =IFERROR(LARGE($AA$28:$AA$95,ROW()-107),"") -> 255
A118: =IFERROR(INDEX($D$28:$D$95,MATCH(LARGE($Z$28:$Z$95,ROW()-115),$Z$28:$Z$95,0)),"") -> A2 Desi Cow Ghee - 500ml | C118: =IFERROR(INDEX($B$28:$B$95,MATCH(LARGE($Z$28:$Z$95,ROW()-115),$Z$28:$Z$95,0)),"") -> Ghee | D118: =IFERROR(LARGE($Z$28:$Z$95,ROW()-115),"") -> 7087.7
A119: =IFERROR(INDEX($D$28:$D$95,MATCH(LARGE($Z$28:$Z$95,ROW()-115),$Z$28:$Z$95,0)),"") -> A2 Cultured Ghee - 250 ml | C119: =IFERROR(INDEX($B$28:$B$95,MATCH(LARGE($Z$28:$Z$95,ROW()-115),$Z$28:$Z$95,0)),"") -> Ghee | D119: =IFERROR(LARGE($Z$28:$Z$95,ROW()-115),"") -> 6541.7
A120: =IFERROR(INDEX($D$28:$D$95,MATCH(LARGE($Z$28:$Z$95,ROW()-115),$Z$28:$Z$95,0)),"") -> Non cultured ghee 1l | C120: =IFERROR(INDEX($B$28:$B$95,MATCH(LARGE($Z$28:$Z$95,ROW()-115),$Z$28:$Z$95,0)),"") -> Ghee | D120: =IFERROR(LARGE($Z$28:$Z$95,ROW()-115),"") -> 3718 | AC120: Day | AD120: Actual | AE120: Target
A121: =IFERROR(INDEX($D$28:$D$95,MATCH(LARGE($Z$28:$Z$95,ROW()-115),$Z$28:$Z$95,0)),"") -> A2 Cultured Ghee - 1000 ml | C121: =IFERROR(INDEX($B$28:$B$95,MATCH(LARGE($Z$28:$Z$95,ROW()-115),$Z$28:$Z$95,0)),"") -> Ghee | D121: =IFERROR(LARGE($Z$28:$Z$95,ROW()-115),"") -> 3333.6 | AC121: =$A130 -> 46258 | AD121: =$C130 -> 598 | AE121: =$D130 -> 4327
A122: =IFERROR(INDEX($D$28:$D$95,MATCH(LARGE($Z$28:$Z$95,ROW()-115),$Z$28:$Z$95,0)),"") -> Colostrum Powder, Desi Gir Cow - 100 gm | C122: =IFERROR(INDEX($B$28:$B$95,MATCH(LARGE($Z$28:$Z$95,ROW()-115),$Z$28:$Z$95,0)),"") -> Ghee | D122: =IFERROR(LARGE($Z$28:$Z$95,ROW()-115),"") -> 799 | AC122: =$A131 -> 46259 | AD122: =$C131 -> 2966 | AE122: =$D131 -> 8654
A123: =IFERROR(INDEX($D$28:$D$95,MATCH(LARGE($Z$28:$Z$95,ROW()-115),$Z$28:$Z$95,0)),"") -> A2 Cultured Ghee - 5 Ltr | C123: =IFERROR(INDEX($B$28:$B$95,MATCH(LARGE($Z$28:$Z$95,ROW()-115),$Z$28:$Z$95,0)),"") -> Ghee | D123: =IFERROR(LARGE($Z$28:$Z$95,ROW()-115),"") -> 441.25 | AC123: =$A132 -> 46260 | AD123: =$C132 -> 5630 | AE123: =$D132 -> 12981
A124: =IFERROR(INDEX($D$28:$D$95,MATCH(LARGE($Z$28:$Z$95,ROW()-115),$Z$28:$Z$95,0)),"") -> Shatavari Ghee - 250 gm | C124: =IFERROR(INDEX($B$28:$B$95,MATCH(LARGE($Z$28:$Z$95,ROW()-115),$Z$28:$Z$95,0)),"") -> Ghee | D124: =IFERROR(LARGE($Z$28:$Z$95,ROW()-115),"") -> 255 | AC124: =$A133 -> 46261 | AD124: =$C133 -> 7924 | AE124: =$D133 -> 17308
A125: =IFERROR(INDEX($D$28:$D$95,MATCH(LARGE($Z$28:$Z$95,ROW()-115),$Z$28:$Z$95,0)),"") -> Butter/Makhan - 200 gm | C125: =IFERROR(INDEX($B$28:$B$95,MATCH(LARGE($Z$28:$Z$95,ROW()-115),$Z$28:$Z$95,0)),"") -> Ghee | D125: =IFERROR(LARGE($Z$28:$Z$95,ROW()-115),"") -> 186 | AC125: =$A134 -> 46262 | AD125: =$C134 -> 9342 | AE125: =$D134 -> 21634
AC126: =$A135 -> 46263 | AD126: =$C135 -> 10562 | AE126: =$D135 -> 25961
AC127: =$A136 -> 46264 | AD127: =$C136 -> 12170 | AE127: =$D136 -> 30288
A128: DAILY PRODUCTION LOG | AC128: =$A137 -> 46265 | AD128: =$C137 -> 13487 | AE128: =$D137 -> 34615
A129: Day | B129: Daily Produced | C129: Cumulative Actual | D129: Target (even pace) | E129: Variance | AC129: =$A138 -> 46266 | AD129: =$C138 -> 15509 | AE129: =$D138 -> 38942
A130: {=IFERROR(INDEX(Summary!$P$2:$AT$2,1,ROW()-129),"")} -> 46258 | B130: =IFERROR(SUMPRODUCT($P$3:$P$70,$U$3:$U$70,INDEX(Summary!$P$3:$AT$70,0,ROW()-129)),0) -> 598 | C130: =SUM($B$130:B130) -> 598 | D130: =ROUND($C$104/$C$101*(ROW()-129),0) -> 4327 | E130: =C130-D130 -> -3729 | AC130: =$A139 -> 46267 | AD130: =$C139 -> 17560 | AE130: =$D139 -> 43269
...

Sheet Summary
G1: =SUBTOTAL(9,G3:G19) -> 113086.55 | H1: =SUBTOTAL(9,H3:H19) -> 0 | I1: =SUBTOTAL(9,I3:I19) -> 2171 | J1: =SUBTOTAL(9,J3:J19) -> 6819 | K1: =SUBTOTAL(9,K3:K19) -> 0 | L1: =SUBTOTAL(9,L3:L19) -> 735 | M1: =SUBTOTAL(9,M3:M19) -> 0 | N1: =SUBTOTAL(9,N3:N19) -> 6995 | O1: =SUBTOTAL(9,O3:O19) -> 129806.55
A2: Sr. No. | B2: Section | C2: Plant | D2: FG Code | E2: Product Names | F2: UOM | G2: MRP (Domestic) | H2: ROW Manjari | I2: USA Sea | J2: Amazon USA Sea | K2: USA Air | L2: USA Amazon | M2: UK | N2: MENA | O2: Production Plan | P2: 46258 | Q2: 46259 | R2: 46260 | S2: 46261 | T2: 46262 | U2: 46263 | V2: 46264 | W2: 46265 | X2: 46266 | Y2: 46267 | Z2: 46268 | AA2: 46269 | AB2: 46270 | AC2: 46271 | AD2: 46272 | AE2: 46273 | AF2: 46274 | AG2: 46275 | AH2: 46276 | AI2: 46277 | AJ2: 46278 | AK2: 46279 | AL2: 46280 | AM2: 46281 | AN2: 46282 | AO2: 46283 | AP2: 46284 | AQ2: 46285 | AR2: 46286 | AS2: 46287 | AT2: 46288 | AU2: 46289 | AV2: 46290 | AW2: 46291 | AX2: 46292 | AY2: 46293 | AZ2: 46294 | BA2: 46295 | BB2: Production Done (PKT) | BC2: Total Monthly Production (KG) | BD2: Pending (PKT) | BE2: Pending (KG) | BF2: Total Fulfillment Rate % | BG2: Remark | BH2: SOH – Central WH | BI2: DOH | BJ2: Risk Score | BK2: Priority
A3: =13 -> 13 | B3: Ghee | D3: =Projection_!A16 -> FG00005 | E3: =Projection_!B16 -> Butter/Makhan - 200 gm | F3: 0.2 | G3: =IFERROR(_xlfn.XLOOKUP($D3,Projection_!$A:$A,Projection_!$J:$J),0) -> 186 | H3: =IFERROR(_xlfn.XLOOKUP($D3,Projection_!$A:$A,Projection_!$K:$K),0) -> 0 | I3: =IFERROR(_xlfn.XLOOKUP($D3,Projection_!$A:$A,Projection_!$L:$L),0) -> 0 | J3: =IFERROR(_xlfn.XLOOKUP($D3,Projection_!$A:$A,Projection_!$M:$M),0) -> 0 | K3: =IFERROR(_xlfn.XLOOKUP($D3,Projection_!$A:$A,Projection_!$Q:$Q),0) -> 0 | L3: =IFERROR(_xlfn.XLOOKUP($D3,Projection_!$A:$A,Projection_!$R:$R),0) -> 0 | M3: =IFERROR(_xlfn.XLOOKUP($D3,Projection_!$A:$A,Projection_!$O:$O),0) -> 0 | N3: =IFERROR(_xlfn.XLOOKUP($D3,Projection_!$A:$A,Projection_!$P:$P),0) -> 0 | O3: =SUM(G3:N3) -> 186 | P3: =SUM(IFERROR(_xlfn.XLOOKUP($D3,Domestic!$C:$C,Domestic!I:I),0),IFERROR(_xlfn.XLOOKUP($D3,'INT-_Manjiri'!$C:$C,'INT-_Manjiri'!H:H),0),IFERROR(_xlfn.XLOOKUP($D3,'USA-_Sea_shipment'!$C:$C,'USA-_Sea_shipment'!H:H),0),IFERROR(_xlfn.XLOOKUP($D3,Amazon_USA_Sea!$C:$C,Amazon_USA_Sea!H:H),0),IFERROR(_xlfn.XLOOKUP($D3,USA_Air_Shipment!$C:$C,USA_Air_Shipment!G:G),0),IFERROR(_xlfn.XLOOKUP($D3,Amazon_USA_Air_Shipment!$C:$C,Amazon_USA_Air_Shipment!G:G),0),IFERROR(_xlfn.XLOOKUP($D3,MENA!$C:$C,MENA!G:G),0),IFERROR(_xlfn.XLOOKUP($D3,UK!$C:$C,UK!G:G),0),IFERROR(_xlfn.XLOOKUP($D3,BMM_Order!$C:$C,BMM_Order!G:G),0),IFERROR(_xlfn.XLOOKUP($D3,'Adhoc-_Backlog'!$C:$C,'Adhoc-_Backlog'!I:I),0)) -> 0 | Q3: =SUM(IFERROR(_xlfn.XLOOKUP($D3,Domestic!$C:$C,Domestic!J:J),0),IFERROR(_xlfn.XLOOKUP($D3,'INT-_Manjiri'!$C:$C,'INT-_Manjiri'!I:I),0),IFERROR(_xlfn.XLOOKUP($D3,'USA-_Sea_shipment'!$C:$C,'USA-_Sea_shipment'!I:I),0),IFERROR(_xlfn.XLOOKUP($D3,Amazon_USA_Sea!$C:$C,Amazon_USA_Sea!I:I),0),IFERROR(_xlfn.XLOOKUP($D3,USA_Air_Shipment!$C:$C,USA_Air_Shipment!H:H),0),IFERROR(_xlfn.XLOOKUP($D3,Amazon_USA_Air_Shipment!$C:$C,Amazon_USA_Air_Shipment!H:H),0),IFERROR(_xlfn.XLOOKUP($D3,MENA!$C:$C,MENA!H:H),0),IFERROR(_xlfn.XLOOKUP($D3,UK!$C:$C,UK!H:H),0),IFERROR(_xlfn.XLOOKUP($D3,BMM_Order!$C:$C,BMM_Order!H:H),0),IFERROR(_xlfn.XLOOKUP($D3,'Adhoc-_Backlog'!$C:$C,'Adhoc-_Backlog'!J:J),0)) -> 0 | R3: =SUM(IFERROR(_xlfn.XLOOKUP($D3,Domestic!$C:$C,Domestic!K:K),0),IFERROR(_xlfn.XLOOKUP($D3,'INT-_Manjiri'!$C:$C,'INT-_Manjiri'!J:J),0),IFERROR(_xlfn.XLOOKUP($D3,'USA-_Sea_shipment'!$C:$C,'USA-_Sea_shipment'!J:J),0),IFERROR(_xlfn.XLOOKUP($D3,Amazon_USA_Sea!$C:$C,Amazon_USA_Sea!J:J),0),IFERROR(_xlfn.XLOOKUP($D3,USA_Air_Shipment!$C:$C,USA_Air_Shipment!I:I),0),IFERROR(_xlfn.XLOOKUP($D3,Amazon_USA_Air_Shipment!$C:$C,Amazon_USA_Air_Shipment!I:I),0),IFERROR(_xlfn.XLOOKUP($D3,MENA!$C:$C,MENA!I:I),0),IFERROR(_xlfn.XLOOKUP($D3,UK!$C:$C,UK!I:I),0),IFERROR(_xlfn.XLOOKUP($D3,BMM_Order!$C:$C,BMM_Order!I:I),0),IFERROR(_xlfn.XLOOKUP($D3,'Adhoc-_Backlog'!$C:$C,'Adhoc-_Backlog'!K:K),0)) -> 0 | S3: =SUM(IFERROR(_xlfn.XLOOKUP($D3,Domestic!$C:$C,Domestic!L:L),0),IFERROR(_xlfn.XLOOKUP($D3,'INT-_Manjiri'!$C:$C,'INT-_Manjiri'!K:K),0),IFERROR(_xlfn.XLOOKUP($D3,'USA-_Sea_shipment'!$C:$C,'USA-_Sea_shipment'!K:K),0),IFERROR(_xlfn.XLOOKUP($D3,Amazon_USA_Sea!$C:$C,Amazon_USA_Sea!K:K),0),IFERROR(_xlfn.XLOOKUP($D3,USA_Air_Shipment!$C:$C,USA_Air_Shipment!J:J),0),IFERROR(_xlfn.XLOOKUP($D3,Amazon_USA_Air_Shipment!$C:$C,Amazon_USA_Air_Shipment!J:J),0),IFERROR(_xlfn.XLOOKUP($D3,MENA!$C:$C,MENA!J:J),0),IFERROR(_xlfn.XLOOKUP($D3,UK!$C:$C,UK!J:J),0),IFERROR(_xlfn.XLOOKUP($D3,BMM_Order!$C:$C,BMM_Order!J:J),0),IFERROR(_xlfn.XLOOKUP($D3,'Adhoc-_Backlog'!$C:$C,'Adhoc-_Backlog'!L:L),0)) -> 0 | T3: =SUM(IFERROR(_xlfn.XLOOKUP($D3,Domestic!$C:$C,Domestic!M:M),0),IFERROR(_xlfn.XLOOKUP($D3,'INT-_Manjiri'!$C:$C,'INT-_Manjiri'!L:L),0),IFERROR(_xlfn.XLOOKUP($D3,'USA-_Sea_shipment'!$C:$C,'USA-_Sea_shipment'!L:L),0),IFERROR(_xlfn.XLOOKUP($D3,Amazon_USA_Sea!$C:$C,Amazon_USA_Sea!L:L),0),IFERROR(_xlfn.XLOOKUP($D3,USA_Air_Shipment!$C:$C,USA_Air_Shipment!K:K),0),IFERROR(_xlfn.XLOOKUP($D3,Amazon_USA_Air_Shipment!$C:$C,Amazon_USA_Air_Shipment!K:K),0),IFERROR(_xlfn.XLOOKUP($D3,MENA!$C:$C,MENA!K:K),0),IFERROR(_xlfn.XLOOKUP($D3,UK!$C:$C,UK!K:K),0),IFERROR(_xlfn.XLOOKUP($D3,BMM_Order!$C:$C,BMM_Order!K:K),0),IFERROR(_xlfn.XLOOKUP($D3,'Adhoc-_Backlog'!$C:$C,'Adhoc-_Backlog'!M:M),0)) -> 0 | U3: =SUM(IFERROR(_xlfn.XLOOKUP($D3,Domestic!$C:$C,Domestic!N:N),0),IFERROR(_xlfn.XLOOKUP($D3,'INT-_Manjiri'!$C:$C,'INT-_Manjiri'!M:M),0),IFERROR(_xlfn.XLOOKUP($D3,'USA-_Sea_shipment'!$C:$C,'USA-_Sea_shipment'!M:M),0),IFERROR(_xlfn.XLOOKUP($D3,Amazon_USA_Sea!$C:$C,Amazon_USA_Sea!M:M),0),IFERROR(_xlfn.XLOOKUP($D3,USA_Air_Shipment!$C:$C,USA_Air_Shipment!L:L),0),IFERROR(_xlfn.XLOOKUP($D3,Amazon_USA_Air_Shipment!$C:$C,Amazon_USA_Air_Shipment!L:L),0),IFERROR(_xlfn.XLOOKUP($D3,MENA!$C:$C,MENA!L:L),0),IFERROR(_xlfn.XLOOKUP($D3,UK!$C:$C,UK!L:L),0),IFERROR(_xlfn.XLOOKUP($D3,BMM_Order!$C:$C,BMM_Order!L:L),0),IFERROR(_xlfn.XLOOKUP($D3,'Adhoc-_Backlog'!$C:$C,'Adhoc-_Backlog'!N:N),0)) -> 0 | V3: =SUM(IFERROR(_xlfn.XLOOKUP($D3,Domestic!$C:$C,Domestic!O:O),0),IFERROR(_xlfn.XLOOKUP($D3,'INT-_Manjiri'!$C:$C,'INT-_Manjiri'!N:N),0),IFERROR(_xlfn.XLOOKUP($D3,'USA-_Sea_shipment'!$C:$C,'USA-_Sea_shipment'!N:N),0),IFERROR(_xlfn.XLOOKUP($D3,Amazon_USA_Sea!$C:$C,Amazon_USA_Sea!N:N),0),IFERROR(_xlfn.XLOOKUP($D3,USA_Air_Shipment!$C:$C,USA_Air_Shipment!M:M),0),IFERROR(_xlfn.XLOOKUP($D3,Amazon_USA_Air_Shipment!$C:$C,Amazon_USA_Air_Shipment!M:M),0),IFERROR(_xlfn.XLOOKUP($D3,MENA!$C:$C,MENA!M:M),0),IFERROR(_xlfn.XLOOKUP($D3,UK!$C:$C,UK!M:M),0),IFERROR(_xlfn.XLOOKUP($D3,BMM_Order!$C:$C,BMM_Order!M:M),0),IFERROR(_xlfn.XLOOKUP($D3,'Adhoc-_Backlog'!$C:$C,'Adhoc-_Backlog'!O:O),0)) -> 0 | W3: =SUM(IFERROR(_xlfn.XLOOKUP($D3,Domestic!$C:$C,Domestic!P:P),0),IFERROR(_xlfn.XLOOKUP($D3,'INT-_Manjiri'!$C:$C,'INT-_Manjiri'!O:O),0),IFERROR(_xlfn.XLOOKUP($D3,'USA-_Sea_shipment'!$C:$C,'USA-_Sea_shipment'!O:O),0),IFERROR(_xlfn.XLOOKUP($D3,Amazon_USA_Sea!$C:$C,Amazon_USA_Sea!O:O),0),IFERROR(_xlfn.XLOOKUP($D3,USA_Air_Shipment!$C:$C,USA_Air_Shipment!N:N),0),IFERROR(_xlfn.XLOOKUP($D3,Amazon_USA_Air_Shipment!$C:$C,Amazon_USA_Air_Shipment!N:N),0),IFERROR(_xlfn.XLOOKUP($D3,MENA!$C:$C,MENA!N:N),0),IFERROR(_xlfn.XLOOKUP($D3,UK!$C:$C,UK!N:N),0),IFERROR(_xlfn.XLOOKUP($D3,BMM_Order!$C:$C,BMM_Order!N:N),0),IFERROR(_xlfn.XLOOKUP($D3,'Adhoc-_Backlog'!$C:$C,'Adhoc-_Backlog'!P:P),0)) -> 0 | X3: =SUM(IFERROR(_xlfn.XLOOKUP($D3,Domestic!$C:$C,Domestic!Q:Q),0),IFERROR(_xlfn.XLOOKUP($D3,'INT-_Manjiri'!$C:$C,'INT-_Manjiri'!P:P),0),IFERROR(_xlfn.XLOOKUP($D3,'USA-_Sea_shipment'!$C:$C,'USA-_Sea_shipment'!P:P),0),IFERROR(_xlfn.XLOOKUP($D3,Amazon_USA_Sea!$C:$C,Amazon_USA_Sea!P:P),0),IFERROR(_xlfn.XLOOKUP($D3,USA_Air_Shipment!$C:$C,USA_Air_Shipment!O:O),0),IFERROR(_xlfn.XLOOKUP($D3,Amazon_USA_Air_Shipment!$C:$C,Amazon_USA_Air_Shipment!O:O),0),IFERROR(_xlfn.XLOOKUP($D3,MENA!$C:$C,MENA!O:O),0),IFERROR(_xlfn.XLOOKUP($D3,UK!$C:$C,UK!O:O),0),IFERROR(_xlfn.XLOOKUP($D3,BMM_Order!$C:$C,BMM_Order!O:O),0),IFERROR(_xlfn.XLOOKUP($D3,'Adhoc-_Backlog'!$C:$C,'Adhoc-_Backlog'!Q:Q),0)) -> 0 | Y3: =SUM(IFERROR(_xlfn.XLOOKUP($D3,Domestic!$C:$C,Domestic!R:R),0),IFERROR(_xlfn.XLOOKUP($D3,'INT-_Manjiri'!$C:$C,'INT-_Manjiri'!Q:Q),0),IFERROR(_xlfn.XLOOKUP($D3,'USA-_Sea_shipment'!$C:$C,'USA-_Sea_shipment'!Q:Q),0),IFERROR(_xlfn.XLOOKUP($D3,Amazon_USA_Sea!$C:$C,Amazon_USA_Sea!Q:Q),0),IFERROR(_xlfn.XLOOKUP($D3,USA_Air_Shipment!$C:$C,USA_Air_Shipment!P:P),0),IFERROR(_xlfn.XLOOKUP($D3,Amazon_USA_Air_Shipment!$C:$C,Amazon_USA_Air_Shipment!P:P),0),IFERROR(_xlfn.XLOOKUP($D3,MENA!$C:$C,MENA!P:P),0),IFERROR(_xlfn.XLOOKUP($D3,UK!$C:$C,UK!P:P),0),IFERROR(_xlfn.XLOOKUP($D3,BMM_Order!$C:$C,BMM_Order!P:P),0),IFERROR(_xlfn.XLOOKUP($D3,'Adhoc-_Backlog'!$C:$C,'Adhoc-_Backlog'!R:R),0)) -> 0 | Z3: =SUM(IFERROR(_xlfn.XLOOKUP($D3,Domestic!$C:$C,Domestic!S:S),0),IFERROR(_xlfn.XLOOKUP($D3,'INT-_Manjiri'!$C:$C,'INT-_Manjiri'!R:R),0),IFERROR(_xlfn.XLOOKUP($D3,'USA-_Sea_shipment'!$C:$C,'USA-_Sea_shipment'!R:R),0),IFERROR(_xlfn.XLOOKUP($D3,Amazon_USA_Sea!$C:$C,Amazon_USA_Sea!R:R),0),IFERROR(_xlfn.XLOOKUP($D3,USA_Air_Shipment!$C:$C,USA_Air_Shipment!Q:Q),0),IFERROR(_xlfn.XLOOKUP($D3,Amazon_USA_Air_Shipment!$C:$C,Amazon_USA_Air_Shipment!Q:Q),0),IFERROR(_xlfn.XLOOKUP($D3,MENA!$C:$C,MENA!Q:Q),0),IFERROR(_xlfn.XLOOKUP($D3,UK!$C:$C,UK!Q:Q),0),IFERROR(_xlfn.XLOOKUP($D3,BMM_Order!$C:$C,BMM_Order!Q:Q),0),IFERROR(_xlfn.XLOOKUP($D3,'Adhoc-_Backlog'!$C:$C,'Adhoc-_Backlog'!S:S),0)) -> 0 | AA3: =SUM(IFERROR(_xlfn.XLOOKUP($D3,Domestic!$C:$C,Domestic!T:T),0),IFERROR(_xlfn.XLOOKUP($D3,'INT-_Manjiri'!$C:$C,'INT-_Manjiri'!S:S),0),IFERROR(_xlfn.XLOOKUP($D3,'USA-_Sea_shipment'!$C:$C,'USA-_Sea_shipment'!S:S),0),IFERROR(_xlfn.XLOOKUP($D3,Amazon_USA_Sea!$C:$C,Amazon_USA_Sea!S:S),0),IFERROR(_xlfn.XLOOKUP($D3,USA_Air_Shipment!$C:$C,USA_Air_Shipment!R:R),0),IFERROR(_xlfn.XLOOKUP($D3,Amazon_USA_Air_Shipment!$C:$C,Amazon_USA_Air_Shipment!R:R),0),IFERROR(_xlfn.XLOOKUP($D3,MENA!$C:$C,MENA!R:R),0),IFERROR(_xlfn.XLOOKUP($D3,UK!$C:$C,UK!R:R),0),IFERROR(_xlfn.XLOOKUP($D3,BMM_Order!$C:$C,BMM_Order!R:R),0),IFERROR(_xlfn.XLOOKUP($D3,'Adhoc-_Backlog'!$C:$C,'Adhoc-_Backlog'!T:T),0)) -> 0 | AB3: =SUM(IFERROR(_xlfn.XLOOKUP($D3,Domestic!$C:$C,Domestic!U:U),0),IFERROR(_xlfn.XLOOKUP($D3,'INT-_Manjiri'!$C:$C,'INT-_Manjiri'!T:T),0),IFERROR(_xlfn.XLOOKUP($D3,'USA-_Sea_shipment'!$C:$C,'USA-_Sea_shipment'!T:T),0),IFERROR(_xlfn.XLOOKUP($D3,Amazon_USA_Sea!$C:$C,Amazon_USA_Sea!T:T),0),IFERROR(_xlfn.XLOOKUP($D3,USA_Air_Shipment!$C:$C,USA_Air_Shipment!S:S),0),IFERROR(_xlfn.XLOOKUP($D3,Amazon_USA_Air_Shipment!$C:$C,Amazon_USA_Air_Shipment!S:S),0),IFERROR(_xlfn.XLOOKUP($D3,MENA!$C:$C,MENA!S:S),0),IFERROR(_xlfn.XLOOKUP($D3,UK!$C:$C,UK!S:S),0),IFERROR(_xlfn.XLOOKUP($D3,BMM_Order!$C:$C,BMM_Order!S:S),0),IFERROR(_xlfn.XLOOKUP($D3,'Adhoc-_Backlog'!$C:$C,'Adhoc-_Backlog'!U:U),0)) -> 0 | AC3: =SUM(IFERROR(_xlfn.XLOOKUP($D3,Domestic!$C:$C,Domestic!V:V),0),IFERROR(_xlfn.XLOOKUP($D3,'INT-_Manjiri'!$C:$C,'INT-_Manjiri'!U:U),0),IFERROR(_xlfn.XLOOKUP($D3,'USA-_Sea_shipment'!$C:$C,'USA-_Sea_shipment'!U:U),0),IFERROR(_xlfn.XLOOKUP($D3,Amazon_USA_Sea!$C:$C,Amazon_USA_Sea!U:U),0),IFERROR(_xlfn.XLOOKUP($D3,USA_Air_Shipment!$C:$C,USA_Air_Shipment!T:T),0),IFERROR(_xlfn.XLOOKUP($D3,Amazon_USA_Air_Shipment!$C:$C,Amazon_USA_Air_Shipment!T:T),0),IFERROR(_xlfn.XLOOKUP($D3,MENA!$C:$C,MENA!T:T),0),IFERROR(_xlfn.XLOOKUP($D3,UK!$C:$C,UK!T:T),0),IFERROR(_xlfn.XLOOKUP($D3,BMM_Order!$C:$C,BMM_Order!T:T),0),IFERROR(_xlfn.XLOOKUP($D3,'Adhoc-_Backlog'!$C:$C,'Adhoc-_Backlog'!V:V),0)) -> 0 | AD3: =SUM(IFERROR(_xlfn.XLOOKUP($D3,Domestic!$C:$C,Domestic!W:W),0),IFERROR(_xlfn.XLOOKUP($D3,'INT-_Manjiri'!$C:$C,'INT-_Manjiri'!V:V),0),IFERROR(_xlfn.XLOOKUP($D3,'USA-_Sea_shipment'!$C:$C,'USA-_Sea_shipment'!V:V),0),IFERROR(_xlfn.XLOOKUP($D3,Amazon_USA_Sea!$C:$C,Amazon_USA_Sea!V:V),0),IFERROR(_xlfn.XLOOKUP($D3,USA_Air_Shipment!$C:$C,USA_Air_Shipment!U:U),0),IFERROR(_xlfn.XLOOKUP($D3,Amazon_USA_Air_Shipment!$C:$C,Amazon_USA_Air_Shipment!U:U),0),IFERROR(_xlfn.XLOOKUP($D3,MENA!$C:$C,MENA!U:U),0),IFERROR(_xlfn.XLOOKUP($D3,UK!$C:$C,UK!U:U),0),IFERROR(_xlfn.XLOOKUP($D3,BMM_Order!$C:$C,BMM_Order!U:U),0),IFERROR(_xlfn.XLOOKUP($D3,'Adhoc-_Backlog'!$C:$C,'Adhoc-_Backlog'!W:W),0)) -> 0 | AE3: =SUM(IFERROR(_xlfn.XLOOKUP($D3,Domestic!$C:$C,Domestic!X:X),0),IFERROR(_xlfn.XLOOKUP($D3,'INT-_Manjiri'!$C:$C,'INT-_Manjiri'!W:W),0),IFERROR(_xlfn.XLOOKUP($D3,'USA-_Sea_shipment'!$C:$C,'USA-_Sea_shipment'!W:W),0),IFERROR(_xlfn.XLOOKUP($D3,Amazon_USA_Sea!$C:$C,Amazon_USA_Sea!W:W),0),IFERROR(_xlfn.XLOOKUP($D3,USA_Air_Shipment!$C:$C,USA_Air_Shipment!V:V),0),IFERROR(_xlfn.XLOOKUP($D3,Amazon_USA_Air_Shipment!$C:$C,Amazon_USA_Air_Shipment!V:V),0),IFERROR(_xlfn.XLOOKUP($D3,MENA!$C:$C,MENA!V:V),0),IFERROR(_xlfn.XLOOKUP($D3,UK!$C:$C,UK!V:V),0),IFERROR(_xlfn.XLOOKUP($D3,BMM_Order!$C:$C,BMM_Order!V:V),0),IFERROR(_xlfn.XLOOKUP($D3,'Adhoc-_Backlog'!$C:$C,'Adhoc-_Backlog'!X:X),0)) -> 0 | AF3: =SUM(IFERROR(_xlfn.XLOOKUP($D3,Domestic!$C:$C,Domestic!Y:Y),0),IFERROR(_xlfn.XLOOKUP($D3,'INT-_Manjiri'!$C:$C,'INT-_Manjiri'!X:X),0),IFERROR(_xlfn.XLOOKUP($D3,'USA-_Sea_shipment'!$C:$C,'USA-_Sea_shipment'!X:X),0),IFERROR(_xlfn.XLOOKUP($D3,Amazon_USA_Sea!$C:$C,Amazon_USA_Sea!X:X),0),IFERROR(_xlfn.XLOOKUP($D3,USA_Air_Shipment!$C:$C,USA_Air_Shipment!W:W),0),IFERROR(_xlfn.XLOOKUP($D3,Amazon_USA_Air_Shipment!$C:$C,Amazon_USA_Air_Shipment!W:W),0),IFERROR(_xlfn.XLOOKUP($D3,MENA!$C:$C,MENA!W:W),0),IFERROR(_xlfn.XLOOKUP($D3,UK!$C:$C,UK!W:W),0),IFERROR(_xlfn.XLOOKUP($D3,BMM_Order!$C:$C,BMM_Order!W:W),0),IFERROR(_xlfn.XLOOKUP($D3,'Adhoc-_Backlog'!$C:$C,'Adhoc-_Backlog'!Y:Y),0)) -> 0 | AG3: =SUM(IFERROR(_xlfn.XLOOKUP($D3,Domestic!$C:$C,Domestic!Z:Z),0),IFERROR(_xlfn.XLOOKUP($D3,'INT-_Manjiri'!$C:$C,'INT-_Manjiri'!Y:Y),0),IFERROR(_xlfn.XLOOKUP($D3,'USA-_Sea_shipment'!$C:$C,'USA-_Sea_shipment'!Y:Y),0),IFERROR(_xlfn.XLOOKUP($D3,Amazon_USA_Sea!$C:$C,Amazon_USA_Sea!Y:Y),0),IFERROR(_xlfn.XLOOKUP($D3,USA_Air_Shipment!$C:$C,USA_Air_Shipment!X:X),0),IFERROR(_xlfn.XLOOKUP($D3,Amazon_USA_Air_Shipment!$C:$C,Amazon_USA_Air_Shipment!X:X),0),IFERROR(_xlfn.XLOOKUP($D3,MENA!$C:$C,MENA!X:X),0),IFERROR(_xlfn.XLOOKUP($D3,UK!$C:$C,UK!X:X),0),IFERROR(_xlfn.XLOOKUP($D3,BMM_Order!$C:$C,BMM_Order!X:X),0),IFERROR(_xlfn.XLOOKUP($D3,'Adhoc-_Backlog'!$C:$C,'Adhoc-_Backlog'!Z:Z),0)) -> 0 | AH3: =SUM(IFERROR(_xlfn.XLOOKUP($D3,Domestic!$C:$C,Domestic!AA:AA),0),IFERROR(_xlfn.XLOOKUP($D3,'INT-_Manjiri'!$C:$C,'INT-_Manjiri'!Z:Z),0),IFERROR(_xlfn.XLOOKUP($D3,'USA-_Sea_shipment'!$C:$C,'USA-_Sea_shipment'!Z:Z),0),IFERROR(_xlfn.XLOOKUP($D3,Amazon_USA_Sea!$C:$C,Amazon_USA_Sea!Z:Z),0),IFERROR(_xlfn.XLOOKUP($D3,USA_Air_Shipment!$C:$C,USA_Air_Shipment!Y:Y),0),IFERROR(_xlfn.XLOOKUP($D3,Amazon_USA_Air_Shipment!$C:$C,Amazon_USA_Air_Shipment!Y:Y),0),IFERROR(_xlfn.XLOOKUP($D3,MENA!$C:$C,MENA!Y:Y),0),IFERROR(_xlfn.XLOOKUP($D3,UK!$C:$C,UK!Y:Y),0),IFERROR(_xlfn.XLOOKUP($D3,BMM_Order!$C:$C,BMM_Order!Y:Y),0),IFERROR(_xlfn.XLOOKUP($D3,'Adhoc-_Backlog'!$C:$C,'Adhoc-_Backlog'!AA:AA),0)) -> 0 | AI3: =SUM(IFERROR(_xlfn.XLOOKUP($D3,Domestic!$C:$C,Domestic!AB:AB),0),IFERROR(_xlfn.XLOOKUP($D3,'INT-_Manjiri'!$C:$C,'INT-_Manjiri'!AA:AA),0),IFERROR(_xlfn.XLOOKUP($D3,'USA-_Sea_shipment'!$C:$C,'USA-_Sea_shipment'!AA:AA),0),IFERROR(_xlfn.XLOOKUP($D3,Amazon_USA_Sea!$C:$C,Amazon_USA_Sea!AA:AA),0),IFERROR(_xlfn.XLOOKUP($D3,USA_Air_Shipment!$C:$C,USA_Air_Shipment!Z:Z),0),IFERROR(_xlfn.XLOOKUP($D3,Amazon_USA_Air_Shipment!$C:$C,Amazon_USA_Air_Shipment!Z:Z),0),IFERROR(_xlfn.XLOOKUP($D3,MENA!$C:$C,MENA!Z:Z),0),IFERROR(_xlfn.XLOOKUP($D3,UK!$C:$C,UK!Z:Z),0),IFERROR(_xlfn.XLOOKUP($D3,BMM_Order!$C:$C,BMM_Order!Z:Z),0),IFERROR(_xlfn.XLOOKUP($D3,'Adhoc-_Backlog'!$C:$C,'Adhoc-_Backlog'!AB:AB),0)) -> 0 | AJ3: =SUM(IFERROR(_xlfn.XLOOKUP($D3,Domestic!$C:$C,Domestic!AC:AC),0),IFERROR(_xlfn.XLOOKUP($D3,'INT-_Manjiri'!$C:$C,'INT-_Manjiri'!AB:AB),0),IFERROR(_xlfn.XLOOKUP($D3,'USA-_Sea_shipment'!$C:$C,'USA-_Sea_shipment'!AB:AB),0),IFERROR(_xlfn.XLOOKUP($D3,Amazon_USA_Sea!$C:$C,Amazon_USA_Sea!AB:AB),0),IFERROR(_xlfn.XLOOKUP($D3,USA_Air_Shipment!$C:$C,USA_Air_Shipment!AA:AA),0),IFERROR(_xlfn.XLOOKUP($D3,Amazon_USA_Air_Shipment!$C:$C,Amazon_USA_Air_Shipment!AA:AA),0),IFERROR(_xlfn.XLOOKUP($D3,MENA!$C:$C,MENA!AA:AA),0),IFERROR(_xlfn.XLOOKUP($D3,UK!$C:$C,UK!AA:AA),0),IFERROR(_xlfn.XLOOKUP($D3,BMM_Order!$C:$C,BMM_Order!AA:AA),0),IFERROR(_xlfn.XLOOKUP($D3,'Adhoc-_Backlog'!$C:$C,'Adhoc-_Backlog'!AC:AC),0)) -> 0 | AK3: =SUM(IFERROR(_xlfn.XLOOKUP($D3,Domestic!$C:$C,Domestic!AD:AD),0),IFERROR(_xlfn.XLOOKUP($D3,'INT-_Manjiri'!$C:$C,'INT-_Manjiri'!AC:AC),0),IFERROR(_xlfn.XLOOKUP($D3,'USA-_Sea_shipment'!$C:$C,'USA-_Sea_shipment'!AC:AC),0),IFERROR(_xlfn.XLOOKUP($D3,Amazon_USA_Sea!$C:$C,Amazon_USA_Sea!AC:AC),0),IFERROR(_xlfn.XLOOKUP($D3,USA_Air_Shipment!$C:$C,USA_Air_Shipment!AB:AB),0),IFERROR(_xlfn.XLOOKUP($D3,Amazon_USA_Air_Shipment!$C:$C,Amazon_USA_Air_Shipment!AB:AB),0),IFERROR(_xlfn.XLOOKUP($D3,MENA!$C:$C,MENA!AB:AB),0),IFERROR(_xlfn.XLOOKUP($D3,UK!$C:$C,UK!AB:AB),0),IFERROR(_xlfn.XLOOKUP($D3,BMM_Order!$C:$C,BMM_Order!AB:AB),0),IFERROR(_xlfn.XLOOKUP($D3,'Adhoc-_Backlog'!$C:$C,'Adhoc-_Backlog'!AD:AD),0)) -> 0 | AL3: =SUM(IFERROR(_xlfn.XLOOKUP($D3,Domestic!$C:$C,Domestic!AE:AE),0),IFERROR(_xlfn.XLOOKUP($D3,'INT-_Manjiri'!$C:$C,'INT-_Manjiri'!AD:AD),0),IFERROR(_xlfn.XLOOKUP($D3,'USA-_Sea_shipment'!$C:$C,'USA-_Sea_shipment'!AD:AD),0),IFERROR(_xlfn.XLOOKUP($D3,Amazon_USA_Sea!$C:$C,Amazon_USA_Sea!AD:AD),0),IFERROR(_xlfn.XLOOKUP($D3,USA_Air_Shipment!$C:$C,USA_Air_Shipment!AC:AC),0),IFERROR(_xlfn.XLOOKUP($D3,Amazon_USA_Air_Shipment!$C:$C,Amazon_USA_Air_Shipment!AC:AC),0),IFERROR(_xlfn.XLOOKUP($D3,MENA!$C:$C,MENA!AC:AC),0),IFERROR(_xlfn.XLOOKUP($D3,UK!$C:$C,UK!AC:AC),0),IFERROR(_xlfn.XLOOKUP($D3,BMM_Order!$C:$C,BMM_Order!AC:AC),0),IFERROR(_xlfn.XLOOKUP($D3,'Adhoc-_Backlog'!$C:$C,'Adhoc-_Backlog'!AE:AE),0)) -> 0 | AM3: =SUM(IFERROR(_xlfn.XLOOKUP($D3,Domestic!$C:$C,Domestic!AF:AF),0),IFERROR(_xlfn.XLOOKUP($D3,'INT-_Manjiri'!$C:$C,'INT-_Manjiri'!AE:AE),0),IFERROR(_xlfn.XLOOKUP($D3,'USA-_Sea_shipment'!$C:$C,'USA-_Sea_shipment'!AE:AE),0),IFERROR(_xlfn.XLOOKUP($D3,Amazon_USA_Sea!$C:$C,Amazon_USA_Sea!AE:AE),0),IFERROR(_xlfn.XLOOKUP($D3,USA_Air_Shipment!$C:$C,USA_Air_Shipment!AD:AD),0),IFERROR(_xlfn.XLOOKUP($D3,Amazon_USA_Air_Shipment!$C:$C,Amazon_USA_Air_Shipment!AD:AD),0),IFERROR(_xlfn.XLOOKUP($D3,MENA!$C:$C,MENA!AD:AD),0),IFERROR(_xlfn.XLOOKUP($D3,UK!$C:$C,UK!AD:AD),0),IFERROR(_xlfn.XLOOKUP($D3,BMM_Order!$C:$C,BMM_Order!AD:AD),0),IFERROR(_xlfn.XLOOKUP($D3,'Adhoc-_Backlog'!$C:$C,'Adhoc-_Backlog'!AF:AF),0)) -> 0 | AN3: =SUM(IFERROR(_xlfn.XLOOKUP($D3,Domestic!$C:$C,Domestic!AG:AG),0),IFERROR(_xlfn.XLOOKUP($D3,'INT-_Manjiri'!$C:$C,'INT-_Manjiri'!AF:AF),0),IFERROR(_xlfn.XLOOKUP($D3,'USA-_Sea_shipment'!$C:$C,'USA-_Sea_shipment'!AF:AF),0),IFERROR(_xlfn.XLOOKUP($D3,Amazon_USA_Sea!$C:$C,Amazon_USA_Sea!AF:AF),0),IFERROR(_xlfn.XLOOKUP($D3,USA_Air_Shipment!$C:$C,USA_Air_Shipment!AE:AE),0),IFERROR(_xlfn.XLOOKUP($D3,Amazon_USA_Air_Shipment!$C:$C,Amazon_USA_Air_Shipment!AE:AE),0),IFERROR(_xlfn.XLOOKUP($D3,MENA!$C:$C,MENA!AE:AE),0),IFERROR(_xlfn.XLOOKUP($D3,UK!$C:$C,UK!AE:AE),0),IFERROR(_xlfn.XLOOKUP($D3,BMM_Order!$C:$C,BMM_Order!AE:AE),0),IFERROR(_xlfn.XLOOKUP($D3,'Adhoc-_Backlog'!$C:$C,'Adhoc-_Backlog'!AG:AG),0)) -> 0 | AO3: =SUM(IFERROR(_xlfn.XLOOKUP($D3,Domestic!$C:$C,Domestic!AH:AH),0),IFERROR(_xlfn.XLOOKUP($D3,'INT-_Manjiri'!$C:$C,'INT-_Manjiri'!AG:AG),0),IFERROR(_xlfn.XLOOKUP($D3,'USA-_Sea_shipment'!$C:$C,'USA-_Sea_shipment'!AG:AG),0),IFERROR(_xlfn.XLOOKUP($D3,Amazon_USA_Sea!$C:$C,Amazon_USA_Sea!AG:AG),0),IFERROR(_xlfn.XLOOKUP($D3,USA_Air_Shipment!$C:$C,USA_Air_Shipment!AF:AF),0),IFERROR(_xlfn.XLOOKUP($D3,Amazon_USA_Air_Shipment!$C:$C,Amazon_USA_Air_Shipment!AF:AF),0),IFERROR(_xlfn.XLOOKUP($D3,MENA!$C:$C,MENA!AF:AF),0),IFERROR(_xlfn.XLOOKUP($D3,UK!$C:$C,UK!AF:AF),0),IFERROR(_xlfn.XLOOKUP($D3,BMM_Order!$C:$C,BMM_Order!AF:AF),0),IFERROR(_xlfn.XLOOKUP($D3,'Adhoc-_Backlog'!$C:$C,'Adhoc-_Backlog'!AH:AH),0)) -> 0 | AP3: =SUM(IFERROR(_xlfn.XLOOKUP($D3,Domestic!$C:$C,Domestic!AI:AI),0),IFERROR(_xlfn.XLOOKUP($D3,'INT-_Manjiri'!$C:$C,'INT-_Manjiri'!AH:AH),0),IFERROR(_xlfn.XLOOKUP($D3,'USA-_Sea_shipment'!$C:$C,'USA-_Sea_shipment'!AH:AH),0),IFERROR(_xlfn.XLOOKUP($D3,Amazon_USA_Sea!$C:$C,Amazon_USA_Sea!AH:AH),0),IFERROR(_xlfn.XLOOKUP($D3,USA_Air_Shipment!$C:$C,USA_Air_Shipment!AG:AG),0),IFERROR(_xlfn.XLOOKUP($D3,Amazon_USA_Air_Shipment!$C:$C,Amazon_USA_Air_Shipment!AG:AG),0),IFERROR(_xlfn.XLOOKUP($D3,MENA!$C:$C,MENA!AG:AG),0),IFERROR(_xlfn.XLOOKUP($D3,UK!$C:$C,UK!AG:AG),0),IFERROR(_xlfn.XLOOKUP($D3,BMM_Order!$C:$C,BMM_Order!AG:AG),0),IFERROR(_xlfn.XLOOKUP($D3,'Adhoc-_Backlog'!$C:$C,'Adhoc-_Backlog'!AI:AI),0)) -> 0 | AQ3: =SUM(IFERROR(_xlfn.XLOOKUP($D3,Domestic!$C:$C,Domestic!AJ:AJ),0),IFERROR(_xlfn.XLOOKUP($D3,'INT-_Manjiri'!$C:$C,'INT-_Manjiri'!AI:AI),0),IFERROR(_xlfn.XLOOKUP($D3,'USA-_Sea_shipment'!$C:$C,'USA-_Sea_shipment'!AI:AI),0),IFERROR(_xlfn.XLOOKUP($D3,Amazon_USA_Sea!$C:$C,Amazon_USA_Sea!AI:AI),0),IFERROR(_xlfn.XLOOKUP($D3,USA_Air_Shipment!$C:$C,USA_Air_Shipment!AH:AH),0),IFERROR(_xlfn.XLOOKUP($D3,Amazon_USA_Air_Shipment!$C:$C,Amazon_USA_Air_Shipment!AH:AH),0),IFERROR(_xlfn.XLOOKUP($D3,MENA!$C:$C,MENA!AH:AH),0),IFERROR(_xlfn.XLOOKUP($D3,UK!$C:$C,UK!AH:AH),0),IFERROR(_xlfn.XLOOKUP($D3,BMM_Order!$C:$C,BMM_Order!AH:AH),0),IFERROR(_xlfn.XLOOKUP($D3,'Adhoc-_Backlog'!$C:$C,'Adhoc-_Backlog'!AJ:AJ),0)) -> 0 | AR3: =SUM(IFERROR(_xlfn.XLOOKUP($D3,Domestic!$C:$C,Domestic!AK:AK),0),IFERROR(_xlfn.XLOOKUP($D3,'INT-_Manjiri'!$C:$C,'INT-_Manjiri'!AJ:AJ),0),IFERROR(_xlfn.XLOOKUP($D3,'USA-_Sea_shipment'!$C:$C,'USA-_Sea_shipment'!AJ:AJ),0),IFERROR(_xlfn.XLOOKUP($D3,Amazon_USA_Sea!$C:$C,Amazon_USA_Sea!AJ:AJ),0),IFERROR(_xlfn.XLOOKUP($D3,USA_Air_Shipment!$C:$C,USA_Air_Shipment!AI:AI),0),IFERROR(_xlfn.XLOOKUP($D3,Amazon_USA_Air_Shipment!$C:$C,Amazon_USA_Air_Shipment!AI:AI),0),IFERROR(_xlfn.XLOOKUP($D3,MENA!$C:$C,MENA!AI:AI),0),IFERROR(_xlfn.XLOOKUP($D3,UK!$C:$C,UK!AI:AI),0),IFERROR(_xlfn.XLOOKUP($D3,BMM_Order!$C:$C,BMM_Order!AI:AI),0),IFERROR(_xlfn.XLOOKUP($D3,'Adhoc-_Backlog'!$C:$C,'Adhoc-_Backlog'!AK:AK),0)) -> 0 | AS3: =SUM(IFERROR(_xlfn.XLOOKUP($D3,Domestic!$C:$C,Domestic!AL:AL),0),IFERROR(_xlfn.XLOOKUP($D3,'INT-_Manjiri'!$C:$C,'INT-_Manjiri'!AK:AK),0),IFERROR(_xlfn.XLOOKUP($D3,'USA-_Sea_shipment'!$C:$C,'USA-_Sea_shipment'!AK:AK),0),IFERROR(_xlfn.XLOOKUP($D3,Amazon_USA_Sea!$C:$C,Amazon_USA_Sea!AK:AK),0),IFERROR(_xlfn.XLOOKUP($D3,USA_Air_Shipment!$C:$C,USA_Air_Shipment!AJ:AJ),0),IFERROR(_xlfn.XLOOKUP($D3,Amazon_USA_Air_Shipment!$C:$C,Amazon_USA_Air_Shipment!AJ:AJ),0),IFERROR(_xlfn.XLOOKUP($D3,MENA!$C:$C,MENA!AJ:AJ),0),IFERROR(_xlfn.XLOOKUP($D3,UK!$C:$C,UK!AJ:AJ),0),IFERROR(_xlfn.XLOOKUP($D3,BMM_Order!$C:$C,BMM_Order!AJ:AJ),0),IFERROR(_xlfn.XLOOKUP($D3,'Adhoc-_Backlog'!$C:$C,'Adhoc-_Backlog'!AL:AL),0)) -> 0 | AT3: =SUM(IFERROR(_xlfn.XLOOKUP($D3,Domestic!$C:$C,Domestic!AM:AM),0),IFERROR(_xlfn.XLOOKUP($D3,'INT-_Manjiri'!$C:$C,'INT-_Manjiri'!AL:AL),0),IFERROR(_xlfn.XLOOKUP($D3,'USA-_Sea_shipment'!$C:$C,'USA-_Sea_shipment'!AL:AL),0),IFERROR(_xlfn.XLOOKUP($D3,Amazon_USA_Sea!$C:$C,Amazon_USA_Sea!AL:AL),0),IFERROR(_xlfn.XLOOKUP($D3,USA_Air_Shipment!$C:$C,USA_Air_Shipment!AK:AK),0),IFERROR(_xlfn.XLOOKUP($D3,Amazon_USA_Air_Shipment!$C:$C,Amazon_USA_Air_Shipment!AK:AK),0),IFERROR(_xlfn.XLOOKUP($D3,MENA!$C:$C,MENA!AK:AK),0),IFERROR(_xlfn.XLOOKUP($D3,UK!$C:$C,UK!AK:AK),0),IFERROR(_xlfn.XLOOKUP($D3,BMM_Order!$C:$C,BMM_Order!AK:AK),0),IFERROR(_xlfn.XLOOKUP($D3,'Adhoc-_Backlog'!$C:$C,'Adhoc-_Backlog'!AM:AM),0)) -> 0 | AU3: =SUM(IFERROR(_xlfn.XLOOKUP($D3,Domestic!$C:$C,Domestic!AN:AN),0),IFERROR(_xlfn.XLOOKUP($D3,'INT-_Manjiri'!$C:$C,'INT-_Manjiri'!AM:AM),0),IFERROR(_xlfn.XLOOKUP($D3,'USA-_Sea_shipment'!$C:$C,'USA-_Sea_shipment'!AM:AM),0),IFERROR(_xlfn.XLOOKUP($D3,Amazon_USA_Sea!$C:$C,Amazon_USA_Sea!AM:AM),0),IFERROR(_xlfn.XLOOKUP($D3,USA_Air_Shipment!$C:$C,USA_Air_Shipment!AL:AL),0),IFERROR(_xlfn.XLOOKUP($D3,Amazon_USA_Air_Shipment!$C:$C,Amazon_USA_Air_Shipment!AL:AL),0),IFERROR(_xlfn.XLOOKUP($D3,MENA!$C:$C,MENA!AL:AL),0),IFERROR(_xlfn.XLOOKUP($D3,UK!$C:$C,UK!AL:AL),0),IFERROR(_xlfn.XLOOKUP($D3,BMM_Order!$C:$C,BMM_Order!AL:AL),0),IFERROR(_xlfn.XLOOKUP($D3,'Adhoc-_Backlog'!$C:$C,'Adhoc-_Backlog'!AN:AN),0)) -> 0 | AV3: =SUM(IFERROR(_xlfn.XLOOKUP($D3,Domestic!$C:$C,Domestic!AO:AO),0),IFERROR(_xlfn.XLOOKUP($D3,'INT-_Manjiri'!$C:$C,'INT-_Manjiri'!AN:AN),0),IFERROR(_xlfn.XLOOKUP($D3,'USA-_Sea_shipment'!$C:$C,'USA-_Sea_shipment'!AN:AN),0),IFERROR(_xlfn.XLOOKUP($D3,Amazon_USA_Sea!$C:$C,Amazon_USA_Sea!AN:AN),0),IFERROR(_xlfn.XLOOKUP($D3,USA_Air_Shipment!$C:$C,USA_Air_Shipment!AM:AM),0),IFERROR(_xlfn.XLOOKUP($D3,Amazon_USA_Air_Shipment!$C:$C,Amazon_USA_Air_Shipment!AM:AM),0),IFERROR(_xlfn.XLOOKUP($D3,MENA!$C:$C,MENA!AM:AM),0),IFERROR(_xlfn.XLOOKUP($D3,UK!$C:$C,UK!AM:AM),0),IFERROR(_xlfn.XLOOKUP($D3,BMM_Order!$C:$C,BMM_Order!AM:AM),0),IFERROR(_xlfn.XLOOKUP($D3,'Adhoc-_Backlog'!$C:$C,'Adhoc-_Backlog'!AO:AO),0)) -> 0 | AW3: =SUM(IFERROR(_xlfn.XLOOKUP($D3,Domestic!$C:$C,Domestic!AP:AP),0),IFERROR(_xlfn.XLOOKUP($D3,'INT-_Manjiri'!$C:$C,'INT-_Manjiri'!AO:AO),0),IFERROR(_xlfn.XLOOKUP($D3,'USA-_Sea_shipment'!$C:$C,'USA-_Sea_shipment'!AO:AO),0),IFERROR(_xlfn.XLOOKUP($D3,Amazon_USA_Sea!$C:$C,Amazon_USA_Sea!AO:AO),0),IFERROR(_xlfn.XLOOKUP($D3,USA_Air_Shipment!$C:$C,USA_Air_Shipment!AN:AN),0),IFERROR(_xlfn.XLOOKUP($D3,Amazon_USA_Air_Shipment!$C:$C,Amazon_USA_Air_Shipment!AN:AN),0),IFERROR(_xlfn.XLOOKUP($D3,MENA!$C:$C,MENA!AN:AN),0),IFERROR(_xlfn.XLOOKUP($D3,UK!$C:$C,UK!AN:AN),0),IFERROR(_xlfn.XLOOKUP($D3,BMM_Order!$C:$C,BMM_Order!AN:AN),0),IFERROR(_xlfn.XLOOKUP($D3,'Adhoc-_Backlog'!$C:$C,'Adhoc-_Backlog'!AP:AP),0)) -> 0 | AX3: =SUM(IFERROR(_xlfn.XLOOKUP($D3,Domestic!$C:$C,Domestic!AQ:AQ),0),IFERROR(_xlfn.XLOOKUP($D3,'INT-_Manjiri'!$C:$C,'INT-_Manjiri'!AP:AP),0),IFERROR(_xlfn.XLOOKUP($D3,'USA-_Sea_shipment'!$C:$C,'USA-_Sea_shipment'!AP:AP),0),IFERROR(_xlfn.XLOOKUP($D3,Amazon_USA_Sea!$C:$C,Amazon_USA_Sea!AP:AP),0),IFERROR(_xlfn.XLOOKUP($D3,USA_Air_Shipment!$C:$C,USA_Air_Shipment!AO:AO),0),IFERROR(_xlfn.XLOOKUP($D3,Amazon_USA_Air_Shipment!$C:$C,Amazon_USA_Air_Shipment!AO:AO),0),IFERROR(_xlfn.XLOOKUP($D3,MENA!$C:$C,MENA!AO:AO),0),IFERROR(_xlfn.XLOOKUP($D3,UK!$C:$C,UK!AO:AO),0),IFERROR(_xlfn.XLOOKUP($D3,BMM_Order!$C:$C,BMM_Order!AO:AO),0),IFERROR(_xlfn.XLOOKUP($D3,'Adhoc-_Backlog'!$C:$C,'Adhoc-_Backlog'!AQ:AQ),0)) -> 0 | AY3: =SUM(IFERROR(_xlfn.XLOOKUP($D3,Domestic!$C:$C,Domestic!AR:AR),0),IFERROR(_xlfn.XLOOKUP($D3,'INT-_Manjiri'!$C:$C,'INT-_Manjiri'!AQ:AQ),0),IFERROR(_xlfn.XLOOKUP($D3,'USA-_Sea_shipment'!$C:$C,'USA-_Sea_shipment'!AQ:AQ),0),IFERROR(_xlfn.XLOOKUP($D3,Amazon_USA_Sea!$C:$C,Amazon_USA_Sea!AQ:AQ),0),IFERROR(_xlfn.XLOOKUP($D3,USA_Air_Shipment!$C:$C,USA_Air_Shipment!AP:AP),0),IFERROR(_xlfn.XLOOKUP($D3,Amazon_USA_Air_Shipment!$C:$C,Amazon_USA_Air_Shipment!AP:AP),0),IFERROR(_xlfn.XLOOKUP($D3,MENA!$C:$C,MENA!AP:AP),0),IFERROR(_xlfn.XLOOKUP($D3,UK!$C:$C,UK!AP:AP),0),IFERROR(_xlfn.XLOOKUP($D3,BMM_Order!$C:$C,BMM_Order!AP:AP),0),IFERROR(_xlfn.XLOOKUP($D3,'Adhoc-_Backlog'!$C:$C,'Adhoc-_Backlog'!AR:AR),0)) -> 0 | AZ3: =SUM(IFERROR(_xlfn.XLOOKUP($D3,Domestic!$C:$C,Domestic!AS:AS),0),IFERROR(_xlfn.XLOOKUP($D3,'INT-_Manjiri'!$C:$C,'INT-_Manjiri'!AR:AR),0),IFERROR(_xlfn.XLOOKUP($D3,'USA-_Sea_shipment'!$C:$C,'USA-_Sea_shipment'!AR:AR),0),IFERROR(_xlfn.XLOOKUP($D3,Amazon_USA_Sea!$C:$C,Amazon_USA_Sea!AR:AR),0),IFERROR(_xlfn.XLOOKUP($D3,USA_Air_Shipment!$C:$C,USA_Air_Shipment!AQ:AQ),0),IFERROR(_xlfn.XLOOKUP($D3,Amazon_USA_Air_Shipment!$C:$C,Amazon_USA_Air_Shipment!AQ:AQ),0),IFERROR(_xlfn.XLOOKUP($D3,MENA!$C:$C,MENA!AQ:AQ),0),IFERROR(_xlfn.XLOOKUP($D3,UK!$C:$C,UK!AQ:AQ),0),IFERROR(_xlfn.XLOOKUP($D3,BMM_Order!$C:$C,BMM_Order!AQ:AQ),0),IFERROR(_xlfn.XLOOKUP($D3,'Adhoc-_Backlog'!$C:$C,'Adhoc-_Backlog'!AS:AS),0)) -> 0 | BA3: =SUM(IFERROR(_xlfn.XLOOKUP($D3,Domestic!$C:$C,Domestic!AT:AT),0),IFERROR(_xlfn.XLOOKUP($D3,'INT-_Manjiri'!$C:$C,'INT-_Manjiri'!AS:AS),0),IFERROR(_xlfn.XLOOKUP($D3,'USA-_Sea_shipment'!$C:$C,'USA-_Sea_shipment'!AS:AS),0),IFERROR(_xlfn.XLOOKUP($D3,Amazon_USA_Sea!$C:$C,Amazon_USA_Sea!AS:AS),0),IFERROR(_xlfn.XLOOKUP($D3,USA_Air_Shipment!$C:$C,USA_Air_Shipment!AR:AR),0),IFERROR(_xlfn.XLOOKUP($D3,Amazon_USA_Air_Shipment!$C:$C,Amazon_USA_Air_Shipment!AR:AR),0),IFERROR(_xlfn.XLOOKUP($D3,MENA!$C:$C,MENA!AR:AR),0),IFERROR(_xlfn.XLOOKUP($D3,UK!$C:$C,UK!AR:AR),0),IFERROR(_xlfn.XLOOKUP($D3,BMM_Order!$C:$C,BMM_Order!AR:AR),0),IFERROR(_xlfn.XLOOKUP($D3,'Adhoc-_Backlog'!$C:$C,'Adhoc-_Backlog'!AT:AT),0)) -> 0 | BB3: =SUM($P3:$BA3) -> 0 | BC3: =BB3*$F3 -> 0 | BD3: =$O3-BB3 -> 186 | BE3: =BD3*$F3 -> 37.2 | BF3: =IFERROR(BB3/$O3,0) -> 0 | BG3: =_xlfn.TEXTJOIN(" | ",TRUE,IFERROR(_xlfn.XLOOKUP($D3,Domestic!$C:$C,Domestic!$BG:$BG,""),""),IFERROR(_xlfn.XLOOKUP($D3,'INT-_Manjiri'!$C:$C,'INT-_Manjiri'!$AY:$AY,""),""),IFERROR(_xlfn.XLOOKUP($D3,'USA-_Sea_shipment'!$C:$C,'USA-_Sea_shipment'!#REF!,""),""),IFERROR(_xlfn.XLOOKUP($D3,Amazon_USA_Sea!$C:$C,Amazon_USA_Sea!$AY:$AY,""),""),IFERROR(_xlfn.XLOOKUP($D3,USA_Air_Shipment!$C:$C,USA_Air_Shipment!$AW:$AW,""),""),IFERROR(_xlfn.XLOOKUP($D3,Amazon_USA_Air_Shipment!$C:$C,Amazon_USA_Air_Shipment!$AW:$AW,""),""),IFERROR(_xlfn.XLOOKUP($D3,MENA!$C:$C,MENA!$AW:$AW,""),""),IFERROR(_xlfn.XLOOKUP($D3,UK!$C:$C,UK!$BA:$BA,""),""),IFERROR(_xlfn.XLOOKUP($D3,BMM_Order!$C:$C,BMM_Order!$BA:$BA,""),""),IFERROR(_xlfn.XLOOKUP($D3,'Adhoc-_Backlog'!$C:$C,'Adhoc-_Backlog'!$BD:$BD,""),"")) | BH3: =_xlfn.XLOOKUP(D3,Raw_Data!A:A,Raw_Data!B:B) -> 2 | BI3: =BH3/(O3/30) -> 0.32258065 | BJ3: =IF(BI3="","",IF(BI3<=5,10,IF(BI3<=10,7,IF(BI3<=20,5,3)))) -> 10 | BK3: =IF(N($O3)=0,"P3 – Normal", IF($BJ3="","", IF($BJ3=10,"P1 – Critical", IF($BJ3=7,"P2 – High","P3 – Normal")))) -> P1 – Critical | BL3: Lid Label Issues
A4: =15 -> 15 | B4: Ghee | D4: =Projection_!A18 -> FG00039 | E4: =Projection_!B18 -> Brahmi Ghee - 250 gm | F4: 0.25 | G4: =IFERROR(_xlfn.XLOOKUP($D4,Projection_!$A:$A,Projection_!$J:$J),0) -> 218 | H4: =IFERROR(_xlfn.XLOOKUP($D4,Projection_!$A:$A,Projection_!$K:$K),0) -> 0 | I4: =IFERROR(_xlfn.XLOOKUP($D4,Projection_!$A:$A,Projection_!$L:$L),0) -> 35 | J4: =IFERROR(_xlfn.XLOOKUP($D4,Projection_!$A:$A,Projection_!$M:$M),0) -> 0 | K4: =IFERROR(_xlfn.XLOOKUP($D4,Projection_!$A:$A,Projection_!$Q:$Q),0) -> 0 | L4: =IFERROR(_xlfn.XLOOKUP($D4,Projection_!$A:$A,Projection_!$R:$R),0) -> 0 | M4: =IFERROR(_xlfn.XLOOKUP($D4,Projection_!$A:$A,Projection_!$O:$O),0) -> 0 | N4: =IFERROR(_xlfn.XLOOKUP($D4,Projection_!$A:$A,Projection_!$P:$P),0) -> 0 | O4: =SUM(G4:N4) -> 253 | P4: =SUM(IFERROR(_xlfn.XLOOKUP($D4,Domestic!$C:$C,Domestic!I:I),0),IFERROR(_xlfn.XLOOKUP($D4,'INT-_Manjiri'!$C:$C,'INT-_Manjiri'!H:H),0),IFERROR(_xlfn.XLOOKUP($D4,'USA-_Sea_shipment'!$C:$C,'USA-_Sea_shipment'!H:H),0),IFERROR(_xlfn.XLOOKUP($D4,Amazon_USA_Sea!$C:$C,Amazon_USA_Sea!H:H),0),IFERROR(_xlfn.XLOOKUP($D4,USA_Air_Shipment!$C:$C,USA_Air_Shipment!G:G),0),IFERROR(_xlfn.XLOOKUP($D4,Amazon_USA_Air_Shipment!$C:$C,Amazon_USA_Air_Shipment!G:G),0),IFERROR(_xlfn.XLOOKUP($D4,MENA!$C:$C,MENA!G:G),0),IFERROR(_xlfn.XLOOKUP($D4,UK!$C:$C,UK!G:G),0),IFERROR(_xlfn.XLOOKUP($D4,BMM_Order!$C:$C,BMM_Order!G:G),0),IFERROR(_xlfn.XLOOKUP($D4,'Adhoc-_Backlog'!$C:$C,'Adhoc-_Backlog'!I:I),0)) -> 0 | Q4: =SUM(IFERROR(_xlfn.XLOOKUP($D4,Domestic!$C:$C,Domestic!J:J),0),IFERROR(_xlfn.XLOOKUP($D4,'INT-_Manjiri'!$C:$C,'INT-_Manjiri'!I:I),0),IFERROR(_xlfn.XLOOKUP($D4,'USA-_Sea_shipment'!$C:$C,'USA-_Sea_shipment'!I:I),0),IFERROR(_xlfn.XLOOKUP($D4,Amazon_USA_Sea!$C:$C,Amazon_USA_Sea!I:I),0),IFERROR(_xlfn.XLOOKUP($D4,USA_Air_Shipment!$C:$C,USA_Air_Shipment!H:H),0),IFERROR(_xlfn.XLOOKUP($D4,Amazon_USA_Air_Shipment!$C:$C,Amazon_USA_Air_Shipment!H:H),0),IFERROR(_xlfn.XLOOKUP($D4,MENA!$C:$C,MENA!H:H),0),IFERROR(_xlfn.XLOOKUP($D4,UK!$C:$C,UK!H:H),0),IFERROR(_xlfn.XLOOKUP($D4,BMM_Order!$C:$C,BMM_Order!H:H),0),IFERROR(_xlfn.XLOOKUP($D4,'Adhoc-_Backlog'!$C:$C,'Adhoc-_Backlog'!J:J),0)) -> 0 | R4: =SUM(IFERROR(_xlfn.XLOOKUP($D4,Domestic!$C:$C,Domestic!K:K),0),IFERROR(_xlfn.XLOOKUP($D4,'INT-_Manjiri'!$C:$C,'INT-_Manjiri'!J:J),0),IFERROR(_xlfn.XLOOKUP($D4,'USA-_Sea_shipment'!$C:$C,'USA-_Sea_shipment'!J:J),0),IFERROR(_xlfn.XLOOKUP($D4,Amazon_USA_Sea!$C:$C,Amazon_USA_Sea!J:J),0),IFERROR(_xlfn.XLOOKUP($D4,USA_Air_Shipment!$C:$C,USA_Air_Shipment!I:I),0),IFERROR(_xlfn.XLOOKUP($D4,Amazon_USA_Air_Shipment!$C:$C,Amazon_USA_Air_Shipment!I:I),0),IFERROR(_xlfn.XLOOKUP($D4,MENA!$C:$C,MENA!I:I),0),IFERROR(_xlfn.XLOOKUP($D4,UK!$C:$C,UK!I:I),0),IFERROR(_xlfn.XLOOKUP($D4,BMM_Order!$C:$C,BMM_Order!I:I),0),IFERROR(_xlfn.XLOOKUP($D4,'Adhoc-_Backlog'!$C:$C,'Adhoc-_Backlog'!K:K),0)) -> 0 | S4: =SUM(IFERROR(_xlfn.XLOOKUP($D4,Domestic!$C:$C,Domestic!L:L),0),IFERROR(_xlfn.XLOOKUP($D4,'INT-_Manjiri'!$C:$C,'INT-_Manjiri'!K:K),0),IFERROR(_xlfn.XLOOKUP($D4,'USA-_Sea_shipment'!$C:$C,'USA-_Sea_shipment'!K:K),0),IFERROR(_xlfn.XLOOKUP($D4,Amazon_USA_Sea!$C:$C,Amazon_USA_Sea!K:K),0),IFERROR(_xlfn.XLOOKUP($D4,USA_Air_Shipment!$C:$C,USA_Air_Shipment!J:J),0),IFERROR(_xlfn.XLOOKUP($D4,Amazon_USA_Air_Shipment!$C:$C,Amazon_USA_Air_Shipment!J:J),0),IFERROR(_xlfn.XLOOKUP($D4,MENA!$C:$C,MENA!J:J),0),IFERROR(_xlfn.XLOOKUP($D4,UK!$C:$C,UK!J:J),0),IFERROR(_xlfn.XLOOKUP($D4,BMM_Order!$C:$C,BMM_Order!J:J),0),IFERROR(_xlfn.XLOOKUP($D4,'Adhoc-_Backlog'!$C:$C,'Adhoc-_Backlog'!L:L),0)) -> 0 | T4: =SUM(IFERROR(_xlfn.XLOOKUP($D4,Domestic!$C:$C,Domestic!M:M),0),IFERROR(_xlfn.XLOOKUP($D4,'INT-_Manjiri'!$C:$C,'INT-_Manjiri'!L:L),0),IFERROR(_xlfn.XLOOKUP($D4,'USA-_Sea_shipment'!$C:$C,'USA-_Sea_shipment'!L:L),0),IFERROR(_xlfn.XLOOKUP($D4,Amazon_USA_Sea!$C:$C,Amazon_USA_Sea!L:L),0),IFERROR(_xlfn.XLOOKUP($D4,USA_Air_Shipment!$C:$C,USA_Air_Shipment!K:K),0),IFERROR(_xlfn.XLOOKUP($D4,Amazon_USA_Air_Shipment!$C:$C,Amazon_USA_Air_Shipment!K:K),0),IFERROR(_xlfn.XLOOKUP($D4,MENA!$C:$C,MENA!K:K),0),IFERROR(_xlfn.XLOOKUP($D4,UK!$C:$C,UK!K:K),0),IFERROR(_xlfn.XLOOKUP($D4,BMM_Order!$C:$C,BMM_Order!K:K),0),IFERROR(_xlfn.XLOOKUP($D4,'Adhoc-_Backlog'!$C:$C,'Adhoc-_Backlog'!M:M),0)) -> 0 | U4: =SUM(IFERROR(_xlfn.XLOOKUP($D4,Domestic!$C:$C,Domestic!N:N),0),IFERROR(_xlfn.XLOOKUP($D4,'INT-_Manjiri'!$C:$C,'INT-_Manjiri'!M:M),0),IFERROR(_xlfn.XLOOKUP($D4,'USA-_Sea_shipment'!$C:$C,'USA-_Sea_shipment'!M:M),0),IFERROR(_xlfn.XLOOKUP($D4,Amazon_USA_Sea!$C:$C,Amazon_USA_Sea!M:M),0),IFERROR(_xlfn.XLOOKUP($D4,USA_Air_Shipment!$C:$C,USA_Air_Shipment!L:L),0),IFERROR(_xlfn.XLOOKUP($D4,Amazon_USA_Air_Shipment!$C:$C,Amazon_USA_Air_Shipment!L:L),0),IFERROR(_xlfn.XLOOKUP($D4,MENA!$C:$C,MENA!L:L),0),IFERROR(_xlfn.XLOOKUP($D4,UK!$C:$C,UK!L:L),0),IFERROR(_xlfn.XLOOKUP($D4,BMM_Order!$C:$C,BMM_Order!L:L),0),IFERROR(_xlfn.XLOOKUP($D4,'Adhoc-_Backlog'!$C:$C,'Adhoc-_Backlog'!N:N),0)) -> 0 | V4: =SUM(IFERROR(_xlfn.XLOOKUP($D4,Domestic!$C:$C,Domestic!O:O),0),IFERROR(_xlfn.XLOOKUP($D4,'INT-_Manjiri'!$C:$C,'INT-_Manjiri'!N:N),0),IFERROR(_xlfn.XLOOKUP($D4,'USA-_Sea_shipment'!$C:$C,'USA-_Sea_shipment'!N:N),0),IFERROR(_xlfn.XLOOKUP($D4,Amazon_USA_Sea!$C:$C,Amazon_USA_Sea!N:N),0),IFERROR(_xlfn.XLOOKUP($D4,USA_Air_Shipment!$C:$C,USA_Air_Shipment!M:M),0),IFERROR(_xlfn.XLOOKUP($D4,Amazon_USA_Air_Shipment!$C:$C,Amazon_USA_Air_Shipment!M:M),0),IFERROR(_xlfn.XLOOKUP($D4,MENA!$C:$C,MENA!M:M),0),IFERROR(_xlfn.XLOOKUP($D4,UK!$C:$C,UK!M:M),0),IFERROR(_xlfn.XLOOKUP($D4,BMM_Order!$C:$C,BMM_Order!M:M),0),IFERROR(_xlfn.XLOOKUP($D4,'Adhoc-_Backlog'!$C:$C,'Adhoc-_Backlog'!O:O),0)) -> 0 | W4: =SUM(IFERROR(_xlfn.XLOOKUP($D4,Domestic!$C:$C,Domestic!P:P),0),IFERROR(_xlfn.XLOOKUP($D4,'INT-_Manjiri'!$C:$C,'INT-_Manjiri'!O:O),0),IFERROR(_xlfn.XLOOKUP($D4,'USA-_Sea_shipment'!$C:$C,'USA-_Sea_shipment'!O:O),0),IFERROR(_xlfn.XLOOKUP($D4,Amazon_USA_Sea!$C:$C,Amazon_USA_Sea!O:O),0),IFERROR(_xlfn.XLOOKUP($D4,USA_Air_Shipment!$C:$C,USA_Air_Shipment!N:N),0),IFERROR(_xlfn.XLOOKUP($D4,Amazon_USA_Air_Shipment!$C:$C,Amazon_USA_Air_Shipment!N:N),0),IFERROR(_xlfn.XLOOKUP($D4,MENA!$C:$C,MENA!N:N),0),IFERROR(_xlfn.XLOOKUP($D4,UK!$C:$C,UK!N:N),0),IFERROR(_xlfn.XLOOKUP($D4,BMM_Order!$C:$C,BMM_Order!N:N),0),IFERROR(_xlfn.XLOOKUP($D4,'Adhoc-_Backlog'!$C:$C,'Adhoc-_Backlog'!P:P),0)) -> 0 | X4: =SUM(IFERROR(_xlfn.XLOOKUP($D4,Domestic!$C:$C,Domestic!Q:Q),0),IFERROR(_xlfn.XLOOKUP($D4,'INT-_Manjiri'!$C:$C,'INT-_Manjiri'!P:P),0),IFERROR(_xlfn.XLOOKUP($D4,'USA-_Sea_shipment'!$C:$C,'USA-_Sea_shipment'!P:P),0),IFERROR(_xlfn.XLOOKUP($D4,Amazon_USA_Sea!$C:$C,Amazon_USA_Sea!P:P),0),IFERROR(_xlfn.XLOOKUP($D4,USA_Air_Shipment!$C:$C,USA_Air_Shipment!O:O),0),IFERROR(_xlfn.XLOOKUP($D4,Amazon_USA_Air_Shipment!$C:$C,Amazon_USA_Air_Shipment!O:O),0),IFERROR(_xlfn.XLOOKUP($D4,MENA!$C:$C,MENA!O:O),0),IFERROR(_xlfn.XLOOKUP($D4,UK!$C:$C,UK!O:O),0),IFERROR(_xlfn.XLOOKUP($D4,BMM_Order!$C:$C,BMM_Order!O:O),0),IFERROR(_xlfn.XLOOKUP($D4,'Adhoc-_Backlog'!$C:$C,'Adhoc-_Backlog'!Q:Q),0)) -> 0 | Y4: =SUM(IFERROR(_xlfn.XLOOKUP($D4,Domestic!$C:$C,Domestic!R:R),0),IFERROR(_xlfn.XLOOKUP($D4,'INT-_Manjiri'!$C:$C,'INT-_Manjiri'!Q:Q),0),IFERROR(_xlfn.XLOOKUP($D4,'USA-_Sea_shipment'!$C:$C,'USA-_Sea_shipment'!Q:Q),0),IFERROR(_xlfn.XLOOKUP($D4,Amazon_USA_Sea!$C:$C,Amazon_USA_Sea!Q:Q),0),IFERROR(_xlfn.XLOOKUP($D4,USA_Air_Shipment!$C:$C,USA_Air_Shipment!P:P),0),IFERROR(_xlfn.XLOOKUP($D4,Amazon_USA_Air_Shipment!$C:$C,Amazon_USA_Air_Shipment!P:P),0),IFERROR(_xlfn.XLOOKUP($D4,MENA!$C:$C,MENA!P:P),0),IFERROR(_xlfn.XLOOKUP($D4,UK!$C:$C,UK!P:P),0),IFERROR(_xlfn.XLOOKUP($D4,BMM_Order!$C:$C,BMM_Order!P:P),0),IFERROR(_xlfn.XLOOKUP($D4,'Adhoc-_Backlog'!$C:$C,'Adhoc-_Backlog'!R:R),0)) -> 0 | Z4: =SUM(IFERROR(_xlfn.XLOOKUP($D4,Domestic!$C:$C,Domestic!S:S),0),IFERROR(_xlfn.XLOOKUP($D4,'INT-_Manjiri'!$C:$C,'INT-_Manjiri'!R:R),0),IFERROR(_xlfn.XLOOKUP($D4,'USA-_Sea_shipment'!$C:$C,'USA-_Sea_shipment'!R:R),0),IFERROR(_xlfn.XLOOKUP($D4,Amazon_USA_Sea!$C:$C,Amazon_USA_Sea!R:R),0),IFERROR(_xlfn.XLOOKUP($D4,USA_Air_Shipment!$C:$C,USA_Air_Shipment!Q:Q),0),IFERROR(_xlfn.XLOOKUP($D4,Amazon_USA_Air_Shipment!$C:$C,Amazon_USA_Air_Shipment!Q:Q),0),IFERROR(_xlfn.XLOOKUP($D4,MENA!$C:$C,MENA!Q:Q),0),IFERROR(_xlfn.XLOOKUP($D4,UK!$C:$C,UK!Q:Q),0),IFERROR(_xlfn.XLOOKUP($D4,BMM_Order!$C:$C,BMM_Order!Q:Q),0),IFERROR(_xlfn.XLOOKUP($D4,'Adhoc-_Backlog'!$C:$C,'Adhoc-_Backlog'!S:S),0)) -> 0 | AA4: =SUM(IFERROR(_xlfn.XLOOKUP($D4,Domestic!$C:$C,Domestic!T:T),0),IFERROR(_xlfn.XLOOKUP($D4,'INT-_Manjiri'!$C:$C,'INT-_Manjiri'!S:S),0),IFERROR(_xlfn.XLOOKUP($D4,'USA-_Sea_shipment'!$C:$C,'USA-_Sea_shipment'!S:S),0),IFERROR(_xlfn.XLOOKUP($D4,Amazon_USA_Sea!$C:$C,Amazon_USA_Sea!S:S),0),IFERROR(_xlfn.XLOOKUP($D4,USA_Air_Shipment!$C:$C,USA_Air_Shipment!R:R),0),IFERROR(_xlfn.XLOOKUP($D4,Amazon_USA_Air_Shipment!$C:$C,Amazon_USA_Air_Shipment!R:R),0),IFERROR(_xlfn.XLOOKUP($D4,MENA!$C:$C,MENA!R:R),0),IFERROR(_xlfn.XLOOKUP($D4,UK!$C:$C,UK!R:R),0),IFERROR(_xlfn.XLOOKUP($D4,BMM_Order!$C:$C,BMM_Order!R:R),0),IFERROR(_xlfn.XLOOKUP($D4,'Adhoc-_Backlog'!$C:$C,'Adhoc-_Backlog'!T:T),0)) -> 0 | AB4: =SUM(IFERROR(_xlfn.XLOOKUP($D4,Domestic!$C:$C,Domestic!U:U),0),IFERROR(_xlfn.XLOOKUP($D4,'INT-_Manjiri'!$C:$C,'INT-_Manjiri'!T:T),0),IFERROR(_xlfn.XLOOKUP($D4,'USA-_Sea_shipment'!$C:$C,'USA-_Sea_shipment'!T:T),0),IFERROR(_xlfn.XLOOKUP($D4,Amazon_USA_Sea!$C:$C,Amazon_USA_Sea!T:T),0),IFERROR(_xlfn.XLOOKUP($D4,USA_Air_Shipment!$C:$C,USA_Air_Shipment!S:S),0),IFERROR(_xlfn.XLOOKUP($D4,Amazon_USA_Air_Shipment!$C:$C,Amazon_USA_Air_Shipment!S:S),0),IFERROR(_xlfn.XLOOKUP($D4,MENA!$C:$C,MENA!S:S),0),IFERROR(_xlfn.XLOOKUP($D4,UK!$C:$C,UK!S:S),0),IFERROR(_xlfn.XLOOKUP($D4,BMM_Order!$C:$C,BMM_Order!S:S),0),IFERROR(_xlfn.XLOOKUP($D4,'Adhoc-_Backlog'!$C:$C,'Adhoc-_Backlog'!U:U),0)) -> 0 | AC4: =SUM(IFERROR(_xlfn.XLOOKUP($D4,Domestic!$C:$C,Domestic!V:V),0),IFERROR(_xlfn.XLOOKUP($D4,'INT-_Manjiri'!$C:$C,'INT-_Manjiri'!U:U),0),IFERROR(_xlfn.XLOOKUP($D4,'USA-_Sea_shipment'!$C:$C,'USA-_Sea_shipment'!U:U),0),IFERROR(_xlfn.XLOOKUP($D4,Amazon_USA_Sea!$C:$C,Amazon_USA_Sea!U:U),0),IFERROR(_xlfn.XLOOKUP($D4,USA_Air_Shipment!$C:$C,USA_Air_Shipment!T:T),0),IFERROR(_xlfn.XLOOKUP($D4,Amazon_USA_Air_Shipment!$C:$C,Amazon_USA_Air_Shipment!T:T),0),IFERROR(_xlfn.XLOOKUP($D4,MENA!$C:$C,MENA!T:T),0),IFERROR(_xlfn.XLOOKUP($D4,UK!$C:$C,UK!T:T),0),IFERROR(_xlfn.XLOOKUP($D4,BMM_Order!$C:$C,BMM_Order!T:T),0),IFERROR(_xlfn.XLOOKUP($D4,'Adhoc-_Backlog'!$C:$C,'Adhoc-_Backlog'!V:V),0)) -> 0 | AD4: =SUM(IFERROR(_xlfn.XLOOKUP($D4,Domestic!$C:$C,Domestic!W:W),0),IFERROR(_xlfn.XLOOKUP($D4,'INT-_Manjiri'!$C:$C,'INT-_Manjiri'!V:V),0),IFERROR(_xlfn.XLOOKUP($D4,'USA-_Sea_shipment'!$C:$C,'USA-_Sea_shipment'!V:V),0),IFERROR(_xlfn.XLOOKUP($D4,Amazon_USA_Sea!$C:$C,Amazon_USA_Sea!V:V),0),IFERROR(_xlfn.XLOOKUP($D4,USA_Air_Shipment!$C:$C,USA_Air_Shipment!U:U),0),IFERROR(_xlfn.XLOOKUP($D4,Amazon_USA_Air_Shipment!$C:$C,Amazon_USA_Air_Shipment!U:U),0),IFERROR(_xlfn.XLOOKUP($D4,MENA!$C:$C,MENA!U:U),0),IFERROR(_xlfn.XLOOKUP($D4,UK!$C:$C,UK!U:U),0),IFERROR(_xlfn.XLOOKUP($D4,BMM_Order!$C:$C,BMM_Order!U:U),0),IFERROR(_xlfn.XLOOKUP($D4,'Adhoc-_Backlog'!$C:$C,'Adhoc-_Backlog'!W:W),0)) -> 0 | AE4: =SUM(IFERROR(_xlfn.XLOOKUP($D4,Domestic!$C:$C,Domestic!X:X),0),IFERROR(_xlfn.XLOOKUP($D4,'INT-_Manjiri'!$C:$C,'INT-_Manjiri'!W:W),0),IFERROR(_xlfn.XLOOKUP($D4,'USA-_Sea_shipment'!$C:$C,'USA-_Sea_shipment'!W:W),0),IFERROR(_xlfn.XLOOKUP($D4,Amazon_USA_Sea!$C:$C,Amazon_USA_Sea!W:W),0),IFERROR(_xlfn.XLOOKUP($D4,USA_Air_Shipment!$C:$C,USA_Air_Shipment!V:V),0),IFERROR(_xlfn.XLOOKUP($D4,Amazon_USA_Air_Shipment!$C:$C,Amazon_USA_Air_Shipment!V:V),0),IFERROR(_xlfn.XLOOKUP($D4,MENA!$C:$C,MENA!V:V),0),IFERROR(_xlfn.XLOOKUP($D4,UK!$C:$C,UK!V:V),0),IFERROR(_xlfn.XLOOKUP($D4,BMM_Order!$C:$C,BMM_Order!V:V),0),IFERROR(_xlfn.XLOOKUP($D4,'Adhoc-_Backlog'!$C:$C,'Adhoc-_Backlog'!X:X),0)) -> 0 | AF4: =SUM(IFERROR(_xlfn.XLOOKUP($D4,Domestic!$C:$C,Domestic!Y:Y),0),IFERROR(_xlfn.XLOOKUP($D4,'INT-_Manjiri'!$C:$C,'INT-_Manjiri'!X:X),0),IFERROR(_xlfn.XLOOKUP($D4,'USA-_Sea_shipment'!$C:$C,'USA-_Sea_shipment'!X:X),0),IFERROR(_xlfn.XLOOKUP($D4,Amazon_USA_Sea!$C:$C,Amazon_USA_Sea!X:X),0),IFERROR(_xlfn.XLOOKUP($D4,USA_Air_Shipment!$C:$C,USA_Air_Shipment!W:W),0),IFERROR(_xlfn.XLOOKUP($D4,Amazon_USA_Air_Shipment!$C:$C,Amazon_USA_Air_Shipment!W:W),0),IFERROR(_xlfn.XLOOKUP($D4,MENA!$C:$C,MENA!W:W),0),IFERROR(_xlfn.XLOOKUP($D4,UK!$C:$C,UK!W:W),0),IFERROR(_xlfn.XLOOKUP($D4,BMM_Order!$C:$C,BMM_Order!W:W),0),IFERROR(_xlfn.XLOOKUP($D4,'Adhoc-_Backlog'!$C:$C,'Adhoc-_Backlog'!Y:Y),0)) -> 0 | AG4: =SUM(IFERROR(_xlfn.XLOOKUP($D4,Domestic!$C:$C,Domestic!Z:Z),0),IFERROR(_xlfn.XLOOKUP($D4,'INT-_Manjiri'!$C:$C,'INT-_Manjiri'!Y:Y),0),IFERROR(_xlfn.XLOOKUP($D4,'USA-_Sea_shipment'!$C:$C,'USA-_Sea_shipment'!Y:Y),0),IFERROR(_xlfn.XLOOKUP($D4,Amazon_USA_Sea!$C:$C,Amazon_USA_Sea!Y:Y),0),IFERROR(_xlfn.XLOOKUP($D4,USA_Air_Shipment!$C:$C,USA_Air_Shipment!X:X),0),IFERROR(_xlfn.XLOOKUP($D4,Amazon_USA_Air_Shipment!$C:$C,Amazon_USA_Air_Shipment!X:X),0),IFERROR(_xlfn.XLOOKUP($D4,MENA!$C:$C,MENA!X:X),0),IFERROR(_xlfn.XLOOKUP($D4,UK!$C:$C,UK!X:X),0),IFERROR(_xlfn.XLOOKUP($D4,BMM_Order!$C:$C,BMM_Order!X:X),0),IFERROR(_xlfn.XLOOKUP($D4,'Adhoc-_Backlog'!$C:$C,'Adhoc-_Backlog'!Z:Z),0)) -> 0 | AH4: =SUM(IFERROR(_xlfn.XLOOKUP($D4,Domestic!$C:$C,Domestic!AA:AA),0),IFERROR(_xlfn.XLOOKUP($D4,'INT-_Manjiri'!$C:$C,'INT-_Manjiri'!Z:Z),0),IFERROR(_xlfn.XLOOKUP($D4,'USA-_Sea_shipment'!$C:$C,'USA-_Sea_shipment'!Z:Z),0),IFERROR(_xlfn.XLOOKUP($D4,Amazon_USA_Sea!$C:$C,Amazon_USA_Sea!Z:Z),0),IFERROR(_xlfn.XLOOKUP($D4,USA_Air_Shipment!$C:$C,USA_Air_Shipment!Y:Y),0),IFERROR(_xlfn.XLOOKUP($D4,Amazon_USA_Air_Shipment!$C:$C,Amazon_USA_Air_Shipment!Y:Y),0),IFERROR(_xlfn.XLOOKUP($D4,MENA!$C:$C,MENA!Y:Y),0),IFERROR(_xlfn.XLOOKUP($D4,UK!$C:$C,UK!Y:Y),0),IFERROR(_xlfn.XLOOKUP($D4,BMM_Order!$C:$C,BMM_Order!Y:Y),0),IFERROR(_xlfn.XLOOKUP($D4,'Adhoc-_Backlog'!$C:$C,'Adhoc-_Backlog'!AA:AA),0)) -> 0 | AI4: =SUM(IFERROR(_xlfn.XLOOKUP($D4,Domestic!$C:$C,Domestic!AB:AB),0),IFERROR(_xlfn.XLOOKUP($D4,'INT-_Manjiri'!$C:$C,'INT-_Manjiri'!AA:AA),0),IFERROR(_xlfn.XLOOKUP($D4,'USA-_Sea_shipment'!$C:$C,'USA-_Sea_shipment'!AA:AA),0),IFERROR(_xlfn.XLOOKUP($D4,Amazon_USA_Sea!$C:$C,Amazon_USA_Sea!AA:AA),0),IFERROR(_xlfn.XLOOKUP($D4,USA_Air_Shipment!$C:$C,USA_Air_Shipment!Z:Z),0),IFERROR(_xlfn.XLOOKUP($D4,Amazon_USA_Air_Shipment!$C:$C,Amazon_USA_Air_Shipment!Z:Z),0),IFERROR(_xlfn.XLOOKUP($D4,MENA!$C:$C,MENA!Z:Z),0),IFERROR(_xlfn.XLOOKUP($D4,UK!$C:$C,UK!Z:Z),0),IFERROR(_xlfn.XLOOKUP($D4,BMM_Order!$C:$C,BMM_Order!Z:Z),0),IFERROR(_xlfn.XLOOKUP($D4,'Adhoc-_Backlog'!$C:$C,'Adhoc-_Backlog'!AB:AB),0)) -> 0 | AJ4: =SUM(IFERROR(_xlfn.XLOOKUP($D4,Domestic!$C:$C,Domestic!AC:AC),0),IFERROR(_xlfn.XLOOKUP($D4,'INT-_Manjiri'!$C:$C,'INT-_Manjiri'!AB:AB),0),IFERROR(_xlfn.XLOOKUP($D4,'USA-_Sea_shipment'!$C:$C,'USA-_Sea_shipment'!AB:AB),0),IFERROR(_xlfn.XLOOKUP($D4,Amazon_USA_Sea!$C:$C,Amazon_USA_Sea!AB:AB),0),IFERROR(_xlfn.XLOOKUP($D4,USA_Air_Shipment!$C:$C,USA_Air_Shipment!AA:AA),0),IFERROR(_xlfn.XLOOKUP($D4,Amazon_USA_Air_Shipment!$C:$C,Amazon_USA_Air_Shipment!AA:AA),0),IFERROR(_xlfn.XLOOKUP($D4,MENA!$C:$C,MENA!AA:AA),0),IFERROR(_xlfn.XLOOKUP($D4,UK!$C:$C,UK!AA:AA),0),IFERROR(_xlfn.XLOOKUP($D4,BMM_Order!$C:$C,BMM_Order!AA:AA),0),IFERROR(_xlfn.XLOOKUP($D4,'Adhoc-_Backlog'!$C:$C,'Adhoc-_Backlog'!AC:AC),0)) -> 0 | AK4: =SUM(IFERROR(_xlfn.XLOOKUP($D4,Domestic!$C:$C,Domestic!AD:AD),0),IFERROR(_xlfn.XLOOKUP($D4,'INT-_Manjiri'!$C:$C,'INT-_Manjiri'!AC:AC),0),IFERROR(_xlfn.XLOOKUP($D4,'USA-_Sea_shipment'!$C:$C,'USA-_Sea_shipment'!AC:AC),0),IFERROR(_xlfn.XLOOKUP($D4,Amazon_USA_Sea!$C:$C,Amazon_USA_Sea!AC:AC),0),IFERROR(_xlfn.XLOOKUP($D4,USA_Air_Shipment!$C:$C,USA_Air_Shipment!AB:AB),0),IFERROR(_xlfn.XLOOKUP($D4,Amazon_USA_Air_Shipment!$C:$C,Amazon_USA_Air_Shipment!AB:AB),0),IFERROR(_xlfn.XLOOKUP($D4,MENA!$C:$C,MENA!AB:AB),0),IFERROR(_xlfn.XLOOKUP($D4,UK!$C:$C,UK!AB:AB),0),IFERROR(_xlfn.XLOOKUP($D4,BMM_Order!$C:$C,BMM_Order!AB:AB),0),IFERROR(_xlfn.XLOOKUP($D4,'Adhoc-_Backlog'!$C:$C,'Adhoc-_Backlog'!AD:AD),0)) -> 0 | AL4: =SUM(IFERROR(_xlfn.XLOOKUP($D4,Domestic!$C:$C,Domestic!AE:AE),0),IFERROR(_xlfn.XLOOKUP($D4,'INT-_Manjiri'!$C:$C,'INT-_Manjiri'!AD:AD),0),IFERROR(_xlfn.XLOOKUP($D4,'USA-_Sea_shipment'!$C:$C,'USA-_Sea_shipment'!AD:AD),0),IFERROR(_xlfn.XLOOKUP($D4,Amazon_USA_Sea!$C:$C,Amazon_USA_Sea!AD:AD),0),IFERROR(_xlfn.XLOOKUP($D4,USA_Air_Shipment!$C:$C,USA_Air_Shipment!AC:AC),0),IFERROR(_xlfn.XLOOKUP($D4,Amazon_USA_Air_Shipment!$C:$C,Amazon_USA_Air_Shipment!AC:AC),0),IFERROR(_xlfn.XLOOKUP($D4,MENA!$C:$C,MENA!AC:AC),0),IFERROR(_xlfn.XLOOKUP($D4,UK!$C:$C,UK!AC:AC),0),IFERROR(_xlfn.XLOOKUP($D4,BMM_Order!$C:$C,BMM_Order!AC:AC),0),IFERROR(_xlfn.XLOOKUP($D4,'Adhoc-_Backlog'!$C:$C,'Adhoc-_Backlog'!AE:AE),0)) -> 0 | AM4: =SUM(IFERROR(_xlfn.XLOOKUP($D4,Domestic!$C:$C,Domestic!AF:AF),0),IFERROR(_xlfn.XLOOKUP($D4,'INT-_Manjiri'!$C:$C,'INT-_Manjiri'!AE:AE),0),IFERROR(_xlfn.XLOOKUP($D4,'USA-_Sea_shipment'!$C:$C,'USA-_Sea_shipment'!AE:AE),0),IFERROR(_xlfn.XLOOKUP($D4,Amazon_USA_Sea!$C:$C,Amazon_USA_Sea!AE:AE),0),IFERROR(_xlfn.XLOOKUP($D4,USA_Air_Shipment!$C:$C,USA_Air_Shipment!AD:AD),0),IFERROR(_xlfn.XLOOKUP($D4,Amazon_USA_Air_Shipment!$C:$C,Amazon_USA_Air_Shipment!AD:AD),0),IFERROR(_xlfn.XLOOKUP($D4,MENA!$C:$C,MENA!AD:AD),0),IFERROR(_xlfn.XLOOKUP($D4,UK!$C:$C,UK!AD:AD),0),IFERROR(_xlfn.XLOOKUP($D4,BMM_Order!$C:$C,BMM_Order!AD:AD),0),IFERROR(_xlfn.XLOOKUP($D4,'Adhoc-_Backlog'!$C:$C,'Adhoc-_Backlog'!AF:AF),0)) -> 0 | AN4: =SUM(IFERROR(_xlfn.XLOOKUP($D4,Domestic!$C:$C,Domestic!AG:AG),0),IFERROR(_xlfn.XLOOKUP($D4,'INT-_Manjiri'!$C:$C,'INT-_Manjiri'!AF:AF),0),IFERROR(_xlfn.XLOOKUP($D4,'USA-_Sea_shipment'!$C:$C,'USA-_Sea_shipment'!AF:AF),0),IFERROR(_xlfn.XLOOKUP($D4,Amazon_USA_Sea!$C:$C,Amazon_USA_Sea!AF:AF),0),IFERROR(_xlfn.XLOOKUP($D4,USA_Air_Shipment!$C:$C,USA_Air_Shipment!AE:AE),0),IFERROR(_xlfn.XLOOKUP($D4,Amazon_USA_Air_Shipment!$C:$C,Amazon_USA_Air_Shipment!AE:AE),0),IFERROR(_xlfn.XLOOKUP($D4,MENA!$C:$C,MENA!AE:AE),0),IFERROR(_xlfn.XLOOKUP($D4,UK!$C:$C,UK!AE:AE),0),IFERROR(_xlfn.XLOOKUP($D4,BMM_Order!$C:$C,BMM_Order!AE:AE),0),IFERROR(_xlfn.XLOOKUP($D4,'Adhoc-_Backlog'!$C:$C,'Adhoc-_Backlog'!AG:AG),0)) -> 0 | AO4: =SUM(IFERROR(_xlfn.XLOOKUP($D4,Domestic!$C:$C,Domestic!AH:AH),0),IFERROR(_xlfn.XLOOKUP($D4,'INT-_Manjiri'!$C:$C,'INT-_Manjiri'!AG:AG),0),IFERROR(_xlfn.XLOOKUP($D4,'USA-_Sea_shipment'!$C:$C,'USA-_Sea_shipment'!AG:AG),0),IFERROR(_xlfn.XLOOKUP($D4,Amazon_USA_Sea!$C:$C,Amazon_USA_Sea!AG:AG),0),IFERROR(_xlfn.XLOOKUP($D4,USA_Air_Shipment!$C:$C,USA_Air_Shipment!AF:AF),0),IFERROR(_xlfn.XLOOKUP($D4,Amazon_USA_Air_Shipment!$C:$C,Amazon_USA_Air_Shipment!AF:AF),0),IFERROR(_xlfn.XLOOKUP($D4,MENA!$C:$C,MENA!AF:AF),0),IFERROR(_xlfn.XLOOKUP($D4,UK!$C:$C,UK!AF:AF),0),IFERROR(_xlfn.XLOOKUP($D4,BMM_Order!$C:$C,BMM_Order!AF:AF),0),IFERROR(_xlfn.XLOOKUP($D4,'Adhoc-_Backlog'!$C:$C,'Adhoc-_Backlog'!AH:AH),0)) -> 0 | AP4: =SUM(IFERROR(_xlfn.XLOOKUP($D4,Domestic!$C:$C,Domestic!AI:AI),0),IFERROR(_xlfn.XLOOKUP($D4,'INT-_Manjiri'!$C:$C,'INT-_Manjiri'!AH:AH),0),IFERROR(_xlfn.XLOOKUP($D4,'USA-_Sea_shipment'!$C:$C,'USA-_Sea_shipment'!AH:AH),0),IFERROR(_xlfn.XLOOKUP($D4,Amazon_USA_Sea!$C:$C,Amazon_USA_Sea!AH:AH),0),IFERROR(_xlfn.XLOOKUP($D4,USA_Air_Shipment!$C:$C,USA_Air_Shipment!AG:AG),0),IFERROR(_xlfn.XLOOKUP($D4,Amazon_USA_Air_Shipment!$C:$C,Amazon_USA_Air_Shipment!AG:AG),0),IFERROR(_xlfn.XLOOKUP($D4,MENA!$C:$C,MENA!AG:AG),0),IFERROR(_xlfn.XLOOKUP($D4,UK!$C:$C,UK!AG:AG),0),IFERROR(_xlfn.XLOOKUP($D4,BMM_Order!$C:$C,BMM_Order!AG:AG),0),IFERROR(_xlfn.XLOOKUP($D4,'Adhoc-_Backlog'!$C:$C,'Adhoc-_Backlog'!AI:AI),0)) -> 7 | AQ4: =SUM(IFERROR(_xlfn.XLOOKUP($D4,Domestic!$C:$C,Domestic!AJ:AJ),0),IFERROR(_xlfn.XLOOKUP($D4,'INT-_Manjiri'!$C:$C,'INT-_Manjiri'!AI:AI),0),IFERROR(_xlfn.XLOOKUP($D4,'USA-_Sea_shipment'!$C:$C,'USA-_Sea_shipment'!AI:AI),0),IFERROR(_xlfn.XLOOKUP($D4,Amazon_USA_Sea!$C:$C,Amazon_USA_Sea!AI:AI),0),IFERROR(_xlfn.XLOOKUP($D4,USA_Air_Shipment!$C:$C,USA_Air_Shipment!AH:AH),0),IFERROR(_xlfn.XLOOKUP($D4,Amazon_USA_Air_Shipment!$C:$C,Amazon_USA_Air_Shipment!AH:AH),0),IFERROR(_xlfn.XLOOKUP($D4,MENA!$C:$C,MENA!AH:AH),0),IFERROR(_xlfn.XLOOKUP($D4,UK!$C:$C,UK!AH:AH),0),IFERROR(_xlfn.XLOOKUP($D4,BMM_Order!$C:$C,BMM_Order!AH:AH),0),IFERROR(_xlfn.XLOOKUP($D4,'Adhoc-_Backlog'!$C:$C,'Adhoc-_Backlog'!AJ:AJ),0)) -> 0 | AR4: =SUM(IFERROR(_xlfn.XLOOKUP($D4,Domestic!$C:$C,Domestic!AK:AK),0),IFERROR(_xlfn.XLOOKUP($D4,'INT-_Manjiri'!$C:$C,'INT-_Manjiri'!AJ:AJ),0),IFERROR(_xlfn.XLOOKUP($D4,'USA-_Sea_shipment'!$C:$C,'USA-_Sea_shipment'!AJ:AJ),0),IFERROR(_xlfn.XLOOKUP($D4,Amazon_USA_Sea!$C:$C,Amazon_USA_Sea!AJ:AJ),0),IFERROR(_xlfn.XLOOKUP($D4,USA_Air_Shipment!$C:$C,USA_Air_Shipment!AI:AI),0),IFERROR(_xlfn.XLOOKUP($D4,Amazon_USA_Air_Shipment!$C:$C,Amazon_USA_Air_Shipment!AI:AI),0),IFERROR(_xlfn.XLOOKUP($D4,MENA!$C:$C,MENA!AI:AI),0),IFERROR(_xlfn.XLOOKUP($D4,UK!$C:$C,UK!AI:AI),0),IFERROR(_xlfn.XLOOKUP($D4,BMM_Order!$C:$C,BMM_Order!AI:AI),0),IFERROR(_xlfn.XLOOKUP($D4,'Adhoc-_Backlog'!$C:$C,'Adhoc-_Backlog'!AK:AK),0)) -> 0 | AS4: =SUM(IFERROR(_xlfn.XLOOKUP($D4,Domestic!$C:$C,Domestic!AL:AL),0),IFERROR(_xlfn.XLOOKUP($D4,'INT-_Manjiri'!$C:$C,'INT-_Manjiri'!AK:AK),0),IFERROR(_xlfn.XLOOKUP($D4,'USA-_Sea_shipment'!$C:$C,'USA-_Sea_shipment'!AK:AK),0),IFERROR(_xlfn.XLOOKUP($D4,Amazon_USA_Sea!$C:$C,Amazon_USA_Sea!AK:AK),0),IFERROR(_xlfn.XLOOKUP($D4,USA_Air_Shipment!$C:$C,USA_Air_Shipment!AJ:AJ),0),IFERROR(_xlfn.XLOOKUP($D4,Amazon_USA_Air_Shipment!$C:$C,Amazon_USA_Air_Shipment!AJ:AJ),0),IFERROR(_xlfn.XLOOKUP($D4,MENA!$C:$C,MENA!AJ:AJ),0),IFERROR(_xlfn.XLOOKUP($D4,UK!$C:$C,UK!AJ:AJ),0),IFERROR(_xlfn.XLOOKUP($D4,BMM_Order!$C:$C,BMM_Order!AJ:AJ),0),IFERROR(_xlfn.XLOOKUP($D4,'Adhoc-_Backlog'!$C:$C,'Adhoc-_Backlog'!AL:AL),0)) -> 0 | AT4: =SUM(IFERROR(_xlfn.XLOOKUP($D4,Domestic!$C:$C,Domestic!AM:AM),0),IFERROR(_xlfn.XLOOKUP($D4,'INT-_Manjiri'!$C:$C,'INT-_Manjiri'!AL:AL),0),IFERROR(_xlfn.XLOOKUP($D4,'USA-_Sea_shipment'!$C:$C,'USA-_Sea_shipment'!AL:AL),0),IFERROR(_xlfn.XLOOKUP($D4,Amazon_USA_Sea!$C:$C,Amazon_USA_Sea!AL:AL),0),IFERROR(_xlfn.XLOOKUP($D4,USA_Air_Shipment!$C:$C,USA_Air_Shipment!AK:AK),0),IFERROR(_xlfn.XLOOKUP($D4,Amazon_USA_Air_Shipment!$C:$C,Amazon_USA_Air_Shipment!AK:AK),0),IFERROR(_xlfn.XLOOKUP($D4,MENA!$C:$C,MENA!AK:AK),0),IFERROR(_xlfn.XLOOKUP($D4,UK!$C:$C,UK!AK:AK),0),IFERROR(_xlfn.XLOOKUP($D4,BMM_Order!$C:$C,BMM_Order!AK:AK),0),IFERROR(_xlfn.XLOOKUP($D4,'Adhoc-_Backlog'!$C:$C,'Adhoc-_Backlog'!AM:AM),0)) -> 0 | AU4: =SUM(IFERROR(_xlfn.XLOOKUP($D4,Domestic!$C:$C,Domestic!AN:AN),0),IFERROR(_xlfn.XLOOKUP($D4,'INT-_Manjiri'!$C:$C,'INT-_Manjiri'!AM:AM),0),IFERROR(_xlfn.XLOOKUP($D4,'USA-_Sea_shipment'!$C:$C,'USA-_Sea_shipment'!AM:AM),0),IFERROR(_xlfn.XLOOKUP($D4,Amazon_USA_Sea!$C:$C,Amazon_USA_Sea!AM:AM),0),IFERROR(_xlfn.XLOOKUP($D4,USA_Air_Shipment!$C:$C,USA_Air_Shipment!AL:AL),0),IFERROR(_xlfn.XLOOKUP($D4,Amazon_USA_Air_Shipment!$C:$C,Amazon_USA_Air_Shipment!AL:AL),0),IFERROR(_xlfn.XLOOKUP($D4,MENA!$C:$C,MENA!AL:AL),0),IFERROR(_xlfn.XLOOKUP($D4,UK!$C:$C,UK!AL:AL),0),IFERROR(_xlfn.XLOOKUP($D4,BMM_Order!$C:$C,BMM_Order!AL:AL),0),IFERROR(_xlfn.XLOOKUP($D4,'Adhoc-_Backlog'!$C:$C,'Adhoc-_Backlog'!AN:AN),0)) -> 0 | AV4: =SUM(IFERROR(_xlfn.XLOOKUP($D4,Domestic!$C:$C,Domestic!AO:AO),0),IFERROR(_xlfn.XLOOKUP($D4,'INT-_Manjiri'!$C:$C,'INT-_Manjiri'!AN:AN),0),IFERROR(_xlfn.XLOOKUP($D4,'USA-_Sea_shipment'!$C:$C,'USA-_Sea_shipment'!AN:AN),0),IFERROR(_xlfn.XLOOKUP($D4,Amazon_USA_Sea!$C:$C,Amazon_USA_Sea!AN:AN),0),IFERROR(_xlfn.XLOOKUP($D4,USA_Air_Shipment!$C:$C,USA_Air_Shipment!AM:AM),0),IFERROR(_xlfn.XLOOKUP($D4,Amazon_USA_Air_Shipment!$C:$C,Amazon_USA_Air_Shipment!AM:AM),0),IFERROR(_xlfn.XLOOKUP($D4,MENA!$C:$C,MENA!AM:AM),0),IFERROR(_xlfn.XLOOKUP($D4,UK!$C:$C,UK!AM:AM),0),IFERROR(_xlfn.XLOOKUP($D4,BMM_Order!$C:$C,BMM_Order!AM:AM),0),IFERROR(_xlfn.XLOOKUP($D4,'Adhoc-_Backlog'!$C:$C,'Adhoc-_Backlog'!AO:AO),0)) -> 0 | AW4: =SUM(IFERROR(_xlfn.XLOOKUP($D4,Domestic!$C:$C,Domestic!AP:AP),0),IFERROR(_xlfn.XLOOKUP($D4,'INT-_Manjiri'!$C:$C,'INT-_Manjiri'!AO:AO),0),IFERROR(_xlfn.XLOOKUP($D4,'USA-_Sea_shipment'!$C:$C,'USA-_Sea_shipment'!AO:AO),0),IFERROR(_xlfn.XLOOKUP($D4,Amazon_USA_Sea!$C:$C,Amazon_USA_Sea!AO:AO),0),IFERROR(_xlfn.XLOOKUP($D4,USA_Air_Shipment!$C:$C,USA_Air_Shipment!AN:AN),0),IFERROR(_xlfn.XLOOKUP($D4,Amazon_USA_Air_Shipment!$C:$C,Amazon_USA_Air_Shipment!AN:AN),0),IFERROR(_xlfn.XLOOKUP($D4,MENA!$C:$C,MENA!AN:AN),0),IFERROR(_xlfn.XLOOKUP($D4,UK!$C:$C,UK!AN:AN),0),IFERROR(_xlfn.XLOOKUP($D4,BMM_Order!$C:$C,BMM_Order!AN:AN),0),IFERROR(_xlfn.XLOOKUP($D4,'Adhoc-_Backlog'!$C:$C,'Adhoc-_Backlog'!AP:AP),0)) -> 0 | AX4: =SUM(IFERROR(_xlfn.XLOOKUP($D4,Domestic!$C:$C,Domestic!AQ:AQ),0),IFERROR(_xlfn.XLOOKUP($D4,'INT-_Manjiri'!$C:$C,'INT-_Manjiri'!AP:AP),0),IFERROR(_xlfn.XLOOKUP($D4,'USA-_Sea_shipment'!$C:$C,'USA-_Sea_shipment'!AP:AP),0),IFERROR(_xlfn.XLOOKUP($D4,Amazon_USA_Sea!$C:$C,Amazon_USA_Sea!AP:AP),0),IFERROR(_xlfn.XLOOKUP($D4,USA_Air_Shipment!$C:$C,USA_Air_Shipment!AO:AO),0),IFERROR(_xlfn.XLOOKUP($D4,Amazon_USA_Air_Shipment!$C:$C,Amazon_USA_Air_Shipment!AO:AO),0),IFERROR(_xlfn.XLOOKUP($D4,MENA!$C:$C,MENA!AO:AO),0),IFERROR(_xlfn.XLOOKUP($D4,UK!$C:$C,UK!AO:AO),0),IFERROR(_xlfn.XLOOKUP($D4,BMM_Order!$C:$C,BMM_Order!AO:AO),0),IFERROR(_xlfn.XLOOKUP($D4,'Adhoc-_Backlog'!$C:$C,'Adhoc-_Backlog'!AQ:AQ),0)) -> 40 | AY4: =SUM(IFERROR(_xlfn.XLOOKUP($D4,Domestic!$C:$C,Domestic!AR:AR),0),IFERROR(_xlfn.XLOOKUP($D4,'INT-_Manjiri'!$C:$C,'INT-_Manjiri'!AQ:AQ),0),IFERROR(_xlfn.XLOOKUP($D4,'USA-_Sea_shipment'!$C:$C,'USA-_Sea_shipment'!AQ:AQ),0),IFERROR(_xlfn.XLOOKUP($D4,Amazon_USA_Sea!$C:$C,Amazon_USA_Sea!AQ:AQ),0),IFERROR(_xlfn.XLOOKUP($D4,USA_Air_Shipment!$C:$C,USA_Air_Shipment!AP:AP),0),IFERROR(_xlfn.XLOOKUP($D4,Amazon_USA_Air_Shipment!$C:$C,Amazon_USA_Air_Shipment!AP:AP),0),IFERROR(_xlfn.XLOOKUP($D4,MENA!$C:$C,MENA!AP:AP),0),IFERROR(_xlfn.XLOOKUP($D4,UK!$C:$C,UK!AP:AP),0),IFERROR(_xlfn.XLOOKUP($D4,BMM_Order!$C:$C,BMM_Order!AP:AP),0),IFERROR(_xlfn.XLOOKUP($D4,'Adhoc-_Backlog'!$C:$C,'Adhoc-_Backlog'!AR:AR),0)) -> 20 | AZ4: =SUM(IFERROR(_xlfn.XLOOKUP($D4,Domestic!$C:$C,Domestic!AS:AS),0),IFERROR(_xlfn.XLOOKUP($D4,'INT-_Manjiri'!$C:$C,'INT-_Manjiri'!AR:AR),0),IFERROR(_xlfn.XLOOKUP($D4,'USA-_Sea_shipment'!$C:$C,'USA-_Sea_shipment'!AR:AR),0),IFERROR(_xlfn.XLOOKUP($D4,Amazon_USA_Sea!$C:$C,Amazon_USA_Sea!AR:AR),0),IFERROR(_xlfn.XLOOKUP($D4,USA_Air_Shipment!$C:$C,USA_Air_Shipment!AQ:AQ),0),IFERROR(_xlfn.XLOOKUP($D4,Amazon_USA_Air_Shipment!$C:$C,Amazon_USA_Air_Shipment!AQ:AQ),0),IFERROR(_xlfn.XLOOKUP($D4,MENA!$C:$C,MENA!AQ:AQ),0),IFERROR(_xlfn.XLOOKUP($D4,UK!$C:$C,UK!AQ:AQ),0),IFERROR(_xlfn.XLOOKUP($D4,BMM_Order!$C:$C,BMM_Order!AQ:AQ),0),IFERROR(_xlfn.XLOOKUP($D4,'Adhoc-_Backlog'!$C:$C,'Adhoc-_Backlog'!AS:AS),0)) -> 0 | BA4: =SUM(IFERROR(_xlfn.XLOOKUP($D4,Domestic!$C:$C,Domestic!AT:AT),0),IFERROR(_xlfn.XLOOKUP($D4,'INT-_Manjiri'!$C:$C,'INT-_Manjiri'!AS:AS),0),IFERROR(_xlfn.XLOOKUP($D4,'USA-_Sea_shipment'!$C:$C,'USA-_Sea_shipment'!AS:AS),0),IFERROR(_xlfn.XLOOKUP($D4,Amazon_USA_Sea!$C:$C,Amazon_USA_Sea!AS:AS),0),IFERROR(_xlfn.XLOOKUP($D4,USA_Air_Shipment!$C:$C,USA_Air_Shipment!AR:AR),0),IFERROR(_xlfn.XLOOKUP($D4,Amazon_USA_Air_Shipment!$C:$C,Amazon_USA_Air_Shipment!AR:AR),0),IFERROR(_xlfn.XLOOKUP($D4,MENA!$C:$C,MENA!AR:AR),0),IFERROR(_xlfn.XLOOKUP($D4,UK!$C:$C,UK!AR:AR),0),IFERROR(_xlfn.XLOOKUP($D4,BMM_Order!$C:$C,BMM_Order!AR:AR),0),IFERROR(_xlfn.XLOOKUP($D4,'Adhoc-_Backlog'!$C:$C,'Adhoc-_Backlog'!AT:AT),0)) -> 0 | BB4: =SUM($P4:$BA4) -> 67 | BC4: =BB4*$F4 -> 16.75 | BD4: =$O4-BB4 -> 186 | BE4: =BD4*$F4 -> 46.5 | BF4: =IFERROR(BB4/$O4,0) -> 0.26482213 | BG4: =_xlfn.TEXTJOIN(" | ",TRUE,IFERROR(_xlfn.XLOOKUP($D4,Domestic!$C:$C,Domestic!$BG:$BG,""),""),IFERROR(_xlfn.XLOOKUP($D4,'INT-_Manjiri'!$C:$C,'INT-_Manjiri'!$AY:$AY,""),""),IFERROR(_xlfn.XLOOKUP($D4,'USA-_Sea_shipment'!$C:$C,'USA-_Sea_shipment'!#REF!,""),""),IFERROR(_xlfn.XLOOKUP($D4,Amazon_USA_Sea!$C:$C,Amazon_USA_Sea!$AY:$AY,""),""),IFERROR(_xlfn.XLOOKUP($D4,USA_Air_Shipment!$C:$C,USA_Air_Shipment!$AW:$AW,""),""),IFERROR(_xlfn.XLOOKUP($D4,Amazon_USA_Air_Shipment!$C:$C,Amazon_USA_Air_Shipment!$AW:$AW,""),""),IFERROR(_xlfn.XLOOKUP($D4,MENA!$C:$C,MENA!$AW:$AW,""),""),IFERROR(_xlfn.XLOOKUP($D4,UK!$C:$C,UK!$BA:$BA,""),""),IFERROR(_xlfn.XLOOKUP($D4,BMM_Order!$C:$C,BMM_Order!$BA:$BA,""),""),IFERROR(_xlfn.XLOOKUP($D4,'Adhoc-_Backlog'!$C:$C,'Adhoc-_Backlog'!$BD:$BD,""),"")) -> WIP | BH4: =_xlfn.XLOOKUP(D4,Raw_Data!A:A,Raw_Data!B:B) -> 11 | BI4: =BH4/(O4/30) -> 1.3043478 | BJ4: =IF(BI4="","",IF(BI4<=5,10,IF(BI4<=10,7,IF(BI4<=20,5,3)))) -> 10 | BK4: =IF(N($O4)=0,"P3 – Normal", IF($BJ4="","", IF($BJ4=10,"P1 – Critical", IF($BJ4=7,"P2 – High","P3 – Normal")))) -> P1 – Critical | BL4: QC on Hold
A5: =17 -> 17 | B5: Ghee | D5: =Projection_!A20 -> FG00596 | E5: =Projection_!B20 -> Tulsi Ghee - 250gm | F5: 0.25 | G5: =IFERROR(_xlfn.XLOOKUP($D5,Projection_!$A:$A,Projection_!$J:$J),0) -> 75 | H5: =IFERROR(_xlfn.XLOOKUP($D5,Projection_!$A:$A,Projection_!$K:$K),0) -> 0 | I5: =IFERROR(_xlfn.XLOOKUP($D5,Projection_!$A:$A,Projection_!$L:$L),0) -> 0 | J5: =IFERROR(_xlfn.XLOOKUP($D5,Projection_!$A:$A,Projection_!$M:$M),0) -> 0 | K5: =IFERROR(_xlfn.XLOOKUP($D5,Projection_!$A:$A,Projection_!$Q:$Q),0) -> 0 | L5: =IFERROR(_xlfn.XLOOKUP($D5,Projection_!$A:$A,Projection_!$R:$R),0) -> 0 | M5: =IFERROR(_xlfn.XLOOKUP($D5,Projection_!$A:$A,Projection_!$O:$O),0) -> 0 | N5: =IFERROR(_xlfn.XLOOKUP($D5,Projection_!$A:$A,Projection_!$P:$P),0) -> 0 | O5: =SUM(G5:N5) -> 75 | P5: =SUM(IFERROR(_xlfn.XLOOKUP($D5,Domestic!$C:$C,Domestic!I:I),0),IFERROR(_xlfn.XLOOKUP($D5,'INT-_Manjiri'!$C:$C,'INT-_Manjiri'!H:H),0),IFERROR(_xlfn.XLOOKUP($D5,'USA-_Sea_shipment'!$C:$C,'USA-_Sea_shipment'!H:H),0),IFERROR(_xlfn.XLOOKUP($D5,Amazon_USA_Sea!$C:$C,Amazon_USA_Sea!H:H),0),IFERROR(_xlfn.XLOOKUP($D5,USA_Air_Shipment!$C:$C,USA_Air_Shipment!G:G),0),IFERROR(_xlfn.XLOOKUP($D5,Amazon_USA_Air_Shipment!$C:$C,Amazon_USA_Air_Shipment!G:G),0),IFERROR(_xlfn.XLOOKUP($D5,MENA!$C:$C,MENA!G:G),0),IFERROR(_xlfn.XLOOKUP($D5,UK!$C:$C,UK!G:G),0),IFERROR(_xlfn.XLOOKUP($D5,BMM_Order!$C:$C,BMM_Order!G:G),0),IFERROR(_xlfn.XLOOKUP($D5,'Adhoc-_Backlog'!$C:$C,'Adhoc-_Backlog'!I:I),0)) -> 0 | Q5: =SUM(IFERROR(_xlfn.XLOOKUP($D5,Domestic!$C:$C,Domestic!J:J),0),IFERROR(_xlfn.XLOOKUP($D5,'INT-_Manjiri'!$C:$C,'INT-_Manjiri'!I:I),0),IFERROR(_xlfn.XLOOKUP($D5,'USA-_Sea_shipment'!$C:$C,'USA-_Sea_shipment'!I:I),0),IFERROR(_xlfn.XLOOKUP($D5,Amazon_USA_Sea!$C:$C,Amazon_USA_Sea!I:I),0),IFERROR(_xlfn.XLOOKUP($D5,USA_Air_Shipment!$C:$C,USA_Air_Shipment!H:H),0),IFERROR(_xlfn.XLOOKUP($D5,Amazon_USA_Air_Shipment!$C:$C,Amazon_USA_Air_Shipment!H:H),0),IFERROR(_xlfn.XLOOKUP($D5,MENA!$C:$C,MENA!H:H),0),IFERROR(_xlfn.XLOOKUP($D5,UK!$C:$C,UK!H:H),0),IFERROR(_xlfn.XLOOKUP($D5,BMM_Order!$C:$C,BMM_Order!H:H),0),IFERROR(_xlfn.XLOOKUP($D5,'Adhoc-_Backlog'!$C:$C,'Adhoc-_Backlog'!J:J),0)) -> 0 | R5: =SUM(IFERROR(_xlfn.XLOOKUP($D5,Domestic!$C:$C,Domestic!K:K),0),IFERROR(_xlfn.XLOOKUP($D5,'INT-_Manjiri'!$C:$C,'INT-_Manjiri'!J:J),0),IFERROR(_xlfn.XLOOKUP($D5,'USA-_Sea_shipment'!$C:$C,'USA-_Sea_shipment'!J:J),0),IFERROR(_xlfn.XLOOKUP($D5,Amazon_USA_Sea!$C:$C,Amazon_USA_Sea!J:J),0),IFERROR(_xlfn.XLOOKUP($D5,USA_Air_Shipment!$C:$C,USA_Air_Shipment!I:I),0),IFERROR(_xlfn.XLOOKUP($D5,Amazon_USA_Air_Shipment!$C:$C,Amazon_USA_Air_Shipment!I:I),0),IFERROR(_xlfn.XLOOKUP($D5,MENA!$C:$C,MENA!I:I),0),IFERROR(_xlfn.XLOOKUP($D5,UK!$C:$C,UK!I:I),0),IFERROR(_xlfn.XLOOKUP($D5,BMM_Order!$C:$C,BMM_Order!I:I),0),IFERROR(_xlfn.XLOOKUP($D5,'Adhoc-_Backlog'!$C:$C,'Adhoc-_Backlog'!K:K),0)) -> 0 | S5: =SUM(IFERROR(_xlfn.XLOOKUP($D5,Domestic!$C:$C,Domestic!L:L),0),IFERROR(_xlfn.XLOOKUP($D5,'INT-_Manjiri'!$C:$C,'INT-_Manjiri'!K:K),0),IFERROR(_xlfn.XLOOKUP($D5,'USA-_Sea_shipment'!$C:$C,'USA-_Sea_shipment'!K:K),0),IFERROR(_xlfn.XLOOKUP($D5,Amazon_USA_Sea!$C:$C,Amazon_USA_Sea!K:K),0),IFERROR(_xlfn.XLOOKUP($D5,USA_Air_Shipment!$C:$C,USA_Air_Shipment!J:J),0),IFERROR(_xlfn.XLOOKUP($D5,Amazon_USA_Air_Shipment!$C:$C,Amazon_USA_Air_Shipment!J:J),0),IFERROR(_xlfn.XLOOKUP($D5,MENA!$C:$C,MENA!J:J),0),IFERROR(_xlfn.XLOOKUP($D5,UK!$C:$C,UK!J:J),0),IFERROR(_xlfn.XLOOKUP($D5,BMM_Order!$C:$C,BMM_Order!J:J),0),IFERROR(_xlfn.XLOOKUP($D5,'Adhoc-_Backlog'!$C:$C,'Adhoc-_Backlog'!L:L),0)) -> 0 | T5: =SUM(IFERROR(_xlfn.XLOOKUP($D5,Domestic!$C:$C,Domestic!M:M),0),IFERROR(_xlfn.XLOOKUP($D5,'INT-_Manjiri'!$C:$C,'INT-_Manjiri'!L:L),0),IFERROR(_xlfn.XLOOKUP($D5,'USA-_Sea_shipment'!$C:$C,'USA-_Sea_shipment'!L:L),0),IFERROR(_xlfn.XLOOKUP($D5,Amazon_USA_Sea!$C:$C,Amazon_USA_Sea!L:L),0),IFERROR(_xlfn.XLOOKUP($D5,USA_Air_Shipment!$C:$C,USA_Air_Shipment!K:K),0),IFERROR(_xlfn.XLOOKUP($D5,Amazon_USA_Air_Shipment!$C:$C,Amazon_USA_Air_Shipment!K:K),0),IFERROR(_xlfn.XLOOKUP($D5,MENA!$C:$C,MENA!K:K),0),IFERROR(_xlfn.XLOOKUP($D5,UK!$C:$C,UK!K:K),0),IFERROR(_xlfn.XLOOKUP($D5,BMM_Order!$C:$C,BMM_Order!K:K),0),IFERROR(_xlfn.XLOOKUP($D5,'Adhoc-_Backlog'!$C:$C,'Adhoc-_Backlog'!M:M),0)) -> 0 | U5: =SUM(IFERROR(_xlfn.XLOOKUP($D5,Domestic!$C:$C,Domestic!N:N),0),IFERROR(_xlfn.XLOOKUP($D5,'INT-_Manjiri'!$C:$C,'INT-_Manjiri'!M:M),0),IFERROR(_xlfn.XLOOKUP($D5,'USA-_Sea_shipment'!$C:$C,'USA-_Sea_shipment'!M:M),0),IFERROR(_xlfn.XLOOKUP($D5,Amazon_USA_Sea!$C:$C,Amazon_USA_Sea!M:M),0),IFERROR(_xlfn.XLOOKUP($D5,USA_Air_Shipment!$C:$C,USA_Air_Shipment!L:L),0),IFERROR(_xlfn.XLOOKUP($D5,Amazon_USA_Air_Shipment!$C:$C,Amazon_USA_Air_Shipment!L:L),0),IFERROR(_xlfn.XLOOKUP($D5,MENA!$C:$C,MENA!L:L),0),IFERROR(_xlfn.XLOOKUP($D5,UK!$C:$C,UK!L:L),0),IFERROR(_xlfn.XLOOKUP($D5,BMM_Order!$C:$C,BMM_Order!L:L),0),IFERROR(_xlfn.XLOOKUP($D5,'Adhoc-_Backlog'!$C:$C,'Adhoc-_Backlog'!N:N),0)) -> 0 | V5: =SUM(IFERROR(_xlfn.XLOOKUP($D5,Domestic!$C:$C,Domestic!O:O),0),IFERROR(_xlfn.XLOOKUP($D5,'INT-_Manjiri'!$C:$C,'INT-_Manjiri'!N:N),0),IFERROR(_xlfn.XLOOKUP($D5,'USA-_Sea_shipment'!$C:$C,'USA-_Sea_shipment'!N:N),0),IFERROR(_xlfn.XLOOKUP($D5,Amazon_USA_Sea!$C:$C,Amazon_USA_Sea!N:N),0),IFERROR(_xlfn.XLOOKUP($D5,USA_Air_Shipment!$C:$C,USA_Air_Shipment!M:M),0),IFERROR(_xlfn.XLOOKUP($D5,Amazon_USA_Air_Shipment!$C:$C,Amazon_USA_Air_Shipment!M:M),0),IFERROR(_xlfn.XLOOKUP($D5,MENA!$C:$C,MENA!M:M),0),IFERROR(_xlfn.XLOOKUP($D5,UK!$C:$C,UK!M:M),0),IFERROR(_xlfn.XLOOKUP($D5,BMM_Order!$C:$C,BMM_Order!M:M),0),IFERROR(_xlfn.XLOOKUP($D5,'Adhoc-_Backlog'!$C:$C,'Adhoc-_Backlog'!O:O),0)) -> 0 | W5: =SUM(IFERROR(_xlfn.XLOOKUP($D5,Domestic!$C:$C,Domestic!P:P),0),IFERROR(_xlfn.XLOOKUP($D5,'INT-_Manjiri'!$C:$C,'INT-_Manjiri'!O:O),0),IFERROR(_xlfn.XLOOKUP($D5,'USA-_Sea_shipment'!$C:$C,'USA-_Sea_shipment'!O:O),0),IFERROR(_xlfn.XLOOKUP($D5,Amazon_USA_Sea!$C:$C,Amazon_USA_Sea!O:O),0),IFERROR(_xlfn.XLOOKUP($D5,USA_Air_Shipment!$C:$C,USA_Air_Shipment!N:N),0),IFERROR(_xlfn.XLOOKUP($D5,Amazon_USA_Air_Shipment!$C:$C,Amazon_USA_Air_Shipment!N:N),0),IFERROR(_xlfn.XLOOKUP($D5,MENA!$C:$C,MENA!N:N),0),IFERROR(_xlfn.XLOOKUP($D5,UK!$C:$C,UK!N:N),0),IFERROR(_xlfn.XLOOKUP($D5,BMM_Order!$C:$C,BMM_Order!N:N),0),IFERROR(_xlfn.XLOOKUP($D5,'Adhoc-_Backlog'!$C:$C,'Adhoc-_Backlog'!P:P),0)) -> 0 | X5: =SUM(IFERROR(_xlfn.XLOOKUP($D5,Domestic!$C:$C,Domestic!Q:Q),0),IFERROR(_xlfn.XLOOKUP($D5,'INT-_Manjiri'!$C:$C,'INT-_Manjiri'!P:P),0),IFERROR(_xlfn.XLOOKUP($D5,'USA-_Sea_shipment'!$C:$C,'USA-_Sea_shipment'!P:P),0),IFERROR(_xlfn.XLOOKUP($D5,Amazon_USA_Sea!$C:$C,Amazon_USA_Sea!P:P),0),IFERROR(_xlfn.XLOOKUP($D5,USA_Air_Shipment!$C:$C,USA_Air_Shipment!O:O),0),IFERROR(_xlfn.XLOOKUP($D5,Amazon_USA_Air_Shipment!$C:$C,Amazon_USA_Air_Shipment!O:O),0),IFERROR(_xlfn.XLOOKUP($D5,MENA!$C:$C,MENA!O:O),0),IFERROR(_xlfn.XLOOKUP($D5,UK!$C:$C,UK!O:O),0),IFERROR(_xlfn.XLOOKUP($D5,BMM_Order!$C:$C,BMM_Order!O:O),0),IFERROR(_xlfn.XLOOKUP($D5,'Adhoc-_Backlog'!$C:$C,'Adhoc-_Backlog'!Q:Q),0)) -> 0 | Y5: =SUM(IFERROR(_xlfn.XLOOKUP($D5,Domestic!$C:$C,Domestic!R:R),0),IFERROR(_xlfn.XLOOKUP($D5,'INT-_Manjiri'!$C:$C,'INT-_Manjiri'!Q:Q),0),IFERROR(_xlfn.XLOOKUP($D5,'USA-_Sea_shipment'!$C:$C,'USA-_Sea_shipment'!Q:Q),0),IFERROR(_xlfn.XLOOKUP($D5,Amazon_USA_Sea!$C:$C,Amazon_USA_Sea!Q:Q),0),IFERROR(_xlfn.XLOOKUP($D5,USA_Air_Shipment!$C:$C,USA_Air_Shipment!P:P),0),IFERROR(_xlfn.XLOOKUP($D5,Amazon_USA_Air_Shipment!$C:$C,Amazon_USA_Air_Shipment!P:P),0),IFERROR(_xlfn.XLOOKUP($D5,MENA!$C:$C,MENA!P:P),0),IFERROR(_xlfn.XLOOKUP($D5,UK!$C:$C,UK!P:P),0),IFERROR(_xlfn.XLOOKUP($D5,BMM_Order!$C:$C,BMM_Order!P:P),0),IFERROR(_xlfn.XLOOKUP($D5,'Adhoc-_Backlog'!$C:$C,'Adhoc-_Backlog'!R:R),0)) -> 0 | Z5: =SUM(IFERROR(_xlfn.XLOOKUP($D5,Domestic!$C:$C,Domestic!S:S),0),IFERROR(_xlfn.XLOOKUP($D5,'INT-_Manjiri'!$C:$C,'INT-_Manjiri'!R:R),0),IFERROR(_xlfn.XLOOKUP($D5,'USA-_Sea_shipment'!$C:$C,'USA-_Sea_shipment'!R:R),0),IFERROR(_xlfn.XLOOKUP($D5,Amazon_USA_Sea!$C:$C,Amazon_USA_Sea!R:R),0),IFERROR(_xlfn.XLOOKUP($D5,USA_Air_Shipment!$C:$C,USA_Air_Shipment!Q:Q),0),IFERROR(_xlfn.XLOOKUP($D5,Amazon_USA_Air_Shipment!$C:$C,Amazon_USA_Air_Shipment!Q:Q),0),IFERROR(_xlfn.XLOOKUP($D5,MENA!$C:$C,MENA!Q:Q),0),IFERROR(_xlfn.XLOOKUP($D5,UK!$C:$C,UK!Q:Q),0),IFERROR(_xlfn.XLOOKUP($D5,BMM_Order!$C:$C,BMM_Order!Q:Q),0),IFERROR(_xlfn.XLOOKUP($D5,'Adhoc-_Backlog'!$C:$C,'Adhoc-_Backlog'!S:S),0)) -> 0 | AA5: =SUM(IFERROR(_xlfn.XLOOKUP($D5,Domestic!$C:$C,Domestic!T:T),0),IFERROR(_xlfn.XLOOKUP($D5,'INT-_Manjiri'!$C:$C,'INT-_Manjiri'!S:S),0),IFERROR(_xlfn.XLOOKUP($D5,'USA-_Sea_shipment'!$C:$C,'USA-_Sea_shipment'!S:S),0),IFERROR(_xlfn.XLOOKUP($D5,Amazon_USA_Sea!$C:$C,Amazon_USA_Sea!S:S),0),IFERROR(_xlfn.XLOOKUP($D5,USA_Air_Shipment!$C:$C,USA_Air_Shipment!R:R),0),IFERROR(_xlfn.XLOOKUP($D5,Amazon_USA_Air_Shipment!$C:$C,Amazon_USA_Air_Shipment!R:R),0),IFERROR(_xlfn.XLOOKUP($D5,MENA!$C:$C,MENA!R:R),0),IFERROR(_xlfn.XLOOKUP($D5,UK!$C:$C,UK!R:R),0),IFERROR(_xlfn.XLOOKUP($D5,BMM_Order!$C:$C,BMM_Order!R:R),0),IFERROR(_xlfn.XLOOKUP($D5,'Adhoc-_Backlog'!$C:$C,'Adhoc-_Backlog'!T:T),0)) -> 0 | AB5: =SUM(IFERROR(_xlfn.XLOOKUP($D5,Domestic!$C:$C,Domestic!U:U),0),IFERROR(_xlfn.XLOOKUP($D5,'INT-_Manjiri'!$C:$C,'INT-_Manjiri'!T:T),0),IFERROR(_xlfn.XLOOKUP($D5,'USA-_Sea_shipment'!$C:$C,'USA-_Sea_shipment'!T:T),0),IFERROR(_xlfn.XLOOKUP($D5,Amazon_USA_Sea!$C:$C,Amazon_USA_Sea!T:T),0),IFERROR(_xlfn.XLOOKUP($D5,USA_Air_Shipment!$C:$C,USA_Air_Shipment!S:S),0),IFERROR(_xlfn.XLOOKUP($D5,Amazon_USA_Air_Shipment!$C:$C,Amazon_USA_Air_Shipment!S:S),0),IFERROR(_xlfn.XLOOKUP($D5,MENA!$C:$C,MENA!S:S),0),IFERROR(_xlfn.XLOOKUP($D5,UK!$C:$C,UK!S:S),0),IFERROR(_xlfn.XLOOKUP($D5,BMM_Order!$C:$C,BMM_Order!S:S),0),IFERROR(_xlfn.XLOOKUP($D5,'Adhoc-_Backlog'!$C:$C,'Adhoc-_Backlog'!U:U),0)) -> 0 | AC5: =SUM(IFERROR(_xlfn.XLOOKUP($D5,Domestic!$C:$C,Domestic!V:V),0),IFERROR(_xlfn.XLOOKUP($D5,'INT-_Manjiri'!$C:$C,'INT-_Manjiri'!U:U),0),IFERROR(_xlfn.XLOOKUP($D5,'USA-_Sea_shipment'!$C:$C,'USA-_Sea_shipment'!U:U),0),IFERROR(_xlfn.XLOOKUP($D5,Amazon_USA_Sea!$C:$C,Amazon_USA_Sea!U:U),0),IFERROR(_xlfn.XLOOKUP($D5,USA_Air_Shipment!$C:$C,USA_Air_Shipment!T:T),0),IFERROR(_xlfn.XLOOKUP($D5,Amazon_USA_Air_Shipment!$C:$C,Amazon_USA_Air_Shipment!T:T),0),IFERROR(_xlfn.XLOOKUP($D5,MENA!$C:$C,MENA!T:T),0),IFERROR(_xlfn.XLOOKUP($D5,UK!$C:$C,UK!T:T),0),IFERROR(_xlfn.XLOOKUP($D5,BMM_Order!$C:$C,BMM_Order!T:T),0),IFERROR(_xlfn.XLOOKUP($D5,'Adhoc-_Backlog'!$C:$C,'Adhoc-_Backlog'!V:V),0)) -> 0 | AD5: =SUM(IFERROR(_xlfn.XLOOKUP($D5,Domestic!$C:$C,Domestic!W:W),0),IFERROR(_xlfn.XLOOKUP($D5,'INT-_Manjiri'!$C:$C,'INT-_Manjiri'!V:V),0),IFERROR(_xlfn.XLOOKUP($D5,'USA-_Sea_shipment'!$C:$C,'USA-_Sea_shipment'!V:V),0),IFERROR(_xlfn.XLOOKUP($D5,Amazon_USA_Sea!$C:$C,Amazon_USA_Sea!V:V),0),IFERROR(_xlfn.XLOOKUP($D5,USA_Air_Shipment!$C:$C,USA_Air_Shipment!U:U),0),IFERROR(_xlfn.XLOOKUP($D5,Amazon_USA_Air_Shipment!$C:$C,Amazon_USA_Air_Shipment!U:U),0),IFERROR(_xlfn.XLOOKUP($D5,MENA!$C:$C,MENA!U:U),0),IFERROR(_xlfn.XLOOKUP($D5,UK!$C:$C,UK!U:U),0),IFERROR(_xlfn.XLOOKUP($D5,BMM_Order!$C:$C,BMM_Order!U:U),0),IFERROR(_xlfn.XLOOKUP($D5,'Adhoc-_Backlog'!$C:$C,'Adhoc-_Backlog'!W:W),0)) -> 0 | AE5: =SUM(IFERROR(_xlfn.XLOOKUP($D5,Domestic!$C:$C,Domestic!X:X),0),IFERROR(_xlfn.XLOOKUP($D5,'INT-_Manjiri'!$C:$C,'INT-_Manjiri'!W:W),0),IFERROR(_xlfn.XLOOKUP($D5,'USA-_Sea_shipment'!$C:$C,'USA-_Sea_shipment'!W:W),0),IFERROR(_xlfn.XLOOKUP($D5,Amazon_USA_Sea!$C:$C,Amazon_USA_Sea!W:W),0),IFERROR(_xlfn.XLOOKUP($D5,USA_Air_Shipment!$C:$C,USA_Air_Shipment!V:V),0),IFERROR(_xlfn.XLOOKUP($D5,Amazon_USA_Air_Shipment!$C:$C,Amazon_USA_Air_Shipment!V:V),0),IFERROR(_xlfn.XLOOKUP($D5,MENA!$C:$C,MENA!V:V),0),IFERROR(_xlfn.XLOOKUP($D5,UK!$C:$C,UK!V:V),0),IFERROR(_xlfn.XLOOKUP($D5,BMM_Order!$C:$C,BMM_Order!V:V),0),IFERROR(_xlfn.XLOOKUP($D5,'Adhoc-_Backlog'!$C:$C,'Adhoc-_Backlog'!X:X),0)) -> 0 | AF5: =SUM(IFERROR(_xlfn.XLOOKUP($D5,Domestic!$C:$C,Domestic!Y:Y),0),IFERROR(_xlfn.XLOOKUP($D5,'INT-_Manjiri'!$C:$C,'INT-_Manjiri'!X:X),0),IFERROR(_xlfn.XLOOKUP($D5,'USA-_Sea_shipment'!$C:$C,'USA-_Sea_shipment'!X:X),0),IFERROR(_xlfn.XLOOKUP($D5,Amazon_USA_Sea!$C:$C,Amazon_USA_Sea!X:X),0),IFERROR(_xlfn.XLOOKUP($D5,USA_Air_Shipment!$C:$C,USA_Air_Shipment!W:W),0),IFERROR(_xlfn.XLOOKUP($D5,Amazon_USA_Air_Shipment!$C:$C,Amazon_USA_Air_Shipment!W:W),0),IFERROR(_xlfn.XLOOKUP($D5,MENA!$C:$C,MENA!W:W),0),IFERROR(_xlfn.XLOOKUP($D5,UK!$C:$C,UK!W:W),0),IFERROR(_xlfn.XLOOKUP($D5,BMM_Order!$C:$C,BMM_Order!W:W),0),IFERROR(_xlfn.XLOOKUP($D5,'Adhoc-_Backlog'!$C:$C,'Adhoc-_Backlog'!Y:Y),0)) -> 0 | AG5: =SUM(IFERROR(_xlfn.XLOOKUP($D5,Domestic!$C:$C,Domestic!Z:Z),0),IFERROR(_xlfn.XLOOKUP($D5,'INT-_Manjiri'!$C:$C,'INT-_Manjiri'!Y:Y),0),IFERROR(_xlfn.XLOOKUP($D5,'USA-_Sea_shipment'!$C:$C,'USA-_Sea_shipment'!Y:Y),0),IFERROR(_xlfn.XLOOKUP($D5,Amazon_USA_Sea!$C:$C,Amazon_USA_Sea!Y:Y),0),IFERROR(_xlfn.XLOOKUP($D5,USA_Air_Shipment!$C:$C,USA_Air_Shipment!X:X),0),IFERROR(_xlfn.XLOOKUP($D5,Amazon_USA_Air_Shipment!$C:$C,Amazon_USA_Air_Shipment!X:X),0),IFERROR(_xlfn.XLOOKUP($D5,MENA!$C:$C,MENA!X:X),0),IFERROR(_xlfn.XLOOKUP($D5,UK!$C:$C,UK!X:X),0),IFERROR(_xlfn.XLOOKUP($D5,BMM_Order!$C:$C,BMM_Order!X:X),0),IFERROR(_xlfn.XLOOKUP($D5,'Adhoc-_Backlog'!$C:$C,'Adhoc-_Backlog'!Z:Z),0)) -> 0 | AH5: =SUM(IFERROR(_xlfn.XLOOKUP($D5,Domestic!$C:$C,Domestic!AA:AA),0),IFERROR(_xlfn.XLOOKUP($D5,'INT-_Manjiri'!$C:$C,'INT-_Manjiri'!Z:Z),0),IFERROR(_xlfn.XLOOKUP($D5,'USA-_Sea_shipment'!$C:$C,'USA-_Sea_shipment'!Z:Z),0),IFERROR(_xlfn.XLOOKUP($D5,Amazon_USA_Sea!$C:$C,Amazon_USA_Sea!Z:Z),0),IFERROR(_xlfn.XLOOKUP($D5,USA_Air_Shipment!$C:$C,USA_Air_Shipment!Y:Y),0),IFERROR(_xlfn.XLOOKUP($D5,Amazon_USA_Air_Shipment!$C:$C,Amazon_USA_Air_Shipment!Y:Y),0),IFERROR(_xlfn.XLOOKUP($D5,MENA!$C:$C,MENA!Y:Y),0),IFERROR(_xlfn.XLOOKUP($D5,UK!$C:$C,UK!Y:Y),0),IFERROR(_xlfn.XLOOKUP($D5,BMM_Order!$C:$C,BMM_Order!Y:Y),0),IFERROR(_xlfn.XLOOKUP($D5,'Adhoc-_Backlog'!$C:$C,'Adhoc-_Backlog'!AA:AA),0)) -> 0 | AI5: =SUM(IFERROR(_xlfn.XLOOKUP($D5,Domestic!$C:$C,Domestic!AB:AB),0),IFERROR(_xlfn.XLOOKUP($D5,'INT-_Manjiri'!$C:$C,'INT-_Manjiri'!AA:AA),0),IFERROR(_xlfn.XLOOKUP($D5,'USA-_Sea_shipment'!$C:$C,'USA-_Sea_shipment'!AA:AA),0),IFERROR(_xlfn.XLOOKUP($D5,Amazon_USA_Sea!$C:$C,Amazon_USA_Sea!AA:AA),0),IFERROR(_xlfn.XLOOKUP($D5,USA_Air_Shipment!$C:$C,USA_Air_Shipment!Z:Z),0),IFERROR(_xlfn.XLOOKUP($D5,Amazon_USA_Air_Shipment!$C:$C,Amazon_USA_Air_Shipment!Z:Z),0),IFERROR(_xlfn.XLOOKUP($D5,MENA!$C:$C,MENA!Z:Z),0),IFERROR(_xlfn.XLOOKUP($D5,UK!$C:$C,UK!Z:Z),0),IFERROR(_xlfn.XLOOKUP($D5,BMM_Order!$C:$C,BMM_Order!Z:Z),0),IFERROR(_xlfn.XLOOKUP($D5,'Adhoc-_Backlog'!$C:$C,'Adhoc-_Backlog'!AB:AB),0)) -> 0 | AJ5: =SUM(IFERROR(_xlfn.XLOOKUP($D5,Domestic!$C:$C,Domestic!AC:AC),0),IFERROR(_xlfn.XLOOKUP($D5,'INT-_Manjiri'!$C:$C,'INT-_Manjiri'!AB:AB),0),IFERROR(_xlfn.XLOOKUP($D5,'USA-_Sea_shipment'!$C:$C,'USA-_Sea_shipment'!AB:AB),0),IFERROR(_xlfn.XLOOKUP($D5,Amazon_USA_Sea!$C:$C,Amazon_USA_Sea!AB:AB),0),IFERROR(_xlfn.XLOOKUP($D5,USA_Air_Shipment!$C:$C,USA_Air_Shipment!AA:AA),0),IFERROR(_xlfn.XLOOKUP($D5,Amazon_USA_Air_Shipment!$C:$C,Amazon_USA_Air_Shipment!AA:AA),0),IFERROR(_xlfn.XLOOKUP($D5,MENA!$C:$C,MENA!AA:AA),0),IFERROR(_xlfn.XLOOKUP($D5,UK!$C:$C,UK!AA:AA),0),IFERROR(_xlfn.XLOOKUP($D5,BMM_Order!$C:$C,BMM_Order!AA:AA),0),IFERROR(_xlfn.XLOOKUP($D5,'Adhoc-_Backlog'!$C:$C,'Adhoc-_Backlog'!AC:AC),0)) -> 0 | AK5: =SUM(IFERROR(_xlfn.XLOOKUP($D5,Domestic!$C:$C,Domestic!AD:AD),0),IFERROR(_xlfn.XLOOKUP($D5,'INT-_Manjiri'!$C:$C,'INT-_Manjiri'!AC:AC),0),IFERROR(_xlfn.XLOOKUP($D5,'USA-_Sea_shipment'!$C:$C,'USA-_Sea_shipment'!AC:AC),0),IFERROR(_xlfn.XLOOKUP($D5,Amazon_USA_Sea!$C:$C,Amazon_USA_Sea!AC:AC),0),IFERROR(_xlfn.XLOOKUP($D5,USA_Air_Shipment!$C:$C,USA_Air_Shipment!AB:AB),0),IFERROR(_xlfn.XLOOKUP($D5,Amazon_USA_Air_Shipment!$C:$C,Amazon_USA_Air_Shipment!AB:AB),0),IFERROR(_xlfn.XLOOKUP($D5,MENA!$C:$C,MENA!AB:AB),0),IFERROR(_xlfn.XLOOKUP($D5,UK!$C:$C,UK!AB:AB),0),IFERROR(_xlfn.XLOOKUP($D5,BMM_Order!$C:$C,BMM_Order!AB:AB),0),IFERROR(_xlfn.XLOOKUP($D5,'Adhoc-_Backlog'!$C:$C,'Adhoc-_Backlog'!AD:AD),0)) -> 0 | AL5: =SUM(IFERROR(_xlfn.XLOOKUP($D5,Domestic!$C:$C,Domestic!AE:AE),0),IFERROR(_xlfn.XLOOKUP($D5,'INT-_Manjiri'!$C:$C,'INT-_Manjiri'!AD:AD),0),IFERROR(_xlfn.XLOOKUP($D5,'USA-_Sea_shipment'!$C:$C,'USA-_Sea_shipment'!AD:AD),0),IFERROR(_xlfn.XLOOKUP($D5,Amazon_USA_Sea!$C:$C,Amazon_USA_Sea!AD:AD),0),IFERROR(_xlfn.XLOOKUP($D5,USA_Air_Shipment!$C:$C,USA_Air_Shipment!AC:AC),0),IFERROR(_xlfn.XLOOKUP($D5,Amazon_USA_Air_Shipment!$C:$C,Amazon_USA_Air_Shipment!AC:AC),0),IFERROR(_xlfn.XLOOKUP($D5,MENA!$C:$C,MENA!AC:AC),0),IFERROR(_xlfn.XLOOKUP($D5,UK!$C:$C,UK!AC:AC),0),IFERROR(_xlfn.XLOOKUP($D5,BMM_Order!$C:$C,BMM_Order!AC:AC),0),IFERROR(_xlfn.XLOOKUP($D5,'Adhoc-_Backlog'!$C:$C,'Adhoc-_Backlog'!AE:AE),0)) -> 46 | AM5: =SUM(IFERROR(_xlfn.XLOOKUP($D5,Domestic!$C:$C,Domestic!AF:AF),0),IFERROR(_xlfn.XLOOKUP($D5,'INT-_Manjiri'!$C:$C,'INT-_Manjiri'!AE:AE),0),IFERROR(_xlfn.XLOOKUP($D5,'USA-_Sea_shipment'!$C:$C,'USA-_Sea_shipment'!AE:AE),0),IFERROR(_xlfn.XLOOKUP($D5,Amazon_USA_Sea!$C:$C,Amazon_USA_Sea!AE:AE),0),IFERROR(_xlfn.XLOOKUP($D5,USA_Air_Shipment!$C:$C,USA_Air_Shipment!AD:AD),0),IFERROR(_xlfn.XLOOKUP($D5,Amazon_USA_Air_Shipment!$C:$C,Amazon_USA_Air_Shipment!AD:AD),0),IFERROR(_xlfn.XLOOKUP($D5,MENA!$C:$C,MENA!AD:AD),0),IFERROR(_xlfn.XLOOKUP($D5,UK!$C:$C,UK!AD:AD),0),IFERROR(_xlfn.XLOOKUP($D5,BMM_Order!$C:$C,BMM_Order!AD:AD),0),IFERROR(_xlfn.XLOOKUP($D5,'Adhoc-_Backlog'!$C:$C,'Adhoc-_Backlog'!AF:AF),0)) -> 0 | AN5: =SUM(IFERROR(_xlfn.XLOOKUP($D5,Domestic!$C:$C,Domestic!AG:AG),0),IFERROR(_xlfn.XLOOKUP($D5,'INT-_Manjiri'!$C:$C,'INT-_Manjiri'!AF:AF),0),IFERROR(_xlfn.XLOOKUP($D5,'USA-_Sea_shipment'!$C:$C,'USA-_Sea_shipment'!AF:AF),0),IFERROR(_xlfn.XLOOKUP($D5,Amazon_USA_Sea!$C:$C,Amazon_USA_Sea!AF:AF),0),IFERROR(_xlfn.XLOOKUP($D5,USA_Air_Shipment!$C:$C,USA_Air_Shipment!AE:AE),0),IFERROR(_xlfn.XLOOKUP($D5,Amazon_USA_Air_Shipment!$C:$C,Amazon_USA_Air_Shipment!AE:AE),0),IFERROR(_xlfn.XLOOKUP($D5,MENA!$C:$C,MENA!AE:AE),0),IFERROR(_xlfn.XLOOKUP($D5,UK!$C:$C,UK!AE:AE),0),IFERROR(_xlfn.XLOOKUP($D5,BMM_Order!$C:$C,BMM_Order!AE:AE),0),IFERROR(_xlfn.XLOOKUP($D5,'Adhoc-_Backlog'!$C:$C,'Adhoc-_Backlog'!AG:AG),0)) -> 0 | AO5: =SUM(IFERROR(_xlfn.XLOOKUP($D5,Domestic!$C:$C,Domestic!AH:AH),0),IFERROR(_xlfn.XLOOKUP($D5,'INT-_Manjiri'!$C:$C,'INT-_Manjiri'!AG:AG),0),IFERROR(_xlfn.XLOOKUP($D5,'USA-_Sea_shipment'!$C:$C,'USA-_Sea_shipment'!AG:AG),0),IFERROR(_xlfn.XLOOKUP($D5,Amazon_USA_Sea!$C:$C,Amazon_USA_Sea!AG:AG),0),IFERROR(_xlfn.XLOOKUP($D5,USA_Air_Shipment!$C:$C,USA_Air_Shipment!AF:AF),0),IFERROR(_xlfn.XLOOKUP($D5,Amazon_USA_Air_Shipment!$C:$C,Amazon_USA_Air_Shipment!AF:AF),0),IFERROR(_xlfn.XLOOKUP($D5,MENA!$C:$C,MENA!AF:AF),0),IFERROR(_xlfn.XLOOKUP($D5,UK!$C:$C,UK!AF:AF),0),IFERROR(_xlfn.XLOOKUP($D5,BMM_Order!$C:$C,BMM_Order!AF:AF),0),IFERROR(_xlfn.XLOOKUP($D5,'Adhoc-_Backlog'!$C:$C,'Adhoc-_Backlog'!AH:AH),0)) -> 0 | AP5: =SUM(IFERROR(_xlfn.XLOOKUP($D5,Domestic!$C:$C,Domestic!AI:AI),0),IFERROR(_xlfn.XLOOKUP($D5,'INT-_Manjiri'!$C:$C,'INT-_Manjiri'!AH:AH),0),IFERROR(_xlfn.XLOOKUP($D5,'USA-_Sea_shipment'!$C:$C,'USA-_Sea_shipment'!AH:AH),0),IFERROR(_xlfn.XLOOKUP($D5,Amazon_USA_Sea!$C:$C,Amazon_USA_Sea!AH:AH),0),IFERROR(_xlfn.XLOOKUP($D5,USA_Air_Shipment!$C:$C,USA_Air_Shipment!AG:AG),0),IFERROR(_xlfn.XLOOKUP($D5,Amazon_USA_Air_Shipment!$C:$C,Amazon_USA_Air_Shipment!AG:AG),0),IFERROR(_xlfn.XLOOKUP($D5,MENA!$C:$C,MENA!AG:AG),0),IFERROR(_xlfn.XLOOKUP($D5,UK!$C:$C,UK!AG:AG),0),IFERROR(_xlfn.XLOOKUP($D5,BMM_Order!$C:$C,BMM_Order!AG:AG),0),IFERROR(_xlfn.XLOOKUP($D5,'Adhoc-_Backlog'!$C:$C,'Adhoc-_Backlog'!AI:AI),0)) -> 0 | AQ5: =SUM(IFERROR(_xlfn.XLOOKUP($D5,Domestic!$C:$C,Domestic!AJ:AJ),0),IFERROR(_xlfn.XLOOKUP($D5,'INT-_Manjiri'!$C:$C,'INT-_Manjiri'!AI:AI),0),IFERROR(_xlfn.XLOOKUP($D5,'USA-_Sea_shipment'!$C:$C,'USA-_Sea_shipment'!AI:AI),0),IFERROR(_xlfn.XLOOKUP($D5,Amazon_USA_Sea!$C:$C,Amazon_USA_Sea!AI:AI),0),IFERROR(_xlfn.XLOOKUP($D5,USA_Air_Shipment!$C:$C,USA_Air_Shipment!AH:AH),0),IFERROR(_xlfn.XLOOKUP($D5,Amazon_USA_Air_Shipment!$C:$C,Amazon_USA_Air_Shipment!AH:AH),0),IFERROR(_xlfn.XLOOKUP($D5,MENA!$C:$C,MENA!AH:AH),0),IFERROR(_xlfn.XLOOKUP($D5,UK!$C:$C,UK!AH:AH),0),IFERROR(_xlfn.XLOOKUP($D5,BMM_Order!$C:$C,BMM_Order!AH:AH),0),IFERROR(_xlfn.XLOOKUP($D5,'Adhoc-_Backlog'!$C:$C,'Adhoc-_Backlog'!AJ:AJ),0)) -> 0 | AR5: =SUM(IFERROR(_xlfn.XLOOKUP($D5,Domestic!$C:$C,Domestic!AK:AK),0),IFERROR(_xlfn.XLOOKUP($D5,'INT-_Manjiri'!$C:$C,'INT-_Manjiri'!AJ:AJ),0),IFERROR(_xlfn.XLOOKUP($D5,'USA-_Sea_shipment'!$C:$C,'USA-_Sea_shipment'!AJ:AJ),0),IFERROR(_xlfn.XLOOKUP($D5,Amazon_USA_Sea!$C:$C,Amazon_USA_Sea!AJ:AJ),0),IFERROR(_xlfn.XLOOKUP($D5,USA_Air_Shipment!$C:$C,USA_Air_Shipment!AI:AI),0),IFERROR(_xlfn.XLOOKUP($D5,Amazon_USA_Air_Shipment!$C:$C,Amazon_USA_Air_Shipment!AI:AI),0),IFERROR(_xlfn.XLOOKUP($D5,MENA!$C:$C,MENA!AI:AI),0),IFERROR(_xlfn.XLOOKUP($D5,UK!$C:$C,UK!AI:AI),0),IFERROR(_xlfn.XLOOKUP($D5,BMM_Order!$C:$C,BMM_Order!AI:AI),0),IFERROR(_xlfn.XLOOKUP($D5,'Adhoc-_Backlog'!$C:$C,'Adhoc-_Backlog'!AK:AK),0)) -> 0 | AS5: =SUM(IFERROR(_xlfn.XLOOKUP($D5,Domestic!$C:$C,Domestic!AL:AL),0),IFERROR(_xlfn.XLOOKUP($D5,'INT-_Manjiri'!$C:$C,'INT-_Manjiri'!AK:AK),0),IFERROR(_xlfn.XLOOKUP($D5,'USA-_Sea_shipment'!$C:$C,'USA-_Sea_shipment'!AK:AK),0),IFERROR(_xlfn.XLOOKUP($D5,Amazon_USA_Sea!$C:$C,Amazon_USA_Sea!AK:AK),0),IFERROR(_xlfn.XLOOKUP($D5,USA_Air_Shipment!$C:$C,USA_Air_Shipment!AJ:AJ),0),IFERROR(_xlfn.XLOOKUP($D5,Amazon_USA_Air_Shipment!$C:$C,Amazon_USA_Air_Shipment!AJ:AJ),0),IFERROR(_xlfn.XLOOKUP($D5,MENA!$C:$C,MENA!AJ:AJ),0),IFERROR(_xlfn.XLOOKUP($D5,UK!$C:$C,UK!AJ:AJ),0),IFERROR(_xlfn.XLOOKUP($D5,BMM_Order!$C:$C,BMM_Order!AJ:AJ),0),IFERROR(_xlfn.XLOOKUP($D5,'Adhoc-_Backlog'!$C:$C,'Adhoc-_Backlog'!AL:AL),0)) -> 0 | AT5: =SUM(IFERROR(_xlfn.XLOOKUP($D5,Domestic!$C:$C,Domestic!AM:AM),0),IFERROR(_xlfn.XLOOKUP($D5,'INT-_Manjiri'!$C:$C,'INT-_Manjiri'!AL:AL),0),IFERROR(_xlfn.XLOOKUP($D5,'USA-_Sea_shipment'!$C:$C,'USA-_Sea_shipment'!AL:AL),0),IFERROR(_xlfn.XLOOKUP($D5,Amazon_USA_Sea!$C:$C,Amazon_USA_Sea!AL:AL),0),IFERROR(_xlfn.XLOOKUP($D5,USA_Air_Shipment!$C:$C,USA_Air_Shipment!AK:AK),0),IFERROR(_xlfn.XLOOKUP($D5,Amazon_USA_Air_Shipment!$C:$C,Amazon_USA_Air_Shipment!AK:AK),0),IFERROR(_xlfn.XLOOKUP($D5,MENA!$C:$C,MENA!AK:AK),0),IFERROR(_xlfn.XLOOKUP($D5,UK!$C:$C,UK!AK:AK),0),IFERROR(_xlfn.XLOOKUP($D5,BMM_Order!$C:$C,BMM_Order!AK:AK),0),IFERROR(_xlfn.XLOOKUP($D5,'Adhoc-_Backlog'!$C:$C,'Adhoc-_Backlog'!AM:AM),0)) -> 0 | AU5: =SUM(IFERROR(_xlfn.XLOOKUP($D5,Domestic!$C:$C,Domestic!AN:AN),0),IFERROR(_xlfn.XLOOKUP($D5,'INT-_Manjiri'!$C:$C,'INT-_Manjiri'!AM:AM),0),IFERROR(_xlfn.XLOOKUP($D5,'USA-_Sea_shipment'!$C:$C,'USA-_Sea_shipment'!AM:AM),0),IFERROR(_xlfn.XLOOKUP($D5,Amazon_USA_Sea!$C:$C,Amazon_USA_Sea!AM:AM),0),IFERROR(_xlfn.XLOOKUP($D5,USA_Air_Shipment!$C:$C,USA_Air_Shipment!AL:AL),0),IFERROR(_xlfn.XLOOKUP($D5,Amazon_USA_Air_Shipment!$C:$C,Amazon_USA_Air_Shipment!AL:AL),0),IFERROR(_xlfn.XLOOKUP($D5,MENA!$C:$C,MENA!AL:AL),0),IFERROR(_xlfn.XLOOKUP($D5,UK!$C:$C,UK!AL:AL),0),IFERROR(_xlfn.XLOOKUP($D5,BMM_Order!$C:$C,BMM_Order!AL:AL),0),IFERROR(_xlfn.XLOOKUP($D5,'Adhoc-_Backlog'!$C:$C,'Adhoc-_Backlog'!AN:AN),0)) -> 0 | AV5: =SUM(IFERROR(_xlfn.XLOOKUP($D5,Domestic!$C:$C,Domestic!AO:AO),0),IFERROR(_xlfn.XLOOKUP($D5,'INT-_Manjiri'!$C:$C,'INT-_Manjiri'!AN:AN),0),IFERROR(_xlfn.XLOOKUP($D5,'USA-_Sea_shipment'!$C:$C,'USA-_Sea_shipment'!AN:AN),0),IFERROR(_xlfn.XLOOKUP($D5,Amazon_USA_Sea!$C:$C,Amazon_USA_Sea!AN:AN),0),IFERROR(_xlfn.XLOOKUP($D5,USA_Air_Shipment!$C:$C,USA_Air_Shipment!AM:AM),0),IFERROR(_xlfn.XLOOKUP($D5,Amazon_USA_Air_Shipment!$C:$C,Amazon_USA_Air_Shipment!AM:AM),0),IFERROR(_xlfn.XLOOKUP($D5,MENA!$C:$C,MENA!AM:AM),0),IFERROR(_xlfn.XLOOKUP($D5,UK!$C:$C,UK!AM:AM),0),IFERROR(_xlfn.XLOOKUP($D5,BMM_Order!$C:$C,BMM_Order!AM:AM),0),IFERROR(_xlfn.XLOOKUP($D5,'Adhoc-_Backlog'!$C:$C,'Adhoc-_Backlog'!AO:AO),0)) -> 0 | AW5: =SUM(IFERROR(_xlfn.XLOOKUP($D5,Domestic!$C:$C,Domestic!AP:AP),0),IFERROR(_xlfn.XLOOKUP($D5,'INT-_Manjiri'!$C:$C,'INT-_Manjiri'!AO:AO),0),IFERROR(_xlfn.XLOOKUP($D5,'USA-_Sea_shipment'!$C:$C,'USA-_Sea_shipment'!AO:AO),0),IFERROR(_xlfn.XLOOKUP($D5,Amazon_USA_Sea!$C:$C,Amazon_USA_Sea!AO:AO),0),IFERROR(_xlfn.XLOOKUP($D5,USA_Air_Shipment!$C:$C,USA_Air_Shipment!AN:AN),0),IFERROR(_xlfn.XLOOKUP($D5,Amazon_USA_Air_Shipment!$C:$C,Amazon_USA_Air_Shipment!AN:AN),0),IFERROR(_xlfn.XLOOKUP($D5,MENA!$C:$C,MENA!AN:AN),0),IFERROR(_xlfn.XLOOKUP($D5,UK!$C:$C,UK!AN:AN),0),IFERROR(_xlfn.XLOOKUP($D5,BMM_Order!$C:$C,BMM_Order!AN:AN),0),IFERROR(_xlfn.XLOOKUP($D5,'Adhoc-_Backlog'!$C:$C,'Adhoc-_Backlog'!AP:AP),0)) -> 0 | AX5: =SUM(IFERROR(_xlfn.XLOOKUP($D5,Domestic!$C:$C,Domestic!AQ:AQ),0),IFERROR(_xlfn.XLOOKUP($D5,'INT-_Manjiri'!$C:$C,'INT-_Manjiri'!AP:AP),0),IFERROR(_xlfn.XLOOKUP($D5,'USA-_Sea_shipment'!$C:$C,'USA-_Sea_shipment'!AP:AP),0),IFERROR(_xlfn.XLOOKUP($D5,Amazon_USA_Sea!$C:$C,Amazon_USA_Sea!AP:AP),0),IFERROR(_xlfn.XLOOKUP($D5,USA_Air_Shipment!$C:$C,USA_Air_Shipment!AO:AO),0),IFERROR(_xlfn.XLOOKUP($D5,Amazon_USA_Air_Shipment!$C:$C,Amazon_USA_Air_Shipment!AO:AO),0),IFERROR(_xlfn.XLOOKUP($D5,MENA!$C:$C,MENA!AO:AO),0),IFERROR(_xlfn.XLOOKUP($D5,UK!$C:$C,UK!AO:AO),0),IFERROR(_xlfn.XLOOKUP($D5,BMM_Order!$C:$C,BMM_Order!AO:AO),0),IFERROR(_xlfn.XLOOKUP($D5,'Adhoc-_Backlog'!$C:$C,'Adhoc-_Backlog'!AQ:AQ),0)) -> 0 | AY5: =SUM(IFERROR(_xlfn.XLOOKUP($D5,Domestic!$C:$C,Domestic!AR:AR),0),IFERROR(_xlfn.XLOOKUP($D5,'INT-_Manjiri'!$C:$C,'INT-_Manjiri'!AQ:AQ),0),IFERROR(_xlfn.XLOOKUP($D5,'USA-_Sea_shipment'!$C:$C,'USA-_Sea_shipment'!AQ:AQ),0),IFERROR(_xlfn.XLOOKUP($D5,Amazon_USA_Sea!$C:$C,Amazon_USA_Sea!AQ:AQ),0),IFERROR(_xlfn.XLOOKUP($D5,USA_Air_Shipment!$C:$C,USA_Air_Shipment!AP:AP),0),IFERROR(_xlfn.XLOOKUP($D5,Amazon_USA_Air_Shipment!$C:$C,Amazon_USA_Air_Shipment!AP:AP),0),IFERROR(_xlfn.XLOOKUP($D5,MENA!$C:$C,MENA!AP:AP),0),IFERROR(_xlfn.XLOOKUP($D5,UK!$C:$C,UK!AP:AP),0),IFERROR(_xlfn.XLOOKUP($D5,BMM_Order!$C:$C,BMM_Order!AP:AP),0),IFERROR(_xlfn.XLOOKUP($D5,'Adhoc-_Backlog'!$C:$C,'Adhoc-_Backlog'!AR:AR),0)) -> 0 | AZ5: =SUM(IFERROR(_xlfn.XLOOKUP($D5,Domestic!$C:$C,Domestic!AS:AS),0),IFERROR(_xlfn.XLOOKUP($D5,'INT-_Manjiri'!$C:$C,'INT-_Manjiri'!AR:AR),0),IFERROR(_xlfn.XLOOKUP($D5,'USA-_Sea_shipment'!$C:$C,'USA-_Sea_shipment'!AR:AR),0),IFERROR(_xlfn.XLOOKUP($D5,Amazon_USA_Sea!$C:$C,Amazon_USA_Sea!AR:AR),0),IFERROR(_xlfn.XLOOKUP($D5,USA_Air_Shipment!$C:$C,USA_Air_Shipment!AQ:AQ),0),IFERROR(_xlfn.XLOOKUP($D5,Amazon_USA_Air_Shipment!$C:$C,Amazon_USA_Air_Shipment!AQ:AQ),0),IFERROR(_xlfn.XLOOKUP($D5,MENA!$C:$C,MENA!AQ:AQ),0),IFERROR(_xlfn.XLOOKUP($D5,UK!$C:$C,UK!AQ:AQ),0),IFERROR(_xlfn.XLOOKUP($D5,BMM_Order!$C:$C,BMM_Order!AQ:AQ),0),IFERROR(_xlfn.XLOOKUP($D5,'Adhoc-_Backlog'!$C:$C,'Adhoc-_Backlog'!AS:AS),0)) -> 0 | BA5: =SUM(IFERROR(_xlfn.XLOOKUP($D5,Domestic!$C:$C,Domestic!AT:AT),0),IFERROR(_xlfn.XLOOKUP($D5,'INT-_Manjiri'!$C:$C,'INT-_Manjiri'!AS:AS),0),IFERROR(_xlfn.XLOOKUP($D5,'USA-_Sea_shipment'!$C:$C,'USA-_Sea_shipment'!AS:AS),0),IFERROR(_xlfn.XLOOKUP($D5,Amazon_USA_Sea!$C:$C,Amazon_USA_Sea!AS:AS),0),IFERROR(_xlfn.XLOOKUP($D5,USA_Air_Shipment!$C:$C,USA_Air_Shipment!AR:AR),0),IFERROR(_xlfn.XLOOKUP($D5,Amazon_USA_Air_Shipment!$C:$C,Amazon_USA_Air_Shipment!AR:AR),0),IFERROR(_xlfn.XLOOKUP($D5,MENA!$C:$C,MENA!AR:AR),0),IFERROR(_xlfn.XLOOKUP($D5,UK!$C:$C,UK!AR:AR),0),IFERROR(_xlfn.XLOOKUP($D5,BMM_Order!$C:$C,BMM_Order!AR:AR),0),IFERROR(_xlfn.XLOOKUP($D5,'Adhoc-_Backlog'!$C:$C,'Adhoc-_Backlog'!AT:AT),0)) -> 0 | BB5: =SUM($P5:$BA5) -> 46 | BC5: =BB5*$F5 -> 11.5 | BD5: =$O5-BB5 -> 29 | BE5: =BD5*$F5 -> 7.25 | BF5: =IFERROR(BB5/$O5,0) -> 0.61333333 | BG5: =_xlfn.TEXTJOIN(" | ",TRUE,IFERROR(_xlfn.XLOOKUP($D5,Domestic!$C:$C,Domestic!$BG:$BG,""),""),IFERROR(_xlfn.XLOOKUP($D5,'INT-_Manjiri'!$C:$C,'INT-_Manjiri'!$AY:$AY,""),""),IFERROR(_xlfn.XLOOKUP($D5,'USA-_Sea_shipment'!$C:$C,'USA-_Sea_shipment'!#REF!,""),""),IFERROR(_xlfn.XLOOKUP($D5,Amazon_USA_Sea!$C:$C,Amazon_USA_Sea!$AY:$AY,""),""),IFERROR(_xlfn.XLOOKUP($D5,USA_Air_Shipment!$C:$C,USA_Air_Shipment!$AW:$AW,""),""),IFERROR(_xlfn.XLOOKUP($D5,Amazon_USA_Air_Shipment!$C:$C,Amazon_USA_Air_Shipment!$AW:$AW,""),""),IFERROR(_xlfn.XLOOKUP($D5,MENA!$C:$C,MENA!$AW:$AW,""),""),IFERROR(_xlfn.XLOOKUP($D5,UK!$C:$C,UK!$BA:$BA,""),""),IFERROR(_xlfn.XLOOKUP($D5,BMM_Order!$C:$C,BMM_Order!$BA:$BA,""),""),IFERROR(_xlfn.XLOOKUP($D5,'Adhoc-_Backlog'!$C:$C,'Adhoc-_Backlog'!$BD:$BD,""),"")) | BH5: =_xlfn.XLOOKUP(D5,Raw_Data!A:A,Raw_Data!B:B) -> 54 | BI5: =BH5/(O5/30) -> 21.6 | BJ5: =IF(BI5="","",IF(BI5<=5,10,IF(BI5<=10,7,IF(BI5<=20,5,3)))) -> 3 | BK5: =IF(N($O5)=0,"P3 – Normal", IF($BJ5="","", IF($BJ5=10,"P1 – Critical", IF($BJ5=7,"P2 – High","P3 – Normal")))) -> P3 – Normal | BL5: RFD
