Workbook

Sheet BI_Data
A1: FGCode | B1: Product | C1: Section | D1: Plant | E1: UOM | F1: Priority | G1: PriorityRank | H1: IsCritical | I1: DOHBucket | J1: FillRateBucket | K1: Remark | L1: Date | M1: DayIndex | N1: DayOfMonth | O1: MonthLabel | P1: IsElapsed | Q1: DailyProducedPKT | R1: EvenPaceTargetPKT | S1: IsSKURow | T1: PlanPKT | U1: ProducedPKT | V1: PendingPKT | W1: SOHCentralWH | X1: DOH | Y1: PlanMRPDomestic | Z1: PlanROWManjari | AA1: PlanUSASea | AB1: PlanAmazonUSASea | AC1: PlanUSAAir | AD1: PlanUSAAmazon | AE1: PlanUK | AF1: PlanMENA | AG1: RiskScore | AH1: SrcRow
A2: {=IFERROR(INDEX(Summary!$D:$D,$AH2)&"","")} -> FG00724 | B2: {=IF($A2="","",INDEX(Summary!$E:$E,$AH2))} -> Khapli Atta 1KG | C2: {=IF($A2="","",INDEX(Summary!$B:$B,$AH2))} -> Atta | D2: {=IF($A2="","",INDEX(Summary!$C:$C,$AH2))} -> C39 | E2: {=IF($A2="","",INDEX(Summary!$F:$F,$AH2))} -> 1 | F2: {=IF($A2="","",INDEX(Summary!$BC:$BC,$AH2)&"")} -> P2 – High | G2: =IF($A2="","",VALUE(LEFT(SUBSTITUTE($F2,"P",""),1))) -> 2 | H2: =IF($A2="","",IF(LEFT($F2,2)="P1",1,0)) -> 0 | I2: {=IF($A2="","",IF(IFERROR(INDEX(Summary!$BA:$BA,$AH2),0)<1,"Under 1 day",IF(INDEX(Summary!$BA:$BA,$AH2)<3,"1-3 days",IF(INDEX(Summary!$BA:$BA,$AH2)<7,"3-7 days","7+ days"))))} -> 7+ days | J2: {=IF($A2="","",IF(IFERROR(INDEX(Summary!$AX:$AX,$AH2),0)<0.25,"0-25%",IF(INDEX(Summary!$AX:$AX,$AH2)<0.5,"25-50%",IF(INDEX(Summary!$AX:$AX,$AH2)<0.75,"50-75%","75-100%"))))} -> 75-100% | K2: {=IF($A2="","",INDEX(Summary!$AY:$AY,$AH2)&"")} | L2: =IF($A2="","",Summary!$P$2+MOD(ROW()-2,30)) -> 46227 | M2: =IF($A2="","",MOD(ROW()-2,30)+1) -> 1 | N2: =IF($A2="","",DAY($L2)) -> 24 | O2: =IF($A2="","",TEXT($L2,"mmm-yyyy")) -> Jul-2026 | P2: =IF($A2="","",IF($L2<=TODAY(),1,0)) -> 1 | Q2: {=IF($A2="",0,IFERROR(INDEX(Summary!$P$3:$AS$67,$AH2-2,$M2),0))} -> 0 | R2: {=IF($A2="",0,ROUND(IFERROR(INDEX(Summary!$O:$O,$AH2),0)/30,0))} -> 200 | S2: =IF($A2="",0,IF($M2=1,1,0)) -> 1 | T2: {=IF($S2=1,IFERROR(INDEX(Summary!$O:$O,$AH2),0),0)} -> 6000 | U2: {=IF($S2=1,IFERROR(INDEX(Summary!$AT:$AT,$AH2),0),0)} -> 6271 | V2: =IF($S2=1,MAX(0,$T2-$U2),0) -> 0 | W2: {=IF($S2=1,IFERROR(INDEX(Summary!$AZ:$AZ,$AH2),0),0)} -> 1586 | X2: {=IF($S2=1,IFERROR(INDEX(Summary!$BA:$BA,$AH2),0),0)} -> 7.93 | Y2: {=IF($S2=1,IFERROR(INDEX(Summary!$G:$G,$AH2),0),0)} -> 0 | Z2: {=IF($S2=1,IFERROR(INDEX(Summary!$H:$H,$AH2),0),0)} -> 0 | AA2: {=IF($S2=1,IFERROR(INDEX(Summary!$I:$I,$AH2),0),0)} -> 0 | AB2: {=IF($S2=1,IFERROR(INDEX(Summary!$J:$J,$AH2),0),0)} -> 0 | AC2: {=IF($S2=1,IFERROR(INDEX(Summary!$K:$K,$AH2),0),0)} -> 6000 | AD2: {=IF($S2=1,IFERROR(INDEX(Summary!$L:$L,$AH2),0),0)} -> 0 | AE2: {=IF($S2=1,IFERROR(INDEX(Summary!$M:$M,$AH2),0),0)} -> 0 | AF2: {=IF($S2=1,IFERROR(INDEX(Summary!$N:$N,$AH2),0),0)} -> 0 | AG2: {=IF($A2="","",IFERROR(INDEX(Summary!$BB:$BB,$AH2),0))} -> 7 | AH2: =INT((ROW()-2)/30)+3 -> 3
A3: {=IFERROR(INDEX(Summary!$D:$D,$AH3)&"","")} -> FG00724 | B3: {=IF($A3="","",INDEX(Summary!$E:$E,$AH3))} -> Khapli Atta 1KG | C3: {=IF($A3="","",INDEX(Summary!$B:$B,$AH3))} -> Atta | D3: {=IF($A3="","",INDEX(Summary!$C:$C,$AH3))} -> C39 | E3: {=IF($A3="","",INDEX(Summary!$F:$F,$AH3))} -> 1 | F3: {=IF($A3="","",INDEX(Summary!$BC:$BC,$AH3)&"")} -> P2 – High | G3: =IF($A3="","",VALUE(LEFT(SUBSTITUTE($F3,"P",""),1))) -> 2 | H3: =IF($A3="","",IF(LEFT($F3,2)="P1",1,0)) -> 0 | I3: {=IF($A3="","",IF(IFERROR(INDEX(Summary!$BA:$BA,$AH3),0)<1,"Under 1 day",IF(INDEX(Summary!$BA:$BA,$AH3)<3,"1-3 days",IF(INDEX(Summary!$BA:$BA,$AH3)<7,"3-7 days","7+ days"))))} -> 7+ days | J3: {=IF($A3="","",IF(IFERROR(INDEX(Summary!$AX:$AX,$AH3),0)<0.25,"0-25%",IF(INDEX(Summary!$AX:$AX,$AH3)<0.5,"25-50%",IF(INDEX(Summary!$AX:$AX,$AH3)<0.75,"50-75%","75-100%"))))} -> 75-100% | K3: {=IF($A3="","",INDEX(Summary!$AY:$AY,$AH3)&"")} | L3: =IF($A3="","",Summary!$P$2+MOD(ROW()-2,30)) -> 46228 | M3: =IF($A3="","",MOD(ROW()-2,30)+1) -> 2 | N3: =IF($A3="","",DAY($L3)) -> 25 | O3: =IF($A3="","",TEXT($L3,"mmm-yyyy")) -> Jul-2026 | P3: =IF($A3="","",IF($L3<=TODAY(),1,0)) -> 1 | Q3: {=IF($A3="",0,IFERROR(INDEX(Summary!$P$3:$AS$67,$AH3-2,$M3),0))} -> 0 | R3: {=IF($A3="",0,ROUND(IFERROR(INDEX(Summary!$O:$O,$AH3),0)/30,0))} -> 200 | S3: =IF($A3="",0,IF($M3=1,1,0)) -> 0 | T3: {=IF($S3=1,IFERROR(INDEX(Summary!$O:$O,$AH3),0),0)} -> 0 | U3: {=IF($S3=1,IFERROR(INDEX(Summary!$AT:$AT,$AH3),0),0)} -> 0 | V3: =IF($S3=1,MAX(0,$T3-$U3),0) -> 0 | W3: {=IF($S3=1,IFERROR(INDEX(Summary!$AZ:$AZ,$AH3),0),0)} -> 0 | X3: {=IF($S3=1,IFERROR(INDEX(Summary!$BA:$BA,$AH3),0),0)} -> 0 | Y3: {=IF($S3=1,IFERROR(INDEX(Summary!$G:$G,$AH3),0),0)} -> 0 | Z3: {=IF($S3=1,IFERROR(INDEX(Summary!$H:$H,$AH3),0),0)} -> 0 | AA3: {=IF($S3=1,IFERROR(INDEX(Summary!$I:$I,$AH3),0),0)} -> 0 | AB3: {=IF($S3=1,IFERROR(INDEX(Summary!$J:$J,$AH3),0),0)} -> 0 | AC3: {=IF($S3=1,IFERROR(INDEX(Summary!$K:$K,$AH3),0),0)} -> 0 | AD3: {=IF($S3=1,IFERROR(INDEX(Summary!$L:$L,$AH3),0),0)} -> 0 | AE3: {=IF($S3=1,IFERROR(INDEX(Summary!$M:$M,$AH3),0),0)} -> 0 | AF3: {=IF($S3=1,IFERROR(INDEX(Summary!$N:$N,$AH3),0),0)} -> 0 | AG3: {=IF($A3="","",IFERROR(INDEX(Summary!$BB:$BB,$AH3),0))} -> 7 | AH3: =INT((ROW()-2)/30)+3 -> 3
A4: {=IFERROR(INDEX(Summary!$D:$D,$AH4)&"","")} -> FG00724 | B4: {=IF($A4="","",INDEX(Summary!$E:$E,$AH4))} -> Khapli Atta 1KG | C4: {=IF($A4="","",INDEX(Summary!$B:$B,$AH4))} -> Atta | D4: {=IF($A4="","",INDEX(Summary!$C:$C,$AH4))} -> C39 | E4: {=IF($A4="","",INDEX(Summary!$F:$F,$AH4))} -> 1 | F4: {=IF($A4="","",INDEX(Summary!$BC:$BC,$AH4)&"")} -> P2 – High | G4: =IF($A4="","",VALUE(LEFT(SUBSTITUTE($F4,"P",""),1))) -> 2 | H4: =IF($A4="","",IF(LEFT($F4,2)="P1",1,0)) -> 0 | I4: {=IF($A4="","",IF(IFERROR(INDEX(Summary!$BA:$BA,$AH4),0)<1,"Under 1 day",IF(INDEX(Summary!$BA:$BA,$AH4)<3,"1-3 days",IF(INDEX(Summary!$BA:$BA,$AH4)<7,"3-7 days","7+ days"))))} -> 7+ days | J4: {=IF($A4="","",IF(IFERROR(INDEX(Summary!$AX:$AX,$AH4),0)<0.25,"0-25%",IF(INDEX(Summary!$AX:$AX,$AH4)<0.5,"25-50%",IF(INDEX(Summary!$AX:$AX,$AH4)<0.75,"50-75%","75-100%"))))} -> 75-100% | K4: {=IF($A4="","",INDEX(Summary!$AY:$AY,$AH4)&"")} | L4: =IF($A4="","",Summary!$P$2+MOD(ROW()-2,30)) -> 46229 | M4: =IF($A4="","",MOD(ROW()-2,30)+1) -> 3 | N4: =IF($A4="","",DAY($L4)) -> 26 | O4: =IF($A4="","",TEXT($L4,"mmm-yyyy")) -> Jul-2026 | P4: =IF($A4="","",IF($L4<=TODAY(),1,0)) -> 1 | Q4: {=IF($A4="",0,IFERROR(INDEX(Summary!$P$3:$AS$67,$AH4-2,$M4),0))} -> 0 | R4: {=IF($A4="",0,ROUND(IFERROR(INDEX(Summary!$O:$O,$AH4),0)/30,0))} -> 200 | S4: =IF($A4="",0,IF($M4=1,1,0)) -> 0 | T4: {=IF($S4=1,IFERROR(INDEX(Summary!$O:$O,$AH4),0),0)} -> 0 | U4: {=IF($S4=1,IFERROR(INDEX(Summary!$AT:$AT,$AH4),0),0)} -> 0 | V4: =IF($S4=1,MAX(0,$T4-$U4),0) -> 0 | W4: {=IF($S4=1,IFERROR(INDEX(Summary!$AZ:$AZ,$AH4),0),0)} -> 0 | X4: {=IF($S4=1,IFERROR(INDEX(Summary!$BA:$BA,$AH4),0),0)} -> 0 | Y4: {=IF($S4=1,IFERROR(INDEX(Summary!$G:$G,$AH4),0),0)} -> 0 | Z4: {=IF($S4=1,IFERROR(INDEX(Summary!$H:$H,$AH4),0),0)} -> 0 | AA4: {=IF($S4=1,IFERROR(INDEX(Summary!$I:$I,$AH4),0),0)} -> 0 | AB4: {=IF($S4=1,IFERROR(INDEX(Summary!$J:$J,$AH4),0),0)} -> 0 | AC4: {=IF($S4=1,IFERROR(INDEX(Summary!$K:$K,$AH4),0),0)} -> 0 | AD4: {=IF($S4=1,IFERROR(INDEX(Summary!$L:$L,$AH4),0),0)} -> 0 | AE4: {=IF($S4=1,IFERROR(INDEX(Summary!$M:$M,$AH4),0),0)} -> 0 | AF4: {=IF($S4=1,IFERROR(INDEX(Summary!$N:$N,$AH4),0),0)} -> 0 | AG4: {=IF($A4="","",IFERROR(INDEX(Summary!$BB:$BB,$AH4),0))} -> 7 | AH4: =INT((ROW()-2)/30)+3 -> 3
A5: {=IFERROR(INDEX(Summary!$D:$D,$AH5)&"","")} -> FG00724 | B5: {=IF($A5="","",INDEX(Summary!$E:$E,$AH5))} -> Khapli Atta 1KG | C5: {=IF($A5="","",INDEX(Summary!$B:$B,$AH5))} -> Atta | D5: {=IF($A5="","",INDEX(Summary!$C:$C,$AH5))} -> C39 | E5: {=IF($A5="","",INDEX(Summary!$F:$F,$AH5))} -> 1 | F5: {=IF($A5="","",INDEX(Summary!$BC:$BC,$AH5)&"")} -> P2 – High | G5: =IF($A5="","",VALUE(LEFT(SUBSTITUTE($F5,"P",""),1))) -> 2 | H5: =IF($A5="","",IF(LEFT($F5,2)="P1",1,0)) -> 0 | I5: {=IF($A5="","",IF(IFERROR(INDEX(Summary!$BA:$BA,$AH5),0)<1,"Under 1 day",IF(INDEX(Summary!$BA:$BA,$AH5)<3,"1-3 days",IF(INDEX(Summary!$BA:$BA,$AH5)<7,"3-7 days","7+ days"))))} -> 7+ days | J5: {=IF($A5="","",IF(IFERROR(INDEX(Summary!$AX:$AX,$AH5),0)<0.25,"0-25%",IF(INDEX(Summary!$AX:$AX,$AH5)<0.5,"25-50%",IF(INDEX(Summary!$AX:$AX,$AH5)<0.75,"50-75%","75-100%"))))} -> 75-100% | K5: {=IF($A5="","",INDEX(Summary!$AY:$AY,$AH5)&"")} | L5: =IF($A5="","",Summary!$P$2+MOD(ROW()-2,30)) -> 46230 | M5: =IF($A5="","",MOD(ROW()-2,30)+1) -> 4 | N5: =IF($A5="","",DAY($L5)) -> 27 | O5: =IF($A5="","",TEXT($L5,"mmm-yyyy")) -> Jul-2026 | P5: =IF($A5="","",IF($L5<=TODAY(),1,0)) -> 1 | Q5: {=IF($A5="",0,IFERROR(INDEX(Summary!$P$3:$AS$67,$AH5-2,$M5),0))} -> 0 | R5: {=IF($A5="",0,ROUND(IFERROR(INDEX(Summary!$O:$O,$AH5),0)/30,0))} -> 200 | S5: =IF($A5="",0,IF($M5=1,1,0)) -> 0 | T5: {=IF($S5=1,IFERROR(INDEX(Summary!$O:$O,$AH5),0),0)} -> 0 | U5: {=IF($S5=1,IFERROR(INDEX(Summary!$AT:$AT,$AH5),0),0)} -> 0 | V5: =IF($S5=1,MAX(0,$T5-$U5),0) -> 0 | W5: {=IF($S5=1,IFERROR(INDEX(Summary!$AZ:$AZ,$AH5),0),0)} -> 0 | X5: {=IF($S5=1,IFERROR(INDEX(Summary!$BA:$BA,$AH5),0),0)} -> 0 | Y5: {=IF($S5=1,IFERROR(INDEX(Summary!$G:$G,$AH5),0),0)} -> 0 | Z5: {=IF($S5=1,IFERROR(INDEX(Summary!$H:$H,$AH5),0),0)} -> 0 | AA5: {=IF($S5=1,IFERROR(INDEX(Summary!$I:$I,$AH5),0),0)} -> 0 | AB5: {=IF($S5=1,IFERROR(INDEX(Summary!$J:$J,$AH5),0),0)} -> 0 | AC5: {=IF($S5=1,IFERROR(INDEX(Summary!$K:$K,$AH5),0),0)} -> 0 | AD5: {=IF($S5=1,IFERROR(INDEX(Summary!$L:$L,$AH5),0),0)} -> 0 | AE5: {=IF($S5=1,IFERROR(INDEX(Summary!$M:$M,$AH5),0),0)} -> 0 | AF5: {=IF($S5=1,IFERROR(INDEX(Summary!$N:$N,$AH5),0),0)} -> 0 | AG5: {=IF($A5="","",IFERROR(INDEX(Summary!$BB:$BB,$AH5),0))} -> 7 | AH5: =INT((ROW()-2)/30)+3 -> 3
A6: {=IFERROR(INDEX(Summary!$D:$D,$AH6)&"","")} -> FG00724 | B6: {=IF($A6="","",INDEX(Summary!$E:$E,$AH6))} -> Khapli Atta 1KG | C6: {=IF($A6="","",INDEX(Summary!$B:$B,$AH6))} -> Atta | D6: {=IF($A6="","",INDEX(Summary!$C:$C,$AH6))} -> C39 | E6: {=IF($A6="","",INDEX(Summary!$F:$F,$AH6))} -> 1 | F6: {=IF($A6="","",INDEX(Summary!$BC:$BC,$AH6)&"")} -> P2 – High | G6: =IF($A6="","",VALUE(LEFT(SUBSTITUTE($F6,"P",""),1))) -> 2 | H6: =IF($A6="","",IF(LEFT($F6,2)="P1",1,0)) -> 0 | I6: {=IF($A6="","",IF(IFERROR(INDEX(Summary!$BA:$BA,$AH6),0)<1,"Under 1 day",IF(INDEX(Summary!$BA:$BA,$AH6)<3,"1-3 days",IF(INDEX(Summary!$BA:$BA,$AH6)<7,"3-7 days","7+ days"))))} -> 7+ days | J6: {=IF($A6="","",IF(IFERROR(INDEX(Summary!$AX:$AX,$AH6),0)<0.25,"0-25%",IF(INDEX(Summary!$AX:$AX,$AH6)<0.5,"25-50%",IF(INDEX(Summary!$AX:$AX,$AH6)<0.75,"50-75%","75-100%"))))} -> 75-100% | K6: {=IF($A6="","",INDEX(Summary!$AY:$AY,$AH6)&"")} | L6: =IF($A6="","",Summary!$P$2+MOD(ROW()-2,30)) -> 46231 | M6: =IF($A6="","",MOD(ROW()-2,30)+1) -> 5 | N6: =IF($A6="","",DAY($L6)) -> 28 | O6: =IF($A6="","",TEXT($L6,"mmm-yyyy")) -> Jul-2026 | P6: =IF($A6="","",IF($L6<=TODAY(),1,0)) -> 1 | Q6: {=IF($A6="",0,IFERROR(INDEX(Summary!$P$3:$AS$67,$AH6-2,$M6),0))} -> 0 | R6: {=IF($A6="",0,ROUND(IFERROR(INDEX(Summary!$O:$O,$AH6),0)/30,0))} -> 200 | S6: =IF($A6="",0,IF($M6=1,1,0)) -> 0 | T6: {=IF($S6=1,IFERROR(INDEX(Summary!$O:$O,$AH6),0),0)} -> 0 | U6: {=IF($S6=1,IFERROR(INDEX(Summary!$AT:$AT,$AH6),0),0)} -> 0 | V6: =IF($S6=1,MAX(0,$T6-$U6),0) -> 0 | W6: {=IF($S6=1,IFERROR(INDEX(Summary!$AZ:$AZ,$AH6),0),0)} -> 0 | X6: {=IF($S6=1,IFERROR(INDEX(Summary!$BA:$BA,$AH6),0),0)} -> 0 | Y6: {=IF($S6=1,IFERROR(INDEX(Summary!$G:$G,$AH6),0),0)} -> 0 | Z6: {=IF($S6=1,IFERROR(INDEX(Summary!$H:$H,$AH6),0),0)} -> 0 | AA6: {=IF($S6=1,IFERROR(INDEX(Summary!$I:$I,$AH6),0),0)} -> 0 | AB6: {=IF($S6=1,IFERROR(INDEX(Summary!$J:$J,$AH6),0),0)} -> 0 | AC6: {=IF($S6=1,IFERROR(INDEX(Summary!$K:$K,$AH6),0),0)} -> 0 | AD6: {=IF($S6=1,IFERROR(INDEX(Summary!$L:$L,$AH6),0),0)} -> 0 | AE6: {=IF($S6=1,IFERROR(INDEX(Summary!$M:$M,$AH6),0),0)} -> 0 | AF6: {=IF($S6=1,IFERROR(INDEX(Summary!$N:$N,$AH6),0),0)} -> 0 | AG6: {=IF($A6="","",IFERROR(INDEX(Summary!$BB:$BB,$AH6),0))} -> 7 | AH6: =INT((ROW()-2)/30)+3 -> 3
A7: {=IFERROR(INDEX(Summary!$D:$D,$AH7)&"","")} -> FG00724 | B7: {=IF($A7="","",INDEX(Summary!$E:$E,$AH7))} -> Khapli Atta 1KG | C7: {=IF($A7="","",INDEX(Summary!$B:$B,$AH7))} -> Atta | D7: {=IF($A7="","",INDEX(Summary!$C:$C,$AH7))} -> C39 | E7: {=IF($A7="","",INDEX(Summary!$F:$F,$AH7))} -> 1 | F7: {=IF($A7="","",INDEX(Summary!$BC:$BC,$AH7)&"")} -> P2 – High | G7: =IF($A7="","",VALUE(LEFT(SUBSTITUTE($F7,"P",""),1))) -> 2 | H7: =IF($A7="","",IF(LEFT($F7,2)="P1",1,0)) -> 0 | I7: {=IF($A7="","",IF(IFERROR(INDEX(Summary!$BA:$BA,$AH7),0)<1,"Under 1 day",IF(INDEX(Summary!$BA:$BA,$AH7)<3,"1-3 days",IF(INDEX(Summary!$BA:$BA,$AH7)<7,"3-7 days","7+ days"))))} -> 7+ days | J7: {=IF($A7="","",IF(IFERROR(INDEX(Summary!$AX:$AX,$AH7),0)<0.25,"0-25%",IF(INDEX(Summary!$AX:$AX,$AH7)<0.5,"25-50%",IF(INDEX(Summary!$AX:$AX,$AH7)<0.75,"50-75%","75-100%"))))} -> 75-100% | K7: {=IF($A7="","",INDEX(Summary!$AY:$AY,$AH7)&"")} | L7: =IF($A7="","",Summary!$P$2+MOD(ROW()-2,30)) -> 46232 | M7: =IF($A7="","",MOD(ROW()-2,30)+1) -> 6 | N7: =IF($A7="","",DAY($L7)) -> 29 | O7: =IF($A7="","",TEXT($L7,"mmm-yyyy")) -> Jul-2026 | P7: =IF($A7="","",IF($L7<=TODAY(),1,0)) -> 1 | Q7: {=IF($A7="",0,IFERROR(INDEX(Summary!$P$3:$AS$67,$AH7-2,$M7),0))} -> 0 | R7: {=IF($A7="",0,ROUND(IFERROR(INDEX(Summary!$O:$O,$AH7),0)/30,0))} -> 200 | S7: =IF($A7="",0,IF($M7=1,1,0)) -> 0 | T7: {=IF($S7=1,IFERROR(INDEX(Summary!$O:$O,$AH7),0),0)} -> 0 | U7: {=IF($S7=1,IFERROR(INDEX(Summary!$AT:$AT,$AH7),0),0)} -> 0 | V7: =IF($S7=1,MAX(0,$T7-$U7),0) -> 0 | W7: {=IF($S7=1,IFERROR(INDEX(Summary!$AZ:$AZ,$AH7),0),0)} -> 0 | X7: {=IF($S7=1,IFERROR(INDEX(Summary!$BA:$BA,$AH7),0),0)} -> 0 | Y7: {=IF($S7=1,IFERROR(INDEX(Summary!$G:$G,$AH7),0),0)} -> 0 | Z7: {=IF($S7=1,IFERROR(INDEX(Summary!$H:$H,$AH7),0),0)} -> 0 | AA7: {=IF($S7=1,IFERROR(INDEX(Summary!$I:$I,$AH7),0),0)} -> 0 | AB7: {=IF($S7=1,IFERROR(INDEX(Summary!$J:$J,$AH7),0),0)} -> 0 | AC7: {=IF($S7=1,IFERROR(INDEX(Summary!$K:$K,$AH7),0),0)} -> 0 | AD7: {=IF($S7=1,IFERROR(INDEX(Summary!$L:$L,$AH7),0),0)} -> 0 | AE7: {=IF($S7=1,IFERROR(INDEX(Summary!$M:$M,$AH7),0),0)} -> 0 | AF7: {=IF($S7=1,IFERROR(INDEX(Summary!$N:$N,$AH7),0),0)} -> 0 | AG7: {=IF($A7="","",IFERROR(INDEX(Summary!$BB:$BB,$AH7),0))} -> 7 | AH7: =INT((ROW()-2)/30)+3 -> 3
A8: {=IFERROR(INDEX(Summary!$D:$D,$AH8)&"","")} -> FG00724 | B8: {=IF($A8="","",INDEX(Summary!$E:$E,$AH8))} -> Khapli Atta 1KG | C8: {=IF($A8="","",INDEX(Summary!$B:$B,$AH8))} -> Atta | D8: {=IF($A8="","",INDEX(Summary!$C:$C,$AH8))} -> C39 | E8: {=IF($A8="","",INDEX(Summary!$F:$F,$AH8))} -> 1 | F8: {=IF($A8="","",INDEX(Summary!$BC:$BC,$AH8)&"")} -> P2 – High | G8: =IF($A8="","",VALUE(LEFT(SUBSTITUTE($F8,"P",""),1))) -> 2 | H8: =IF($A8="","",IF(LEFT($F8,2)="P1",1,0)) -> 0 | I8: {=IF($A8="","",IF(IFERROR(INDEX(Summary!$BA:$BA,$AH8),0)<1,"Under 1 day",IF(INDEX(Summary!$BA:$BA,$AH8)<3,"1-3 days",IF(INDEX(Summary!$BA:$BA,$AH8)<7,"3-7 days","7+ days"))))} -> 7+ days | J8: {=IF($A8="","",IF(IFERROR(INDEX(Summary!$AX:$AX,$AH8),0)<0.25,"0-25%",IF(INDEX(Summary!$AX:$AX,$AH8)<0.5,"25-50%",IF(INDEX(Summary!$AX:$AX,$AH8)<0.75,"50-75%","75-100%"))))} -> 75-100% | K8: {=IF($A8="","",INDEX(Summary!$AY:$AY,$AH8)&"")} | L8: =IF($A8="","",Summary!$P$2+MOD(ROW()-2,30)) -> 46233 | M8: =IF($A8="","",MOD(ROW()-2,30)+1) -> 7 | N8: =IF($A8="","",DAY($L8)) -> 30 | O8: =IF($A8="","",TEXT($L8,"mmm-yyyy")) -> Jul-2026 | P8: =IF($A8="","",IF($L8<=TODAY(),1,0)) -> 1 | Q8: {=IF($A8="",0,IFERROR(INDEX(Summary!$P$3:$AS$67,$AH8-2,$M8),0))} -> 0 | R8: {=IF($A8="",0,ROUND(IFERROR(INDEX(Summary!$O:$O,$AH8),0)/30,0))} -> 200 | S8: =IF($A8="",0,IF($M8=1,1,0)) -> 0 | T8: {=IF($S8=1,IFERROR(INDEX(Summary!$O:$O,$AH8),0),0)} -> 0 | U8: {=IF($S8=1,IFERROR(INDEX(Summary!$AT:$AT,$AH8),0),0)} -> 0 | V8: =IF($S8=1,MAX(0,$T8-$U8),0) -> 0 | W8: {=IF($S8=1,IFERROR(INDEX(Summary!$AZ:$AZ,$AH8),0),0)} -> 0 | X8: {=IF($S8=1,IFERROR(INDEX(Summary!$BA:$BA,$AH8),0),0)} -> 0 | Y8: {=IF($S8=1,IFERROR(INDEX(Summary!$G:$G,$AH8),0),0)} -> 0 | Z8: {=IF($S8=1,IFERROR(INDEX(Summary!$H:$H,$AH8),0),0)} -> 0 | AA8: {=IF($S8=1,IFERROR(INDEX(Summary!$I:$I,$AH8),0),0)} -> 0 | AB8: {=IF($S8=1,IFERROR(INDEX(Summary!$J:$J,$AH8),0),0)} -> 0 | AC8: {=IF($S8=1,IFERROR(INDEX(Summary!$K:$K,$AH8),0),0)} -> 0 | AD8: {=IF($S8=1,IFERROR(INDEX(Summary!$L:$L,$AH8),0),0)} -> 0 | AE8: {=IF($S8=1,IFERROR(INDEX(Summary!$M:$M,$AH8),0),0)} -> 0 | AF8: {=IF($S8=1,IFERROR(INDEX(Summary!$N:$N,$AH8),0),0)} -> 0 | AG8: {=IF($A8="","",IFERROR(INDEX(Summary!$BB:$BB,$AH8),0))} -> 7 | AH8: =INT((ROW()-2)/30)+3 -> 3
A9: {=IFERROR(INDEX(Summary!$D:$D,$AH9)&"","")} -> FG00724 | B9: {=IF($A9="","",INDEX(Summary!$E:$E,$AH9))} -> Khapli Atta 1KG | C9: {=IF($A9="","",INDEX(Summary!$B:$B,$AH9))} -> Atta | D9: {=IF($A9="","",INDEX(Summary!$C:$C,$AH9))} -> C39 | E9: {=IF($A9="","",INDEX(Summary!$F:$F,$AH9))} -> 1 | F9: {=IF($A9="","",INDEX(Summary!$BC:$BC,$AH9)&"")} -> P2 – High | G9: =IF($A9="","",VALUE(LEFT(SUBSTITUTE($F9,"P",""),1))) -> 2 | H9: =IF($A9="","",IF(LEFT($F9,2)="P1",1,0)) -> 0 | I9: {=IF($A9="","",IF(IFERROR(INDEX(Summary!$BA:$BA,$AH9),0)<1,"Under 1 day",IF(INDEX(Summary!$BA:$BA,$AH9)<3,"1-3 days",IF(INDEX(Summary!$BA:$BA,$AH9)<7,"3-7 days","7+ days"))))} -> 7+ days | J9: {=IF($A9="","",IF(IFERROR(INDEX(Summary!$AX:$AX,$AH9),0)<0.25,"0-25%",IF(INDEX(Summary!$AX:$AX,$AH9)<0.5,"25-50%",IF(INDEX(Summary!$AX:$AX,$AH9)<0.75,"50-75%","75-100%"))))} -> 75-100% | K9: {=IF($A9="","",INDEX(Summary!$AY:$AY,$AH9)&"")} | L9: =IF($A9="","",Summary!$P$2+MOD(ROW()-2,30)) -> 46234 | M9: =IF($A9="","",MOD(ROW()-2,30)+1) -> 8 | N9: =IF($A9="","",DAY($L9)) -> 31 | O9: =IF($A9="","",TEXT($L9,"mmm-yyyy")) -> Jul-2026 | P9: =IF($A9="","",IF($L9<=TODAY(),1,0)) -> 1 | Q9: {=IF($A9="",0,IFERROR(INDEX(Summary!$P$3:$AS$67,$AH9-2,$M9),0))} -> 0 | R9: {=IF($A9="",0,ROUND(IFERROR(INDEX(Summary!$O:$O,$AH9),0)/30,0))} -> 200 | S9: =IF($A9="",0,IF($M9=1,1,0)) -> 0 | T9: {=IF($S9=1,IFERROR(INDEX(Summary!$O:$O,$AH9),0),0)} -> 0 | U9: {=IF($S9=1,IFERROR(INDEX(Summary!$AT:$AT,$AH9),0),0)} -> 0 | V9: =IF($S9=1,MAX(0,$T9-$U9),0) -> 0 | W9: {=IF($S9=1,IFERROR(INDEX(Summary!$AZ:$AZ,$AH9),0),0)} -> 0 | X9: {=IF($S9=1,IFERROR(INDEX(Summary!$BA:$BA,$AH9),0),0)} -> 0 | Y9: {=IF($S9=1,IFERROR(INDEX(Summary!$G:$G,$AH9),0),0)} -> 0 | Z9: {=IF($S9=1,IFERROR(INDEX(Summary!$H:$H,$AH9),0),0)} -> 0 | AA9: {=IF($S9=1,IFERROR(INDEX(Summary!$I:$I,$AH9),0),0)} -> 0 | AB9: {=IF($S9=1,IFERROR(INDEX(Summary!$J:$J,$AH9),0),0)} -> 0 | AC9: {=IF($S9=1,IFERROR(INDEX(Summary!$K:$K,$AH9),0),0)} -> 0 | AD9: {=IF($S9=1,IFERROR(INDEX(Summary!$L:$L,$AH9),0),0)} -> 0 | AE9: {=IF($S9=1,IFERROR(INDEX(Summary!$M:$M,$AH9),0),0)} -> 0 | AF9: {=IF($S9=1,IFERROR(INDEX(Summary!$N:$N,$AH9),0),0)} -> 0 | AG9: {=IF($A9="","",IFERROR(INDEX(Summary!$BB:$BB,$AH9),0))} -> 7 | AH9: =INT((ROW()-2)/30)+3 -> 3
A10: {=IFERROR(INDEX(Summary!$D:$D,$AH10)&"","")} -> FG00724 | B10: {=IF($A10="","",INDEX(Summary!$E:$E,$AH10))} -> Khapli Atta 1KG | C10: {=IF($A10="","",INDEX(Summary!$B:$B,$AH10))} -> Atta | D10: {=IF($A10="","",INDEX(Summary!$C:$C,$AH10))} -> C39 | E10: {=IF($A10="","",INDEX(Summary!$F:$F,$AH10))} -> 1 | F10: {=IF($A10="","",INDEX(Summary!$BC:$BC,$AH10)&"")} -> P2 – High | G10: =IF($A10="","",VALUE(LEFT(SUBSTITUTE($F10,"P",""),1))) -> 2 | H10: =IF($A10="","",IF(LEFT($F10,2)="P1",1,0)) -> 0 | I10: {=IF($A10="","",IF(IFERROR(INDEX(Summary!$BA:$BA,$AH10),0)<1,"Under 1 day",IF(INDEX(Summary!$BA:$BA,$AH10)<3,"1-3 days",IF(INDEX(Summary!$BA:$BA,$AH10)<7,"3-7 days","7+ days"))))} -> 7+ days | J10: {=IF($A10="","",IF(IFERROR(INDEX(Summary!$AX:$AX,$AH10),0)<0.25,"0-25%",IF(INDEX(Summary!$AX:$AX,$AH10)<0.5,"25-50%",IF(INDEX(Summary!$AX:$AX,$AH10)<0.75,"50-75%","75-100%"))))} -> 75-100% | K10: {=IF($A10="","",INDEX(Summary!$AY:$AY,$AH10)&"")} | L10: =IF($A10="","",Summary!$P$2+MOD(ROW()-2,30)) -> 46235 | M10: =IF($A10="","",MOD(ROW()-2,30)+1) -> 9 | N10: =IF($A10="","",DAY($L10)) -> 1 | O10: =IF($A10="","",TEXT($L10,"mmm-yyyy")) -> Aug-2026 | P10: =IF($A10="","",IF($L10<=TODAY(),1,0)) -> 1 | Q10: {=IF($A10="",0,IFERROR(INDEX(Summary!$P$3:$AS$67,$AH10-2,$M10),0))} -> 0 | R10: {=IF($A10="",0,ROUND(IFERROR(INDEX(Summary!$O:$O,$AH10),0)/30,0))} -> 200 | S10: =IF($A10="",0,IF($M10=1,1,0)) -> 0 | T10: {=IF($S10=1,IFERROR(INDEX(Summary!$O:$O,$AH10),0),0)} -> 0 | U10: {=IF($S10=1,IFERROR(INDEX(Summary!$AT:$AT,$AH10),0),0)} -> 0 | V10: =IF($S10=1,MAX(0,$T10-$U10),0) -> 0 | W10: {=IF($S10=1,IFERROR(INDEX(Summary!$AZ:$AZ,$AH10),0),0)} -> 0 | X10: {=IF($S10=1,IFERROR(INDEX(Summary!$BA:$BA,$AH10),0),0)} -> 0 | Y10: {=IF($S10=1,IFERROR(INDEX(Summary!$G:$G,$AH10),0),0)} -> 0 | Z10: {=IF($S10=1,IFERROR(INDEX(Summary!$H:$H,$AH10),0),0)} -> 0 | AA10: {=IF($S10=1,IFERROR(INDEX(Summary!$I:$I,$AH10),0),0)} -> 0 | AB10: {=IF($S10=1,IFERROR(INDEX(Summary!$J:$J,$AH10),0),0)} -> 0 | AC10: {=IF($S10=1,IFERROR(INDEX(Summary!$K:$K,$AH10),0),0)} -> 0 | AD10: {=IF($S10=1,IFERROR(INDEX(Summary!$L:$L,$AH10),0),0)} -> 0 | AE10: {=IF($S10=1,IFERROR(INDEX(Summary!$M:$M,$AH10),0),0)} -> 0 | AF10: {=IF($S10=1,IFERROR(INDEX(Summary!$N:$N,$AH10),0),0)} -> 0 | AG10: {=IF($A10="","",IFERROR(INDEX(Summary!$BB:$BB,$AH10),0))} -> 7 | AH10: =INT((ROW()-2)/30)+3 -> 3
A11: {=IFERROR(INDEX(Summary!$D:$D,$AH11)&"","")} -> FG00724 | B11: {=IF($A11="","",INDEX(Summary!$E:$E,$AH11))} -> Khapli Atta 1KG | C11: {=IF($A11="","",INDEX(Summary!$B:$B,$AH11))} -> Atta | D11: {=IF($A11="","",INDEX(Summary!$C:$C,$AH11))} -> C39 | E11: {=IF($A11="","",INDEX(Summary!$F:$F,$AH11))} -> 1 | F11: {=IF($A11="","",INDEX(Summary!$BC:$BC,$AH11)&"")} -> P2 – High | G11: =IF($A11="","",VALUE(LEFT(SUBSTITUTE($F11,"P",""),1))) -> 2 | H11: =IF($A11="","",IF(LEFT($F11,2)="P1",1,0)) -> 0 | I11: {=IF($A11="","",IF(IFERROR(INDEX(Summary!$BA:$BA,$AH11),0)<1,"Under 1 day",IF(INDEX(Summary!$BA:$BA,$AH11)<3,"1-3 days",IF(INDEX(Summary!$BA:$BA,$AH11)<7,"3-7 days","7+ days"))))} -> 7+ days | J11: {=IF($A11="","",IF(IFERROR(INDEX(Summary!$AX:$AX,$AH11),0)<0.25,"0-25%",IF(INDEX(Summary!$AX:$AX,$AH11)<0.5,"25-50%",IF(INDEX(Summary!$AX:$AX,$AH11)<0.75,"50-75%","75-100%"))))} -> 75-100% | K11: {=IF($A11="","",INDEX(Summary!$AY:$AY,$AH11)&"")} | L11: =IF($A11="","",Summary!$P$2+MOD(ROW()-2,30)) -> 46236 | M11: =IF($A11="","",MOD(ROW()-2,30)+1) -> 10 | N11: =IF($A11="","",DAY($L11)) -> 2 | O11: =IF($A11="","",TEXT($L11,"mmm-yyyy")) -> Aug-2026 | P11: =IF($A11="","",IF($L11<=TODAY(),1,0)) -> 1 | Q11: {=IF($A11="",0,IFERROR(INDEX(Summary!$P$3:$AS$67,$AH11-2,$M11),0))} -> 0 | R11: {=IF($A11="",0,ROUND(IFERROR(INDEX(Summary!$O:$O,$AH11),0)/30,0))} -> 200 | S11: =IF($A11="",0,IF($M11=1,1,0)) -> 0 | T11: {=IF($S11=1,IFERROR(INDEX(Summary!$O:$O,$AH11),0),0)} -> 0 | U11: {=IF($S11=1,IFERROR(INDEX(Summary!$AT:$AT,$AH11),0),0)} -> 0 | V11: =IF($S11=1,MAX(0,$T11-$U11),0) -> 0 | W11: {=IF($S11=1,IFERROR(INDEX(Summary!$AZ:$AZ,$AH11),0),0)} -> 0 | X11: {=IF($S11=1,IFERROR(INDEX(Summary!$BA:$BA,$AH11),0),0)} -> 0 | Y11: {=IF($S11=1,IFERROR(INDEX(Summary!$G:$G,$AH11),0),0)} -> 0 | Z11: {=IF($S11=1,IFERROR(INDEX(Summary!$H:$H,$AH11),0),0)} -> 0 | AA11: {=IF($S11=1,IFERROR(INDEX(Summary!$I:$I,$AH11),0),0)} -> 0 | AB11: {=IF($S11=1,IFERROR(INDEX(Summary!$J:$J,$AH11),0),0)} -> 0 | AC11: {=IF($S11=1,IFERROR(INDEX(Summary!$K:$K,$AH11),0),0)} -> 0 | AD11: {=IF($S11=1,IFERROR(INDEX(Summary!$L:$L,$AH11),0),0)} -> 0 | AE11: {=IF($S11=1,IFERROR(INDEX(Summary!$M:$M,$AH11),0),0)} -> 0 | AF11: {=IF($S11=1,IFERROR(INDEX(Summary!$N:$N,$AH11),0),0)} -> 0 | AG11: {=IF($A11="","",IFERROR(INDEX(Summary!$BB:$BB,$AH11),0))} -> 7 | AH11: =INT((ROW()-2)/30)+3 -> 3
A12: {=IFERROR(INDEX(Summary!$D:$D,$AH12)&"","")} -> FG00724 | B12: {=IF($A12="","",INDEX(Summary!$E:$E,$AH12))} -> Khapli Atta 1KG | C12: {=IF($A12="","",INDEX(Summary!$B:$B,$AH12))} -> Atta | D12: {=IF($A12="","",INDEX(Summary!$C:$C,$AH12))} -> C39 | E12: {=IF($A12="","",INDEX(Summary!$F:$F,$AH12))} -> 1 | F12: {=IF($A12="","",INDEX(Summary!$BC:$BC,$AH12)&"")} -> P2 – High | G12: =IF($A12="","",VALUE(LEFT(SUBSTITUTE($F12,"P",""),1))) -> 2 | H12: =IF($A12="","",IF(LEFT($F12,2)="P1",1,0)) -> 0 | I12: {=IF($A12="","",IF(IFERROR(INDEX(Summary!$BA:$BA,$AH12),0)<1,"Under 1 day",IF(INDEX(Summary!$BA:$BA,$AH12)<3,"1-3 days",IF(INDEX(Summary!$BA:$BA,$AH12)<7,"3-7 days","7+ days"))))} -> 7+ days | J12: {=IF($A12="","",IF(IFERROR(INDEX(Summary!$AX:$AX,$AH12),0)<0.25,"0-25%",IF(INDEX(Summary!$AX:$AX,$AH12)<0.5,"25-50%",IF(INDEX(Summary!$AX:$AX,$AH12)<0.75,"50-75%","75-100%"))))} -> 75-100% | K12: {=IF($A12="","",INDEX(Summary!$AY:$AY,$AH12)&"")} | L12: =IF($A12="","",Summary!$P$2+MOD(ROW()-2,30)) -> 46237 | M12: =IF($A12="","",MOD(ROW()-2,30)+1) -> 11 | N12: =IF($A12="","",DAY($L12)) -> 3 | O12: =IF($A12="","",TEXT($L12,"mmm-yyyy")) -> Aug-2026 | P12: =IF($A12="","",IF($L12<=TODAY(),1,0)) -> 1 | Q12: {=IF($A12="",0,IFERROR(INDEX(Summary!$P$3:$AS$67,$AH12-2,$M12),0))} -> 0 | R12: {=IF($A12="",0,ROUND(IFERROR(INDEX(Summary!$O:$O,$AH12),0)/30,0))} -> 200 | S12: =IF($A12="",0,IF($M12=1,1,0)) -> 0 | T12: {=IF($S12=1,IFERROR(INDEX(Summary!$O:$O,$AH12),0),0)} -> 0 | U12: {=IF($S12=1,IFERROR(INDEX(Summary!$AT:$AT,$AH12),0),0)} -> 0 | V12: =IF($S12=1,MAX(0,$T12-$U12),0) -> 0 | W12: {=IF($S12=1,IFERROR(INDEX(Summary!$AZ:$AZ,$AH12),0),0)} -> 0 | X12: {=IF($S12=1,IFERROR(INDEX(Summary!$BA:$BA,$AH12),0),0)} -> 0 | Y12: {=IF($S12=1,IFERROR(INDEX(Summary!$G:$G,$AH12),0),0)} -> 0 | Z12: {=IF($S12=1,IFERROR(INDEX(Summary!$H:$H,$AH12),0),0)} -> 0 | AA12: {=IF($S12=1,IFERROR(INDEX(Summary!$I:$I,$AH12),0),0)} -> 0 | AB12: {=IF($S12=1,IFERROR(INDEX(Summary!$J:$J,$AH12),0),0)} -> 0 | AC12: {=IF($S12=1,IFERROR(INDEX(Summary!$K:$K,$AH12),0),0)} -> 0 | AD12: {=IF($S12=1,IFERROR(INDEX(Summary!$L:$L,$AH12),0),0)} -> 0 | AE12: {=IF($S12=1,IFERROR(INDEX(Summary!$M:$M,$AH12),0),0)} -> 0 | AF12: {=IF($S12=1,IFERROR(INDEX(Summary!$N:$N,$AH12),0),0)} -> 0 | AG12: {=IF($A12="","",IFERROR(INDEX(Summary!$BB:$BB,$AH12),0))} -> 7 | AH12: =INT((ROW()-2)/30)+3 -> 3
A13: {=IFERROR(INDEX(Summary!$D:$D,$AH13)&"","")} -> FG00724 | B13: {=IF($A13="","",INDEX(Summary!$E:$E,$AH13))} -> Khapli Atta 1KG | C13: {=IF($A13="","",INDEX(Summary!$B:$B,$AH13))} -> Atta | D13: {=IF($A13="","",INDEX(Summary!$C:$C,$AH13))} -> C39 | E13: {=IF($A13="","",INDEX(Summary!$F:$F,$AH13))} -> 1 | F13: {=IF($A13="","",INDEX(Summary!$BC:$BC,$AH13)&"")} -> P2 – High | G13: =IF($A13="","",VALUE(LEFT(SUBSTITUTE($F13,"P",""),1))) -> 2 | H13: =IF($A13="","",IF(LEFT($F13,2)="P1",1,0)) -> 0 | I13: {=IF($A13="","",IF(IFERROR(INDEX(Summary!$BA:$BA,$AH13),0)<1,"Under 1 day",IF(INDEX(Summary!$BA:$BA,$AH13)<3,"1-3 days",IF(INDEX(Summary!$BA:$BA,$AH13)<7,"3-7 days","7+ days"))))} -> 7+ days | J13: {=IF($A13="","",IF(IFERROR(INDEX(Summary!$AX:$AX,$AH13),0)<0.25,"0-25%",IF(INDEX(Summary!$AX:$AX,$AH13)<0.5,"25-50%",IF(INDEX(Summary!$AX:$AX,$AH13)<0.75,"50-75%","75-100%"))))} -> 75-100% | K13: {=IF($A13="","",INDEX(Summary!$AY:$AY,$AH13)&"")} | L13: =IF($A13="","",Summary!$P$2+MOD(ROW()-2,30)) -> 46238 | M13: =IF($A13="","",MOD(ROW()-2,30)+1) -> 12 | N13: =IF($A13="","",DAY($L13)) -> 4 | O13: =IF($A13="","",TEXT($L13,"mmm-yyyy")) -> Aug-2026 | P13: =IF($A13="","",IF($L13<=TODAY(),1,0)) -> 1 | Q13: {=IF($A13="",0,IFERROR(INDEX(Summary!$P$3:$AS$67,$AH13-2,$M13),0))} -> 0 | R13: {=IF($A13="",0,ROUND(IFERROR(INDEX(Summary!$O:$O,$AH13),0)/30,0))} -> 200 | S13: =IF($A13="",0,IF($M13=1,1,0)) -> 0 | T13: {=IF($S13=1,IFERROR(INDEX(Summary!$O:$O,$AH13),0),0)} -> 0 | U13: {=IF($S13=1,IFERROR(INDEX(Summary!$AT:$AT,$AH13),0),0)} -> 0 | V13: =IF($S13=1,MAX(0,$T13-$U13),0) -> 0 | W13: {=IF($S13=1,IFERROR(INDEX(Summary!$AZ:$AZ,$AH13),0),0)} -> 0 | X13: {=IF($S13=1,IFERROR(INDEX(Summary!$BA:$BA,$AH13),0),0)} -> 0 | Y13: {=IF($S13=1,IFERROR(INDEX(Summary!$G:$G,$AH13),0),0)} -> 0 | Z13: {=IF($S13=1,IFERROR(INDEX(Summary!$H:$H,$AH13),0),0)} -> 0 | AA13: {=IF($S13=1,IFERROR(INDEX(Summary!$I:$I,$AH13),0),0)} -> 0 | AB13: {=IF($S13=1,IFERROR(INDEX(Summary!$J:$J,$AH13),0),0)} -> 0 | AC13: {=IF($S13=1,IFERROR(INDEX(Summary!$K:$K,$AH13),0),0)} -> 0 | AD13: {=IF($S13=1,IFERROR(INDEX(Summary!$L:$L,$AH13),0),0)} -> 0 | AE13: {=IF($S13=1,IFERROR(INDEX(Summary!$M:$M,$AH13),0),0)} -> 0 | AF13: {=IF($S13=1,IFERROR(INDEX(Summary!$N:$N,$AH13),0),0)} -> 0 | AG13: {=IF($A13="","",IFERROR(INDEX(Summary!$BB:$BB,$AH13),0))} -> 7 | AH13: =INT((ROW()-2)/30)+3 -> 3
... A1801: {=IFERROR(INDEX(Summary!$D:$D,$AH1801)&"","")} -> FG00678 | B1801: {=IF($A1801="","",INDEX(Summary!$E:$E,$AH1801))} -> Virgin Coconut Oil - 100ml - Units | C1801: {=IF($A1801="","",INDEX(Summary!$B:$B,$AH1801))} -> Oil | D1801: {=IF($A1801="","",INDEX(Summary!$C:$C,$AH1801))} -> C6 | E1801: {=IF($A1801="","",INDEX(Summary!$F:$F,$AH1801))} -> 0.1 | F1801: {=IF($A1801="","",INDEX(Summary!$BC:$BC,$AH1801)&"")} | G1801: =IF($A1801="","",VALUE(LEFT(SUBSTITUTE($F1801,"P",""),1))) -> #VALUE! | H1801: =IF($A1801="","",IF(LEFT($F1801,2)="P1",1,0)) -> 0 | I1801: {=IF($A1801="","",IF(IFERROR(INDEX(Summary!$BA:$BA,$AH1801),0)<1,"Under 1 day",IF(INDEX(Summary!$BA:$BA,$AH1801)<3,"1-3 days",IF(INDEX(Summary!$BA:$BA,$AH1801)<7,"3-7 days","7+ days"))))} -> Under 1 day | J1801: {=IF($A1801="","",IF(IFERROR(INDEX(Summary!$AX:$AX,$AH1801),0)<0.25,"0-25%",IF(INDEX(Summary!$AX:$AX,$AH1801)<0.5,"25-50%",IF(INDEX(Summary!$AX:$AX,$AH1801)<0.75,"50-75%","75-100%"))))} -> 75-100% | K1801: {=IF($A1801="","",INDEX(Summary!$AY:$AY,$AH1801)&"")} | L1801: =IF($A1801="","",Summary!$P$2+MOD(ROW()-2,30)) -> 46256 | M1801: =IF($A1801="","",MOD(ROW()-2,30)+1) -> 30 | N1801: =IF($A1801="","",DAY($L1801)) -> 22 | O1801: =IF($A1801="","",TEXT($L1801,"mmm-yyyy")) -> Aug-2026 | P1801: =IF($A1801="","",IF($L1801<=TODAY(),1,0)) -> 1 | Q1801: {=IF($A1801="",0,IFERROR(INDEX(Summary!$P$3:$AS$67,$AH1801-2,$M1801),0))} -> 0 | R1801: {=IF($A1801="",0,ROUND(IFERROR(INDEX(Summary!$O:$O,$AH1801),0)/30,0))} -> 0 | S1801: =IF($A1801="",0,IF($M1801=1,1,0)) -> 0 | T1801: {=IF($S1801=1,IFERROR(INDEX(Summary!$O:$O,$AH1801),0),0)} -> 0 | U1801: {=IF($S1801=1,IFERROR(INDEX(Summary!$AT:$AT,$AH1801),0),0)} -> 0 | V1801: =IF($S1801=1,MAX(0,$T1801-$U1801),0) -> 0 | W1801: {=IF($S1801=1,IFERROR(INDEX(Summary!$AZ:$AZ,$AH1801),0),0)} -> 0 | X1801: {=IF($S1801=1,IFERROR(INDEX(Summary!$BA:$BA,$AH1801),0),0)} -> 0 | Y1801: {=IF($S1801=1,IFERROR(INDEX(Summary!$G:$G,$AH1801),0),0)} -> 0 | Z1801: {=IF($S1801=1,IFERROR(INDEX(Summary!$H:$H,$AH1801),0),0)} -> 0 | AA1801: {=IF($S1801=1,IFERROR(INDEX(Summary!$I:$I,$AH1801),0),0)} -> 0 | AB1801: {=IF($S1801=1,IFERROR(INDEX(Summary!$J:$J,$AH1801),0),0)} -> 0 | AC1801: {=IF($S1801=1,IFERROR(INDEX(Summary!$K:$K,$AH1801),0),0)} -> 0 | AD1801: {=IF($S1801=1,IFERROR(INDEX(Summary!$L:$L,$AH1801),0),0)} -> 0 | AE1801: {=IF($S1801=1,IFERROR(INDEX(Summary!$M:$M,$AH1801),0),0)} -> 0 | AF1801: {=IF($S1801=1,IFERROR(INDEX(Summary!$N:$N,$AH1801),0),0)} -> 0 | AG1801: {=IF($A1801="","",IFERROR(INDEX(Summary!$BB:$BB,$AH1801),0))} -> 0 | AH1801: =INT((ROW()-2)/30)+3 -> 62

Sheet BI_Channel
A1: FGCode | B1: Product | C1: Section | D1: Plant | E1: Channel | F1: PlanPKT | G1: ProducedPKT | H1: PendingPKT | I1: FillRate | J1: SrcRow
A2: {=IFERROR(INDEX(Summary!$D:$D,$J2)&"","")} -> FG00724 | B2: {=IF($A2="","",INDEX(Summary!$E:$E,$J2))} -> Khapli Atta 1KG | C2: {=IF($A2="","",INDEX(Summary!$B:$B,$J2))} -> Atta | D2: {=IF($A2="","",INDEX(Summary!$C:$C,$J2))} -> C39 | E2: {=IF($A2="","",INDEX(Summary!$G$2:$N$2,MOD(ROW()-2,8)+1))} -> MRP (Domestic) | F2: {=IF($A2="",0,IFERROR(INDEX(Summary!$G$3:$N$62,$J2-2,MOD(ROW()-2,8)+1),0))} -> 0 | G2: {=IF($A2="",0,IFERROR(_xlfn.SWITCH($E2,"MRP (Domestic)",_xlfn.XLOOKUP($A2,Domestic!$C:$C,Domestic!$BE:$BE),"ROW Manjari",_xlfn.XLOOKUP($A2,ROW_Manjari!$C:$C,ROW_Manjari!$BE:$BE),"USA Sea",_xlfn.XLOOKUP($A2,USA_Sea!$C:$C,USA_Sea!$BE:$BE),"Amazon USA Sea",_xlfn.XLOOKUP($A2,Amazon_USA_Sea!$C:$C,Amazon_USA_Sea!$AX:$AX),"USA Air",_xlfn.XLOOKUP($A2,USA_Air!$C:$C,USA_Air!$BE:$BE),"USA Amazon",_xlfn.XLOOKUP($A2,USA_Amazon_Air!$C:$C,USA_Amazon_Air!$BE:$BE),"UK",_xlfn.XLOOKUP($A2,UK_Order!$C:$C,UK_Order!$BE:$BE),"MENA",_xlfn.XLOOKUP($A2,MENA_Order!$C:$C,MENA_Order!$BE:$BE),0),0))} -> 0 | H2: =IF($A2="",0,MAX(0,$F2-$G2)) -> 0 | I2: =IF($A2="",0,IFERROR($G2/$F2,0)) -> 0 | J2: =INT((ROW()-2)/8)+3 -> 3
A3: {=IFERROR(INDEX(Summary!$D:$D,$J3)&"","")} -> FG00724 | B3: {=IF($A3="","",INDEX(Summary!$E:$E,$J3))} -> Khapli Atta 1KG | C3: {=IF($A3="","",INDEX(Summary!$B:$B,$J3))} -> Atta | D3: {=IF($A3="","",INDEX(Summary!$C:$C,$J3))} -> C39 | E3: {=IF($A3="","",INDEX(Summary!$G$2:$N$2,MOD(ROW()-2,8)+1))} -> ROW Manjari | F3: {=IF($A3="",0,IFERROR(INDEX(Summary!$G$3:$N$62,$J3-2,MOD(ROW()-2,8)+1),0))} -> 0 | G3: {=IF($A3="",0,IFERROR(_xlfn.SWITCH($E3,"MRP (Domestic)",_xlfn.XLOOKUP($A3,Domestic!$C:$C,Domestic!$BE:$BE),"ROW Manjari",_xlfn.XLOOKUP($A3,ROW_Manjari!$C:$C,ROW_Manjari!$BE:$BE),"USA Sea",_xlfn.XLOOKUP($A3,USA_Sea!$C:$C,USA_Sea!$BE:$BE),"Amazon USA Sea",_xlfn.XLOOKUP($A3,Amazon_USA_Sea!$C:$C,Amazon_USA_Sea!$AX:$AX),"USA Air",_xlfn.XLOOKUP($A3,USA_Air!$C:$C,USA_Air!$BE:$BE),"USA Amazon",_xlfn.XLOOKUP($A3,USA_Amazon_Air!$C:$C,USA_Amazon_Air!$BE:$BE),"UK",_xlfn.XLOOKUP($A3,UK_Order!$C:$C,UK_Order!$BE:$BE),"MENA",_xlfn.XLOOKUP($A3,MENA_Order!$C:$C,MENA_Order!$BE:$BE),0),0))} -> 0 | H3: =IF($A3="",0,MAX(0,$F3-$G3)) -> 0 | I3: =IF($A3="",0,IFERROR($G3/$F3,0)) -> 0 | J3: =INT((ROW()-2)/8)+3 -> 3
A4: {=IFERROR(INDEX(Summary!$D:$D,$J4)&"","")} -> FG00724 | B4: {=IF($A4="","",INDEX(Summary!$E:$E,$J4))} -> Khapli Atta 1KG | C4: {=IF($A4="","",INDEX(Summary!$B:$B,$J4))} -> Atta | D4: {=IF($A4="","",INDEX(Summary!$C:$C,$J4))} -> C39 | E4: {=IF($A4="","",INDEX(Summary!$G$2:$N$2,MOD(ROW()-2,8)+1))} -> USA Sea | F4: {=IF($A4="",0,IFERROR(INDEX(Summary!$G$3:$N$62,$J4-2,MOD(ROW()-2,8)+1),0))} -> 0 | G4: {=IF($A4="",0,IFERROR(_xlfn.SWITCH($E4,"MRP (Domestic)",_xlfn.XLOOKUP($A4,Domestic!$C:$C,Domestic!$BE:$BE),"ROW Manjari",_xlfn.XLOOKUP($A4,ROW_Manjari!$C:$C,ROW_Manjari!$BE:$BE),"USA Sea",_xlfn.XLOOKUP($A4,USA_Sea!$C:$C,USA_Sea!$BE:$BE),"Amazon USA Sea",_xlfn.XLOOKUP($A4,Amazon_USA_Sea!$C:$C,Amazon_USA_Sea!$AX:$AX),"USA Air",_xlfn.XLOOKUP($A4,USA_Air!$C:$C,USA_Air!$BE:$BE),"USA Amazon",_xlfn.XLOOKUP($A4,USA_Amazon_Air!$C:$C,USA_Amazon_Air!$BE:$BE),"UK",_xlfn.XLOOKUP($A4,UK_Order!$C:$C,UK_Order!$BE:$BE),"MENA",_xlfn.XLOOKUP($A4,MENA_Order!$C:$C,MENA_Order!$BE:$BE),0),0))} -> 0 | H4: =IF($A4="",0,MAX(0,$F4-$G4)) -> 0 | I4: =IF($A4="",0,IFERROR($G4/$F4,0)) -> 0 | J4: =INT((ROW()-2)/8)+3 -> 3
A5: {=IFERROR(INDEX(Summary!$D:$D,$J5)&"","")} -> FG00724 | B5: {=IF($A5="","",INDEX(Summary!$E:$E,$J5))} -> Khapli Atta 1KG | C5: {=IF($A5="","",INDEX(Summary!$B:$B,$J5))} -> Atta | D5: {=IF($A5="","",INDEX(Summary!$C:$C,$J5))} -> C39 | E5: {=IF($A5="","",INDEX(Summary!$G$2:$N$2,MOD(ROW()-2,8)+1))} -> Amazon USA Sea | F5: {=IF($A5="",0,IFERROR(INDEX(Summary!$G$3:$N$62,$J5-2,MOD(ROW()-2,8)+1),0))} -> 0 | G5: {=IF($A5="",0,IFERROR(_xlfn.SWITCH($E5,"MRP (Domestic)",_xlfn.XLOOKUP($A5,Domestic!$C:$C,Domestic!$BE:$BE),"ROW Manjari",_xlfn.XLOOKUP($A5,ROW_Manjari!$C:$C,ROW_Manjari!$BE:$BE),"USA Sea",_xlfn.XLOOKUP($A5,USA_Sea!$C:$C,USA_Sea!$BE:$BE),"Amazon USA Sea",_xlfn.XLOOKUP($A5,Amazon_USA_Sea!$C:$C,Amazon_USA_Sea!$AX:$AX),"USA Air",_xlfn.XLOOKUP($A5,USA_Air!$C:$C,USA_Air!$BE:$BE),"USA Amazon",_xlfn.XLOOKUP($A5,USA_Amazon_Air!$C:$C,USA_Amazon_Air!$BE:$BE),"UK",_xlfn.XLOOKUP($A5,UK_Order!$C:$C,UK_Order!$BE:$BE),"MENA",_xlfn.XLOOKUP($A5,MENA_Order!$C:$C,MENA_Order!$BE:$BE),0),0))} -> 0 | H5: =IF($A5="",0,MAX(0,$F5-$G5)) -> 0 | I5: =IF($A5="",0,IFERROR($G5/$F5,0)) -> 0 | J5: =INT((ROW()-2)/8)+3 -> 3
A6: {=IFERROR(INDEX(Summary!$D:$D,$J6)&"","")} -> FG00724 | B6: {=IF($A6="","",INDEX(Summary!$E:$E,$J6))} -> Khapli Atta 1KG | C6: {=IF($A6="","",INDEX(Summary!$B:$B,$J6))} -> Atta | D6: {=IF($A6="","",INDEX(Summary!$C:$C,$J6))} -> C39 | E6: {=IF($A6="","",INDEX(Summary!$G$2:$N$2,MOD(ROW()-2,8)+1))} -> USA Air | F6: {=IF($A6="",0,IFERROR(INDEX(Summary!$G$3:$N$62,$J6-2,MOD(ROW()-2,8)+1),0))} -> 6000 | G6: {=IF($A6="",0,IFERROR(_xlfn.SWITCH($E6,"MRP (Domestic)",_xlfn.XLOOKUP($A6,Domestic!$C:$C,Domestic!$BE:$BE),"ROW Manjari",_xlfn.XLOOKUP($A6,ROW_Manjari!$C:$C,ROW_Manjari!$BE:$BE),"USA Sea",_xlfn.XLOOKUP($A6,USA_Sea!$C:$C,USA_Sea!$BE:$BE),"Amazon USA Sea",_xlfn.XLOOKUP($A6,Amazon_USA_Sea!$C:$C,Amazon_USA_Sea!$AX:$AX),"USA Air",_xlfn.XLOOKUP($A6,USA_Air!$C:$C,USA_Air!$BE:$BE),"USA Amazon",_xlfn.XLOOKUP($A6,USA_Amazon_Air!$C:$C,USA_Amazon_Air!$BE:$BE),"UK",_xlfn.XLOOKUP($A6,UK_Order!$C:$C,UK_Order!$BE:$BE),"MENA",_xlfn.XLOOKUP($A6,MENA_Order!$C:$C,MENA_Order!$BE:$BE),0),0))} -> 6011 | H6: =IF($A6="",0,MAX(0,$F6-$G6)) -> 0 | I6: =IF($A6="",0,IFERROR($G6/$F6,0)) -> 1.0018333 | J6: =INT((ROW()-2)/8)+3 -> 3
A7: {=IFERROR(INDEX(Summary!$D:$D,$J7)&"","")} -> FG00724 | B7: {=IF($A7="","",INDEX(Summary!$E:$E,$J7))} -> Khapli Atta 1KG | C7: {=IF($A7="","",INDEX(Summary!$B:$B,$J7))} -> Atta | D7: {=IF($A7="","",INDEX(Summary!$C:$C,$J7))} -> C39 | E7: {=IF($A7="","",INDEX(Summary!$G$2:$N$2,MOD(ROW()-2,8)+1))} -> USA Amazon | F7: {=IF($A7="",0,IFERROR(INDEX(Summary!$G$3:$N$62,$J7-2,MOD(ROW()-2,8)+1),0))} -> 0 | G7: {=IF($A7="",0,IFERROR(_xlfn.SWITCH($E7,"MRP (Domestic)",_xlfn.XLOOKUP($A7,Domestic!$C:$C,Domestic!$BE:$BE),"ROW Manjari",_xlfn.XLOOKUP($A7,ROW_Manjari!$C:$C,ROW_Manjari!$BE:$BE),"USA Sea",_xlfn.XLOOKUP($A7,USA_Sea!$C:$C,USA_Sea!$BE:$BE),"Amazon USA Sea",_xlfn.XLOOKUP($A7,Amazon_USA_Sea!$C:$C,Amazon_USA_Sea!$AX:$AX),"USA Air",_xlfn.XLOOKUP($A7,USA_Air!$C:$C,USA_Air!$BE:$BE),"USA Amazon",_xlfn.XLOOKUP($A7,USA_Amazon_Air!$C:$C,USA_Amazon_Air!$BE:$BE),"UK",_xlfn.XLOOKUP($A7,UK_Order!$C:$C,UK_Order!$BE:$BE),"MENA",_xlfn.XLOOKUP($A7,MENA_Order!$C:$C,MENA_Order!$BE:$BE),0),0))} -> 0 | H7: =IF($A7="",0,MAX(0,$F7-$G7)) -> 0 | I7: =IF($A7="",0,IFERROR($G7/$F7,0)) -> 0 | J7: =INT((ROW()-2)/8)+3 -> 3
A8: {=IFERROR(INDEX(Summary!$D:$D,$J8)&"","")} -> FG00724 | B8: {=IF($A8="","",INDEX(Summary!$E:$E,$J8))} -> Khapli Atta 1KG | C8: {=IF($A8="","",INDEX(Summary!$B:$B,$J8))} -> Atta | D8: {=IF($A8="","",INDEX(Summary!$C:$C,$J8))} -> C39 | E8: {=IF($A8="","",INDEX(Summary!$G$2:$N$2,MOD(ROW()-2,8)+1))} -> UK | F8: {=IF($A8="",0,IFERROR(INDEX(Summary!$G$3:$N$62,$J8-2,MOD(ROW()-2,8)+1),0))} -> 0 | G8: {=IF($A8="",0,IFERROR(_xlfn.SWITCH($E8,"MRP (Domestic)",_xlfn.XLOOKUP($A8,Domestic!$C:$C,Domestic!$BE:$BE),"ROW Manjari",_xlfn.XLOOKUP($A8,ROW_Manjari!$C:$C,ROW_Manjari!$BE:$BE),"USA Sea",_xlfn.XLOOKUP($A8,USA_Sea!$C:$C,USA_Sea!$BE:$BE),"Amazon USA Sea",_xlfn.XLOOKUP($A8,Amazon_USA_Sea!$C:$C,Amazon_USA_Sea!$AX:$AX),"USA Air",_xlfn.XLOOKUP($A8,USA_Air!$C:$C,USA_Air!$BE:$BE),"USA Amazon",_xlfn.XLOOKUP($A8,USA_Amazon_Air!$C:$C,USA_Amazon_Air!$BE:$BE),"UK",_xlfn.XLOOKUP($A8,UK_Order!$C:$C,UK_Order!$BE:$BE),"MENA",_xlfn.XLOOKUP($A8,MENA_Order!$C:$C,MENA_Order!$BE:$BE),0),0))} -> 0 | H8: =IF($A8="",0,MAX(0,$F8-$G8)) -> 0 | I8: =IF($A8="",0,IFERROR($G8/$F8,0)) -> 0 | J8: =INT((ROW()-2)/8)+3 -> 3
A9: {=IFERROR(INDEX(Summary!$D:$D,$J9)&"","")} -> FG00724 | B9: {=IF($A9="","",INDEX(Summary!$E:$E,$J9))} -> Khapli Atta 1KG | C9: {=IF($A9="","",INDEX(Summary!$B:$B,$J9))} -> Atta | D9: {=IF($A9="","",INDEX(Summary!$C:$C,$J9))} -> C39 | E9: {=IF($A9="","",INDEX(Summary!$G$2:$N$2,MOD(ROW()-2,8)+1))} -> MENA | F9: {=IF($A9="",0,IFERROR(INDEX(Summary!$G$3:$N$62,$J9-2,MOD(ROW()-2,8)+1),0))} -> 0 | G9: {=IF($A9="",0,IFERROR(_xlfn.SWITCH($E9,"MRP (Domestic)",_xlfn.XLOOKUP($A9,Domestic!$C:$C,Domestic!$BE:$BE),"ROW Manjari",_xlfn.XLOOKUP($A9,ROW_Manjari!$C:$C,ROW_Manjari!$BE:$BE),"USA Sea",_xlfn.XLOOKUP($A9,USA_Sea!$C:$C,USA_Sea!$BE:$BE),"Amazon USA Sea",_xlfn.XLOOKUP($A9,Amazon_USA_Sea!$C:$C,Amazon_USA_Sea!$AX:$AX),"USA Air",_xlfn.XLOOKUP($A9,USA_Air!$C:$C,USA_Air!$BE:$BE),"USA Amazon",_xlfn.XLOOKUP($A9,USA_Amazon_Air!$C:$C,USA_Amazon_Air!$BE:$BE),"UK",_xlfn.XLOOKUP($A9,UK_Order!$C:$C,UK_Order!$BE:$BE),"MENA",_xlfn.XLOOKUP($A9,MENA_Order!$C:$C,MENA_Order!$BE:$BE),0),0))} -> 0 | H9: =IF($A9="",0,MAX(0,$F9-$G9)) -> 0 | I9: =IF($A9="",0,IFERROR($G9/$F9,0)) -> 0 | J9: =INT((ROW()-2)/8)+3 -> 3
A10: {=IFERROR(INDEX(Summary!$D:$D,$J10)&"","")} -> FG00537 | B10: {=IF($A10="","",INDEX(Summary!$E:$E,$J10))} -> Khapli Atta (Stoneground) - 2kg | C10: {=IF($A10="","",INDEX(Summary!$B:$B,$J10))} -> Atta | D10: {=IF($A10="","",INDEX(Summary!$C:$C,$J10))} -> C39 | E10: {=IF($A10="","",INDEX(Summary!$G$2:$N$2,MOD(ROW()-2,8)+1))} -> MRP (Domestic) | F10: {=IF($A10="",0,IFERROR(INDEX(Summary!$G$3:$N$62,$J10-2,MOD(ROW()-2,8)+1),0))} -> 0 | G10: {=IF($A10="",0,IFERROR(_xlfn.SWITCH($E10,"MRP (Domestic)",_xlfn.XLOOKUP($A10,Domestic!$C:$C,Domestic!$BE:$BE),"ROW Manjari",_xlfn.XLOOKUP($A10,ROW_Manjari!$C:$C,ROW_Manjari!$BE:$BE),"USA Sea",_xlfn.XLOOKUP($A10,USA_Sea!$C:$C,USA_Sea!$BE:$BE),"Amazon USA Sea",_xlfn.XLOOKUP($A10,Amazon_USA_Sea!$C:$C,Amazon_USA_Sea!$AX:$AX),"USA Air",_xlfn.XLOOKUP($A10,USA_Air!$C:$C,USA_Air!$BE:$BE),"USA Amazon",_xlfn.XLOOKUP($A10,USA_Amazon_Air!$C:$C,USA_Amazon_Air!$BE:$BE),"UK",_xlfn.XLOOKUP($A10,UK_Order!$C:$C,UK_Order!$BE:$BE),"MENA",_xlfn.XLOOKUP($A10,MENA_Order!$C:$C,MENA_Order!$BE:$BE),0),0))} -> 0 | H10: =IF($A10="",0,MAX(0,$F10-$G10)) -> 0 | I10: =IF($A10="",0,IFERROR($G10/$F10,0)) -> 0 | J10: =INT((ROW()-2)/8)+3 -> 4
A11: {=IFERROR(INDEX(Summary!$D:$D,$J11)&"","")} -> FG00537 | B11: {=IF($A11="","",INDEX(Summary!$E:$E,$J11))} -> Khapli Atta (Stoneground) - 2kg | C11: {=IF($A11="","",INDEX(Summary!$B:$B,$J11))} -> Atta | D11: {=IF($A11="","",INDEX(Summary!$C:$C,$J11))} -> C39 | E11: {=IF($A11="","",INDEX(Summary!$G$2:$N$2,MOD(ROW()-2,8)+1))} -> ROW Manjari | F11: {=IF($A11="",0,IFERROR(INDEX(Summary!$G$3:$N$62,$J11-2,MOD(ROW()-2,8)+1),0))} -> 0 | G11: {=IF($A11="",0,IFERROR(_xlfn.SWITCH($E11,"MRP (Domestic)",_xlfn.XLOOKUP($A11,Domestic!$C:$C,Domestic!$BE:$BE),"ROW Manjari",_xlfn.XLOOKUP($A11,ROW_Manjari!$C:$C,ROW_Manjari!$BE:$BE),"USA Sea",_xlfn.XLOOKUP($A11,USA_Sea!$C:$C,USA_Sea!$BE:$BE),"Amazon USA Sea",_xlfn.XLOOKUP($A11,Amazon_USA_Sea!$C:$C,Amazon_USA_Sea!$AX:$AX),"USA Air",_xlfn.XLOOKUP($A11,USA_Air!$C:$C,USA_Air!$BE:$BE),"USA Amazon",_xlfn.XLOOKUP($A11,USA_Amazon_Air!$C:$C,USA_Amazon_Air!$BE:$BE),"UK",_xlfn.XLOOKUP($A11,UK_Order!$C:$C,UK_Order!$BE:$BE),"MENA",_xlfn.XLOOKUP($A11,MENA_Order!$C:$C,MENA_Order!$BE:$BE),0),0))} -> 0 | H11: =IF($A11="",0,MAX(0,$F11-$G11)) -> 0 | I11: =IF($A11="",0,IFERROR($G11/$F11,0)) -> 0 | J11: =INT((ROW()-2)/8)+3 -> 4
A12: {=IFERROR(INDEX(Summary!$D:$D,$J12)&"","")} -> FG00537 | B12: {=IF($A12="","",INDEX(Summary!$E:$E,$J12))} -> Khapli Atta (Stoneground) - 2kg | C12: {=IF($A12="","",INDEX(Summary!$B:$B,$J12))} -> Atta | D12: {=IF($A12="","",INDEX(Summary!$C:$C,$J12))} -> C39 | E12: {=IF($A12="","",INDEX(Summary!$G$2:$N$2,MOD(ROW()-2,8)+1))} -> USA Sea | F12: {=IF($A12="",0,IFERROR(INDEX(Summary!$G$3:$N$62,$J12-2,MOD(ROW()-2,8)+1),0))} -> 0 | G12: {=IF($A12="",0,IFERROR(_xlfn.SWITCH($E12,"MRP (Domestic)",_xlfn.XLOOKUP($A12,Domestic!$C:$C,Domestic!$BE:$BE),"ROW Manjari",_xlfn.XLOOKUP($A12,ROW_Manjari!$C:$C,ROW_Manjari!$BE:$BE),"USA Sea",_xlfn.XLOOKUP($A12,USA_Sea!$C:$C,USA_Sea!$BE:$BE),"Amazon USA Sea",_xlfn.XLOOKUP($A12,Amazon_USA_Sea!$C:$C,Amazon_USA_Sea!$AX:$AX),"USA Air",_xlfn.XLOOKUP($A12,USA_Air!$C:$C,USA_Air!$BE:$BE),"USA Amazon",_xlfn.XLOOKUP($A12,USA_Amazon_Air!$C:$C,USA_Amazon_Air!$BE:$BE),"UK",_xlfn.XLOOKUP($A12,UK_Order!$C:$C,UK_Order!$BE:$BE),"MENA",_xlfn.XLOOKUP($A12,MENA_Order!$C:$C,MENA_Order!$BE:$BE),0),0))} -> 0 | H12: =IF($A12="",0,MAX(0,$F12-$G12)) -> 0 | I12: =IF($A12="",0,IFERROR($G12/$F12,0)) -> 0 | J12: =INT((ROW()-2)/8)+3 -> 4
A13: {=IFERROR(INDEX(Summary!$D:$D,$J13)&"","")} -> FG00537 | B13: {=IF($A13="","",INDEX(Summary!$E:$E,$J13))} -> Khapli Atta (Stoneground) - 2kg | C13: {=IF($A13="","",INDEX(Summary!$B:$B,$J13))} -> Atta | D13: {=IF($A13="","",INDEX(Summary!$C:$C,$J13))} -> C39 | E13: {=IF($A13="","",INDEX(Summary!$G$2:$N$2,MOD(ROW()-2,8)+1))} -> Amazon USA Sea | F13: {=IF($A13="",0,IFERROR(INDEX(Summary!$G$3:$N$62,$J13-2,MOD(ROW()-2,8)+1),0))} -> 0 | G13: {=IF($A13="",0,IFERROR(_xlfn.SWITCH($E13,"MRP (Domestic)",_xlfn.XLOOKUP($A13,Domestic!$C:$C,Domestic!$BE:$BE),"ROW Manjari",_xlfn.XLOOKUP($A13,ROW_Manjari!$C:$C,ROW_Manjari!$BE:$BE),"USA Sea",_xlfn.XLOOKUP($A13,USA_Sea!$C:$C,USA_Sea!$BE:$BE),"Amazon USA Sea",_xlfn.XLOOKUP($A13,Amazon_USA_Sea!$C:$C,Amazon_USA_Sea!$AX:$AX),"USA Air",_xlfn.XLOOKUP($A13,USA_Air!$C:$C,USA_Air!$BE:$BE),"USA Amazon",_xlfn.XLOOKUP($A13,USA_Amazon_Air!$C:$C,USA_Amazon_Air!$BE:$BE),"UK",_xlfn.XLOOKUP($A13,UK_Order!$C:$C,UK_Order!$BE:$BE),"MENA",_xlfn.XLOOKUP($A13,MENA_Order!$C:$C,MENA_Order!$BE:$BE),0),0))} -> 0 | H13: =IF($A13="",0,MAX(0,$F13-$G13)) -> 0 | I13: =IF($A13="",0,IFERROR($G13/$F13,0)) -> 0 | J13: =INT((ROW()-2)/8)+3 -> 4
... A481: {=IFERROR(INDEX(Summary!$D:$D,$J481)&"","")} -> FG00678 | B481: {=IF($A481="","",INDEX(Summary!$E:$E,$J481))} -> Virgin Coconut Oil - 100ml - Units | C481: {=IF($A481="","",INDEX(Summary!$B:$B,$J481))} -> Oil | D481: {=IF($A481="","",INDEX(Summary!$C:$C,$J481))} -> C6 | E481: {=IF($A481="","",INDEX(Summary!$G$2:$N$2,MOD(ROW()-2,8)+1))} -> MENA | F481: {=IF($A481="",0,IFERROR(INDEX(Summary!$G$3:$N$62,$J481-2,MOD(ROW()-2,8)+1),0))} -> 0 | G481: {=IF($A481="",0,IFERROR(_xlfn.SWITCH($E481,"MRP (Domestic)",_xlfn.XLOOKUP($A481,Domestic!$C:$C,Domestic!$BE:$BE),"ROW Manjari",_xlfn.XLOOKUP($A481,ROW_Manjari!$C:$C,ROW_Manjari!$BE:$BE),"USA Sea",_xlfn.XLOOKUP($A481,USA_Sea!$C:$C,USA_Sea!$BE:$BE),"Amazon USA Sea",_xlfn.XLOOKUP($A481,Amazon_USA_Sea!$C:$C,Amazon_USA_Sea!$AX:$AX),"USA Air",_xlfn.XLOOKUP($A481,USA_Air!$C:$C,USA_Air!$BE:$BE),"USA Amazon",_xlfn.XLOOKUP($A481,USA_Amazon_Air!$C:$C,USA_Amazon_Air!$BE:$BE),"UK",_xlfn.XLOOKUP($A481,UK_Order!$C:$C,UK_Order!$BE:$BE),"MENA",_xlfn.XLOOKUP($A481,MENA_Order!$C:$C,MENA_Order!$BE:$BE),0),0))} -> 0 | H481: =IF($A481="",0,MAX(0,$F481-$G481)) -> 0 | I481: =IF($A481="",0,IFERROR($G481/$F481,0)) -> 0 | J481: =INT((ROW()-2)/8)+3 -> 62

Sheet BI_ReadMe
A1: POWER BI — SINGLE SOURCE TABLE | B1: tbl_BI_Data on sheet BI_Data
A3: Item | B3: Detail
A4: Grain | B4: One row per SKU per day: 60 SKUs x 30 days = 1,800 rows. Connect Power BI directly to tbl_BI_Data — no Power Query transformation needed.
A5: Source | B5: Every column is a live formula reading the Summary sheet (rows 3:62). A Power BI refresh always picks up the latest Summary values.
A6: Additive design | B6: SKU-level values (PlanPKT, ProducedPKT, PendingPKT, SOHCentralWH, DOH and the eight Plan-by-channel columns) are written ONLY on each SKU's first day row, where IsSKURow = 1, and are 0 on the other 29 rows. A plain SUM over the whole table therefore gives the correct SKU-level total with no duplication.
A7: Daily values | B7: DailyProducedPKT and EvenPaceTargetPKT are populated on every row — use these for run-rate and pace trends over Date.
A8: Date | B8: Mark Date as a date column, or build a date table in Power BI and relate it to tbl_BI_Data[Date]. The plan month runs 24-Jul to 22-Aug.
A9: Non-additive fields | B9: DOH and SOHCentralWH: filter to IsSKURow = 1 before averaging, otherwise the 29 zero rows drag the average down.
A11: Suggested DAX measures
A12: Total Plan | B12: = SUM ( tbl_BI_Data[PlanPKT] )
A13: Total Produced | B13: = SUM ( tbl_BI_Data[ProducedPKT] )
A14: Total Pending | B14: = SUM ( tbl_BI_Data[PendingPKT] )
A15: Fulfillment % | B15: = DIVIDE ( [Total Produced], [Total Plan] )
A16: Pending SKUs | B16: = CALCULATE ( COUNTROWS ( tbl_BI_Data ), tbl_BI_Data[IsSKURow] = 1, tbl_BI_Data[PendingPKT] > 0 )
A17: Critical SKUs | B17: = CALCULATE ( COUNTROWS ( tbl_BI_Data ), tbl_BI_Data[IsSKURow] = 1, tbl_BI_Data[IsCritical] = 1, tbl_BI_Data[PendingPKT] > 0 )
A18: Critical Pending PKT | B18: = CALCULATE ( [Total Pending], tbl_BI_Data[IsCritical] = 1 )
A19: Avg DOH | B19: = CALCULATE ( AVERAGE ( tbl_BI_Data[DOH] ), tbl_BI_Data[IsSKURow] = 1 )
A20: Days Elapsed | B20: = CALCULATE ( DISTINCTCOUNT ( tbl_BI_Data[Date] ), tbl_BI_Data[IsElapsed] = 1 )
A21: Days Remaining | B21: = CALCULATE ( DISTINCTCOUNT ( tbl_BI_Data[Date] ), tbl_BI_Data[IsElapsed] = 0 )
A22: Run Rate per Day | B22: = DIVIDE ( [Total Produced], [Days Elapsed] )
A23: Required Run Rate | B23: = DIVIDE ( [Total Pending], [Days Remaining] )
... A41: Note | B41: Channel-wise ProducedPKT totals 70,559 vs the master Summary total of ~78,000 — the per-channel sheets are not fully reconciled with Summary's daily entry. Use tbl_BI_Data for headline produced/fulfilment KPIs and tbl_BI_Channel only for channel-split views.

Sheet Dashboard
A1: Non Ghee Production Dashboard | Y1: All
O2: Selected Plan | P2: Plant Flag | Q2: Channel Flag | R2: Selected Pending | S2: Section | T2: Selected Produced | U2: Section Flag | V2: Product Flag | Y2: =Summary!E3 -> Khapli Atta 1KG
A3: Plant selector | C3: C6 | E3: Section selector | G3: All | O3: {=_xlfn.SWITCH($C$4,"MRP (Domestic)",Summary!G3,"ROW Manjari",Summary!H3,"USA Sea",Summary!I3,"Amazon USA Sea",Summary!J3,"USA Air",Summary!K3,"USA Amazon",Summary!L3,"UK",Summary!M3,"MENA",Summary!N3,Summary!O3)} -> 6000 | P3: =--(Summary!B3<>"")*IF($C$3="All",1,--(Summary!C3=$C$3)) -> 0 | Q3: =IF($C$4="All",1,--(O3>0)) -> 1 | R3: =T3-O3 -> 271 | S3: =Summary!B3 -> Atta | T3: {=_xlfn.SWITCH($C$4,"MRP (Domestic)",IFERROR(_xlfn.XLOOKUP(Summary!D3,Domestic!$C:$C,Domestic!$BE:$BE),0),"ROW Manjari",IFERROR(_xlfn.XLOOKUP(Summary!D3,ROW_Manjari!$C:$C,ROW_Manjari!$BE:$BE),0),"USA Sea",IFERROR(_xlfn.XLOOKUP(Summary!D3,USA_Sea!$C:$C,USA_Sea!$BE:$BE),0),"Amazon USA Sea",IFERROR(_xlfn.XLOOKUP(Summary!D3,Amazon_USA_Sea!$C:$C,Amazon_USA_Sea!$AX:$AX),0),"USA Air",IFERROR(_xlfn.XLOOKUP(Summary!D3,USA_Air!$C:$C,USA_Air!$BE:$BE),0),"USA Amazon",IFERROR(_xlfn.XLOOKUP(Summary!D3,USA_Amazon_Air!$C:$C,USA_Amazon_Air!$BE:$BE),0),"UK",IFERROR(_xlfn.XLOOKUP(Summary!D3,UK_Order!$C:$C,UK_Order!$BE:$BE),0),"MENA",IFERROR(_xlfn.XLOOKUP(Summary!D3,MENA_Order!$C:$C,MENA_Order!$BE:$BE),0),Summary!AT3)} -> 6271 | U3: =IF($G$3="All",1,--($S3=$G$3)) -> 1 | V3: =IF($G$4="All",1,--(Summary!E3=$G$4)) -> 1 | Y3: =Summary!E4 -> Khapli Atta (Stoneground) - 2kg
A4: Channel selector | C4: All | E4: Product selector | G4: All | O4: {=_xlfn.SWITCH($C$4,"MRP (Domestic)",Summary!G4,"ROW Manjari",Summary!H4,"USA Sea",Summary!I4,"Amazon USA Sea",Summary!J4,"USA Air",Summary!K4,"USA Amazon",Summary!L4,"UK",Summary!M4,"MENA",Summary!N4,Summary!O4)} -> 0 | P4: =--(Summary!B4<>"")*IF($C$3="All",1,--(Summary!C4=$C$3)) -> 0 | Q4: =IF($C$4="All",1,--(O4>0)) -> 1 | R4: =T4-O4 -> 18596 | S4: =Summary!B4 -> Atta | T4: {=_xlfn.SWITCH($C$4,"MRP (Domestic)",IFERROR(_xlfn.XLOOKUP(Summary!D4,Domestic!$C:$C,Domestic!$BE:$BE),0),"ROW Manjari",IFERROR(_xlfn.XLOOKUP(Summary!D4,ROW_Manjari!$C:$C,ROW_Manjari!$BE:$BE),0),"USA Sea",IFERROR(_xlfn.XLOOKUP(Summary!D4,USA_Sea!$C:$C,USA_Sea!$BE:$BE),0),"Amazon USA Sea",IFERROR(_xlfn.XLOOKUP(Summary!D4,Amazon_USA_Sea!$C:$C,Amazon_USA_Sea!$AX:$AX),0),"USA Air",IFERROR(_xlfn.XLOOKUP(Summary!D4,USA_Air!$C:$C,USA_Air!$BE:$BE),0),"USA Amazon",IFERROR(_xlfn.XLOOKUP(Summary!D4,USA_Amazon_Air!$C:$C,USA_Amazon_Air!$BE:$BE),0),"UK",IFERROR(_xlfn.XLOOKUP(Summary!D4,UK_Order!$C:$C,UK_Order!$BE:$BE),0),"MENA",IFERROR(_xlfn.XLOOKUP(Summary!D4,MENA_Order!$C:$C,MENA_Order!$BE:$BE),0),Summary!AT4)} -> 18596 | U4: =IF($G$3="All",1,--($S4=$G$3)) -> 1 | V4: =IF($G$4="All",1,--(Summary!E4=$G$4)) -> 1 | Y4: =Summary!E5 -> Khapli Atta (Stoneground) - 5kg
A5: Total Plan | C5: Produced PKT | E5: Fulfillment % | G5: Pending PKT | I5: Pending SKUs | K5: Critical SKUs | O5: {=_xlfn.SWITCH($C$4,"MRP (Domestic)",Summary!G5,"ROW Manjari",Summary!H5,"USA Sea",Summary!I5,"Amazon USA Sea",Summary!J5,"USA Air",Summary!K5,"USA Amazon",Summary!L5,"UK",Summary!M5,"MENA",Summary!N5,Summary!O5)} -> 0 | P5: =--(Summary!B5<>"")*IF($C$3="All",1,--(Summary!C5=$C$3)) -> 0 | Q5: =IF($C$4="All",1,--(O5>0)) -> 1 | R5: =T5-O5 -> 1260 | S5: =Summary!B5 -> Atta | T5: {=_xlfn.SWITCH($C$4,"MRP (Domestic)",IFERROR(_xlfn.XLOOKUP(Summary!D5,Domestic!$C:$C,Domestic!$BE:$BE),0),"ROW Manjari",IFERROR(_xlfn.XLOOKUP(Summary!D5,ROW_Manjari!$C:$C,ROW_Manjari!$BE:$BE),0),"USA Sea",IFERROR(_xlfn.XLOOKUP(Summary!D5,USA_Sea!$C:$C,USA_Sea!$BE:$BE),0),"Amazon USA Sea",IFERROR(_xlfn.XLOOKUP(Summary!D5,Amazon_USA_Sea!$C:$C,Amazon_USA_Sea!$AX:$AX),0),"USA Air",IFERROR(_xlfn.XLOOKUP(Summary!D5,USA_Air!$C:$C,USA_Air!$BE:$BE),0),"USA Amazon",IFERROR(_xlfn.XLOOKUP(Summary!D5,USA_Amazon_Air!$C:$C,USA_Amazon_Air!$BE:$BE),0),"UK",IFERROR(_xlfn.XLOOKUP(Summary!D5,UK_Order!$C:$C,UK_Order!$BE:$BE),0),"MENA",IFERROR(_xlfn.XLOOKUP(Summary!D5,MENA_Order!$C:$C,MENA_Order!$BE:$BE),0),Summary!AT5)} -> 1260 | U5: =IF($G$3="All",1,--($S5=$G$3)) -> 1 | V5: =IF($G$4="All",1,--(Summary!E5=$G$4)) -> 1 | Y5: =Summary!E6 -> Jowar Atta (Stoneground) - 1kg khapli for international ( 3kg and 5kg added)
A6: =IFERROR(SUMPRODUCT($O$3:$O$70,$P$3:$P$70,$Q$3:$Q$70,$U$3:$U$70,$V$3:$V$70),"") -> 174571 | C6: =IFERROR(SUMPRODUCT($T$3:$T$70,$P$3:$P$70,$Q$3:$Q$70,$U$3:$U$70,$V$3:$V$70),"") -> 140745.8 | E6: =IFERROR(C6/A6,"") -> 0.80623815 | G6: {=IFERROR(ABS(SUMPRODUCT($R$3:$R$70,--($R$3:$R$70<0),$P$3:$P$70,$Q$3:$Q$70,$U$3:$U$70,$V$3:$V$70)),"")} | I6: {=IFERROR(SUMPRODUCT(--($R$3:$R$70<0),$P$3:$P$70,$Q$3:$Q$70,$U$3:$U$70,$V$3:$V$70),"")} | K6: {=IFERROR(SUMPRODUCT(--(Summary!$BC$3:$BC$70="P1 – Critical"),--($R$3:$R$70<0),$P$3:$P$70,$Q$3:$Q$70,$U$3:$U$70,$V$3:$V$70),"")} | O6: {=_xlfn.SWITCH($C$4,"MRP (Domestic)",Summary!G6,"ROW Manjari",Summary!H6,"USA Sea",Summary!I6,"Amazon USA Sea",Summary!J6,"USA Air",Summary!K6,"USA Amazon",Summary!L6,"UK",Summary!M6,"MENA",Summary!N6,Summary!O6)} -> 0 | P6: =--(Summary!B6<>"")*IF($C$3="All",1,--(Summary!C6=$C$3)) -> 1 | Q6: =IF($C$4="All",1,--(O6>0)) -> 1 | R6: =T6-O6 -> 0 | S6: =Summary!B6 -> Atta | T6: {=_xlfn.SWITCH($C$4,"MRP (Domestic)",IFERROR(_xlfn.XLOOKUP(Summary!D6,Domestic!$C:$C,Domestic!$BE:$BE),0),"ROW Manjari",IFERROR(_xlfn.XLOOKUP(Summary!D6,ROW_Manjari!$C:$C,ROW_Manjari!$BE:$BE),0),"USA Sea",IFERROR(_xlfn.XLOOKUP(Summary!D6,USA_Sea!$C:$C,USA_Sea!$BE:$BE),0),"Amazon USA Sea",IFERROR(_xlfn.XLOOKUP(Summary!D6,Amazon_USA_Sea!$C:$C,Amazon_USA_Sea!$AX:$AX),0),"USA Air",IFERROR(_xlfn.XLOOKUP(Summary!D6,USA_Air!$C:$C,USA_Air!$BE:$BE),0),"USA Amazon",IFERROR(_xlfn.XLOOKUP(Summary!D6,USA_Amazon_Air!$C:$C,USA_Amazon_Air!$BE:$BE),0),"UK",IFERROR(_xlfn.XLOOKUP(Summary!D6,UK_Order!$C:$C,UK_Order!$BE:$BE),0),"MENA",IFERROR(_xlfn.XLOOKUP(Summary!D6,MENA_Order!$C:$C,MENA_Order!$BE:$BE),0),Summary!AT6)} -> 0 | U6: =IF($G$3="All",1,--($S6=$G$3)) -> 1 | V6: =IF($G$4="All",1,--(Summary!E6=$G$4)) -> 1 | Y6: =Summary!E7 -> Jowar atta 500
O7: {=_xlfn.SWITCH($C$4,"MRP (Domestic)",Summary!G7,"ROW Manjari",Summary!H7,"USA Sea",Summary!I7,"Amazon USA Sea",Summary!J7,"USA Air",Summary!K7,"USA Amazon",Summary!L7,"UK",Summary!M7,"MENA",Summary!N7,Summary!O7)} -> 11719 | P7: =--(Summary!B7<>"")*IF($C$3="All",1,--(Summary!C7=$C$3)) -> 1 | Q7: =IF($C$4="All",1,--(O7>0)) -> 1 | R7: =T7-O7 -> -6095 | S7: =Summary!B7 -> Atta | T7: {=_xlfn.SWITCH($C$4,"MRP (Domestic)",IFERROR(_xlfn.XLOOKUP(Summary!D7,Domestic!$C:$C,Domestic!$BE:$BE),0),"ROW Manjari",IFERROR(_xlfn.XLOOKUP(Summary!D7,ROW_Manjari!$C:$C,ROW_Manjari!$BE:$BE),0),"USA Sea",IFERROR(_xlfn.XLOOKUP(Summary!D7,USA_Sea!$C:$C,USA_Sea!$BE:$BE),0),"Amazon USA Sea",IFERROR(_xlfn.XLOOKUP(Summary!D7,Amazon_USA_Sea!$C:$C,Amazon_USA_Sea!$AX:$AX),0),"USA Air",IFERROR(_xlfn.XLOOKUP(Summary!D7,USA_Air!$C:$C,USA_Air!$BE:$BE),0),"USA Amazon",IFERROR(_xlfn.XLOOKUP(Summary!D7,USA_Amazon_Air!$C:$C,USA_Amazon_Air!$BE:$BE),0),"UK",IFERROR(_xlfn.XLOOKUP(Summary!D7,UK_Order!$C:$C,UK_Order!$BE:$BE),0),"MENA",IFERROR(_xlfn.XLOOKUP(Summary!D7,MENA_Order!$C:$C,MENA_Order!$BE:$BE),0),Summary!AT7)} -> 5624 | U7: =IF($G$3="All",1,--($S7=$G$3)) -> 1 | V7: =IF($G$4="All",1,--(Summary!E7=$G$4)) -> 1 | Y7: =Summary!E8 -> Jowar Atta (Stoneground) - 2kg
O8: {=_xlfn.SWITCH($C$4,"MRP (Domestic)",Summary!G8,"ROW Manjari",Summary!H8,"USA Sea",Summary!I8,"Amazon USA Sea",Summary!J8,"USA Air",Summary!K8,"USA Amazon",Summary!L8,"UK",Summary!M8,"MENA",Summary!N8,Summary!O8)} -> 3354 | P8: =--(Summary!B8<>"")*IF($C$3="All",1,--(Summary!C8=$C$3)) -> 1 | Q8: =IF($C$4="All",1,--(O8>0)) -> 1 | R8: =T8-O8 -> -1780 | S8: =Summary!B8 -> Atta | T8: {=_xlfn.SWITCH($C$4,"MRP (Domestic)",IFERROR(_xlfn.XLOOKUP(Summary!D8,Domestic!$C:$C,Domestic!$BE:$BE),0),"ROW Manjari",IFERROR(_xlfn.XLOOKUP(Summary!D8,ROW_Manjari!$C:$C,ROW_Manjari!$BE:$BE),0),"USA Sea",IFERROR(_xlfn.XLOOKUP(Summary!D8,USA_Sea!$C:$C,USA_Sea!$BE:$BE),0),"Amazon USA Sea",IFERROR(_xlfn.XLOOKUP(Summary!D8,Amazon_USA_Sea!$C:$C,Amazon_USA_Sea!$AX:$AX),0),"USA Air",IFERROR(_xlfn.XLOOKUP(Summary!D8,USA_Air!$C:$C,USA_Air!$BE:$BE),0),"USA Amazon",IFERROR(_xlfn.XLOOKUP(Summary!D8,USA_Amazon_Air!$C:$C,USA_Amazon_Air!$BE:$BE),0),"UK",IFERROR(_xlfn.XLOOKUP(Summary!D8,UK_Order!$C:$C,UK_Order!$BE:$BE),0),"MENA",IFERROR(_xlfn.XLOOKUP(Summary!D8,MENA_Order!$C:$C,MENA_Order!$BE:$BE),0),Summary!AT8)} -> 1574 | U8: =IF($G$3="All",1,--($S8=$G$3)) -> 1 | V8: =IF($G$4="All",1,--(Summary!E8=$G$4)) -> 1 | Y8: =Summary!E9 -> Besan Flour | Gram Flour | Stoneground - 1kg
A9: =IFERROR("For plant "&$C$3&", channel "&$C$4&", section "&$G$3&", product "&$G$4&": fulfillment is "&TEXT(E6,"0%")&" against "&TEXT(A6,"#,##0")&" planned packets. Pending exposure is "&TEXT(G6,"#,##0")&" packets across "&TEXT(I6,"#,##0")&" SKUs, including "&TEXT(K6,"#,##0")&" critical SKUs.","") -> For plant C6, channel All, section All, product All: fulfillment is 81% against 1,74,571 planned packets. Pending exposure is packets across SKUs, including critical SKUs. | O9: {=_xlfn.SWITCH($C$4,"MRP (Domestic)",Summary!G9,"ROW Manjari",Summary!H9,"USA Sea",Summary!I9,"Amazon USA Sea",Summary!J9,"USA Air",Summary!K9,"USA Amazon",Summary!L9,"UK",Summary!M9,"MENA",Summary!N9,Summary!O9)} -> 3565 | P9: =--(Summary!B9<>"")*IF($C$3="All",1,--(Summary!C9=$C$3)) -> 0 | Q9: =IF($C$4="All",1,--(O9>0)) -> 1 | R9: =T9-O9 -> -398 | S9: =Summary!B9 -> Atta | T9: {=_xlfn.SWITCH($C$4,"MRP (Domestic)",IFERROR(_xlfn.XLOOKUP(Summary!D9,Domestic!$C:$C,Domestic!$BE:$BE),0),"ROW Manjari",IFERROR(_xlfn.XLOOKUP(Summary!D9,ROW_Manjari!$C:$C,ROW_Manjari!$BE:$BE),0),"USA Sea",IFERROR(_xlfn.XLOOKUP(Summary!D9,USA_Sea!$C:$C,USA_Sea!$BE:$BE),0),"Amazon USA Sea",IFERROR(_xlfn.XLOOKUP(Summary!D9,Amazon_USA_Sea!$C:$C,Amazon_USA_Sea!$AX:$AX),0),"USA Air",IFERROR(_xlfn.XLOOKUP(Summary!D9,USA_Air!$C:$C,USA_Air!$BE:$BE),0),"USA Amazon",IFERROR(_xlfn.XLOOKUP(Summary!D9,USA_Amazon_Air!$C:$C,USA_Amazon_Air!$BE:$BE),0),"UK",IFERROR(_xlfn.XLOOKUP(Summary!D9,UK_Order!$C:$C,UK_Order!$BE:$BE),0),"MENA",IFERROR(_xlfn.XLOOKUP(Summary!D9,MENA_Order!$C:$C,MENA_Order!$BE:$BE),0),Summary!AT9)} -> 3167 | U9: =IF($G$3="All",1,--($S9=$G$3)) -> 1 | V9: =IF($G$4="All",1,--(Summary!E9=$G$4)) -> 1 | Y9: =Summary!E10 -> Bajra Atta 1kg
O10: {=_xlfn.SWITCH($C$4,"MRP (Domestic)",Summary!G10,"ROW Manjari",Summary!H10,"USA Sea",Summary!I10,"Amazon USA Sea",Summary!J10,"USA Air",Summary!K10,"USA Amazon",Summary!L10,"UK",Summary!M10,"MENA",Summary!N10,Summary!O10)} | P10: =--(Summary!B10<>"")*IF($C$3="All",1,--(Summary!C10=$C$3)) -> 1 | Q10: =IF($C$4="All",1,--(O10>0)) -> 1 | R10: =T10-O10 -> #VALUE! | S10: =Summary!B10 -> Atta | T10: {=_xlfn.SWITCH($C$4,"MRP (Domestic)",IFERROR(_xlfn.XLOOKUP(Summary!D10,Domestic!$C:$C,Domestic!$BE:$BE),0),"ROW Manjari",IFERROR(_xlfn.XLOOKUP(Summary!D10,ROW_Manjari!$C:$C,ROW_Manjari!$BE:$BE),0),"USA Sea",IFERROR(_xlfn.XLOOKUP(Summary!D10,USA_Sea!$C:$C,USA_Sea!$BE:$BE),0),"Amazon USA Sea",IFERROR(_xlfn.XLOOKUP(Summary!D10,Amazon_USA_Sea!$C:$C,Amazon_USA_Sea!$AX:$AX),0),"USA Air",IFERROR(_xlfn.XLOOKUP(Summary!D10,USA_Air!$C:$C,USA_Air!$BE:$BE),0),"USA Amazon",IFERROR(_xlfn.XLOOKUP(Summary!D10,USA_Amazon_Air!$C:$C,USA_Amazon_Air!$BE:$BE),0),"UK",IFERROR(_xlfn.XLOOKUP(Summary!D10,UK_Order!$C:$C,UK_Order!$BE:$BE),0),"MENA",IFERROR(_xlfn.XLOOKUP(Summary!D10,MENA_Order!$C:$C,MENA_Order!$BE:$BE),0),Summary!AT10)} -> 295 | U10: =IF($G$3="All",1,--($S10=$G$3)) -> 1 | V10: =IF($G$4="All",1,--(Summary!E10=$G$4)) -> 1 | Y10: =Summary!E11 -> Jowar atta 910g
A11: SECTION PERFORMANCE | H11: CHANNEL PLAN MIX | O11: {=_xlfn.SWITCH($C$4,"MRP (Domestic)",Summary!G11,"ROW Manjari",Summary!H11,"USA Sea",Summary!I11,"Amazon USA Sea",Summary!J11,"USA Air",Summary!K11,"USA Amazon",Summary!L11,"UK",Summary!M11,"MENA",Summary!N11,Summary!O11)} -> 387 | P11: =--(Summary!B11<>"")*IF($C$3="All",1,--(Summary!C11=$C$3)) -> 1 | Q11: =IF($C$4="All",1,--(O11>0)) -> 1 | R11: =T11-O11 -> -387 | S11: =Summary!B11 -> Atta | T11: {=_xlfn.SWITCH($C$4,"MRP (Domestic)",IFERROR(_xlfn.XLOOKUP(Summary!D11,Domestic!$C:$C,Domestic!$BE:$BE),0),"ROW Manjari",IFERROR(_xlfn.XLOOKUP(Summary!D11,ROW_Manjari!$C:$C,ROW_Manjari!$BE:$BE),0),"USA Sea",IFERROR(_xlfn.XLOOKUP(Summary!D11,USA_Sea!$C:$C,USA_Sea!$BE:$BE),0),"Amazon USA Sea",IFERROR(_xlfn.XLOOKUP(Summary!D11,Amazon_USA_Sea!$C:$C,Amazon_USA_Sea!$AX:$AX),0),"USA Air",IFERROR(_xlfn.XLOOKUP(Summary!D11,USA_Air!$C:$C,USA_Air!$BE:$BE),0),"USA Amazon",IFERROR(_xlfn.XLOOKUP(Summary!D11,USA_Amazon_Air!$C:$C,USA_Amazon_Air!$BE:$BE),0),"UK",IFERROR(_xlfn.XLOOKUP(Summary!D11,UK_Order!$C:$C,UK_Order!$BE:$BE),0),"MENA",IFERROR(_xlfn.XLOOKUP(Summary!D11,MENA_Order!$C:$C,MENA_Order!$BE:$BE),0),Summary!AT11)} -> 0 | U11: =IF($G$3="All",1,--($S11=$G$3)) -> 1 | V11: =IF($G$4="All",1,--(Summary!E11=$G$4)) -> 1 | Y11: =Summary!E12 -> High Protein atta - 1kg
A12: Section | B12: Plan | C12: Produced | D12: Fulfillment | E12: Pending SKUs | F12: Critical SKUs | H12: Channel | I12: Plan | J12: Share | O12: {=_xlfn.SWITCH($C$4,"MRP (Domestic)",Summary!G12,"ROW Manjari",Summary!H12,"USA Sea",Summary!I12,"Amazon USA Sea",Summary!J12,"USA Air",Summary!K12,"USA Amazon",Summary!L12,"UK",Summary!M12,"MENA",Summary!N12,Summary!O12)} -> 13602 | P12: =--(Summary!B12<>"")*IF($C$3="All",1,--(Summary!C12=$C$3)) -> 1 | Q12: =IF($C$4="All",1,--(O12>0)) -> 1 | R12: =T12-O12 -> 10889 | S12: =Summary!B12 -> Atta | T12: {=_xlfn.SWITCH($C$4,"MRP (Domestic)",IFERROR(_xlfn.XLOOKUP(Summary!D12,Domestic!$C:$C,Domestic!$BE:$BE),0),"ROW Manjari",IFERROR(_xlfn.XLOOKUP(Summary!D12,ROW_Manjari!$C:$C,ROW_Manjari!$BE:$BE),0),"USA Sea",IFERROR(_xlfn.XLOOKUP(Summary!D12,USA_Sea!$C:$C,USA_Sea!$BE:$BE),0),"Amazon USA Sea",IFERROR(_xlfn.XLOOKUP(Summary!D12,Amazon_USA_Sea!$C:$C,Amazon_USA_Sea!$AX:$AX),0),"USA Air",IFERROR(_xlfn.XLOOKUP(Summary!D12,USA_Air!$C:$C,USA_Air!$BE:$BE),0),"USA Amazon",IFERROR(_xlfn.XLOOKUP(Summary!D12,USA_Amazon_Air!$C:$C,USA_Amazon_Air!$BE:$BE),0),"UK",IFERROR(_xlfn.XLOOKUP(Summary!D12,UK_Order!$C:$C,UK_Order!$BE:$BE),0),"MENA",IFERROR(_xlfn.XLOOKUP(Summary!D12,MENA_Order!$C:$C,MENA_Order!$BE:$BE),0),Summary!AT12)} -> 24491 | U12: =IF($G$3="All",1,--($S12=$G$3)) -> 1 | V12: =IF($G$4="All",1,--(Summary!E12=$G$4)) -> 1 | Y12: =Summary!E13 -> Khapli protein atta 2kg
A13: Atta | B13: {=IFERROR(SUMPRODUCT(--($S$3:$S$70=$A13),$O$3:$O$70,$P$3:$P$70,$Q$3:$Q$70,$U$3:$U$70,$V$3:$V$70),"")} -> 61693 | C13: {=IFERROR(SUMPRODUCT(--($S$3:$S$70=$A13),$T$3:$T$70,$P$3:$P$70,$Q$3:$Q$70,$U$3:$U$70,$V$3:$V$70),"")} -> 50144 | D13: =IFERROR(C13/B13,"") -> 0.81279886 | E13: {=IFERROR(SUMPRODUCT(--($S$3:$S$70=$A13),--($R$3:$R$70<0),$P$3:$P$70,$Q$3:$Q$70,$U$3:$U$70,$V$3:$V$70),"")} | F13: {=IFERROR(SUMPRODUCT(--($S$3:$S$70=$A13),--(Summary!$BC$3:$BC$70="P1 – Critical"),--($R$3:$R$70<0),$P$3:$P$70,$Q$3:$Q$70,$U$3:$U$70,$V$3:$V$70),"")} | H13: MRP (Domestic) | I13: {=IFERROR(SUM(_xlfn._xlws.FILTER(Summary!$G$3:$G$70,(IF($C$3="All",Summary!$C$3:$C$70<>"",Summary!$C$3:$C$70=$C$3))*(IF($G$3="All",1,--(Summary!$B$3:$B$70=$G$3)))*(IF($G$4="All",1,--(Summary!$E$3:$E$70=$G$4))))),"")} -> 165993 | J13: =IFERROR(I13/SUM($I$13:$I$20),"") -> 0.94695677 | O13: {=_xlfn.SWITCH($C$4,"MRP (Domestic)",Summary!G13,"ROW Manjari",Summary!H13,"USA Sea",Summary!I13,"Amazon USA Sea",Summary!J13,"USA Air",Summary!K13,"USA Amazon",Summary!L13,"UK",Summary!M13,"MENA",Summary!N13,Summary!O13)} -> 24334 | P13: =--(Summary!B13<>"")*IF($C$3="All",1,--(Summary!C13=$C$3)) -> 1 | Q13: =IF($C$4="All",1,--(O13>0)) -> 1 | R13: =T13-O13 -> -12157 | S13: =Summary!B13 -> Atta | T13: {=_xlfn.SWITCH($C$4,"MRP (Domestic)",IFERROR(_xlfn.XLOOKUP(Summary!D13,Domestic!$C:$C,Domestic!$BE:$BE),0),"ROW Manjari",IFERROR(_xlfn.XLOOKUP(Summary!D13,ROW_Manjari!$C:$C,ROW_Manjari!$BE:$BE),0),"USA Sea",IFERROR(_xlfn.XLOOKUP(Summary!D13,USA_Sea!$C:$C,USA_Sea!$BE:$BE),0),"Amazon USA Sea",IFERROR(_xlfn.XLOOKUP(Summary!D13,Amazon_USA_Sea!$C:$C,Amazon_USA_Sea!$AX:$AX),0),"USA Air",IFERROR(_xlfn.XLOOKUP(Summary!D13,USA_Air!$C:$C,USA_Air!$BE:$BE),0),"USA Amazon",IFERROR(_xlfn.XLOOKUP(Summary!D13,USA_Amazon_Air!$C:$C,USA_Amazon_Air!$BE:$BE),0),"UK",IFERROR(_xlfn.XLOOKUP(Summary!D13,UK_Order!$C:$C,UK_Order!$BE:$BE),0),"MENA",IFERROR(_xlfn.XLOOKUP(Summary!D13,MENA_Order!$C:$C,MENA_Order!$BE:$BE),0),Summary!AT13)} -> 12177 | U13: =IF($G$3="All",1,--($S13=$G$3)) -> 1 | V13: =IF($G$4="All",1,--(Summary!E13=$G$4)) -> 1 | Y13: =Summary!E14 -> Khapli protein atta 5kg
A14: Honey | B14: {=IFERROR(SUMPRODUCT(--($S$3:$S$70=$A14),$O$3:$O$70,$P$3:$P$70,$Q$3:$Q$70,$U$3:$U$70,$V$3:$V$70),"")} -> 0 | C14: {=IFERROR(SUMPRODUCT(--($S$3:$S$70=$A14),$T$3:$T$70,$P$3:$P$70,$Q$3:$Q$70,$U$3:$U$70,$V$3:$V$70),"")} -> 0 | D14: =IFERROR(C14/B14,"") | E14: {=IFERROR(SUMPRODUCT(--($S$3:$S$70=$A14),--($R$3:$R$70<0),$P$3:$P$70,$Q$3:$Q$70,$U$3:$U$70,$V$3:$V$70),"")} | F14: {=IFERROR(SUMPRODUCT(--($S$3:$S$70=$A14),--(Summary!$BC$3:$BC$70="P1 – Critical"),--($R$3:$R$70<0),$P$3:$P$70,$Q$3:$Q$70,$U$3:$U$70,$V$3:$V$70),"")} | H14: ROW Manjari | I14: {=IFERROR(SUM(_xlfn._xlws.FILTER(Summary!$H$3:$H$70,(IF($C$3="All",Summary!$C$3:$C$70<>"",Summary!$C$3:$C$70=$C$3))*(IF($G$3="All",1,--(Summary!$B$3:$B$70=$G$3)))*(IF($G$4="All",1,--(Summary!$E$3:$E$70=$G$4))))),"")} -> 51 | J14: =IFERROR(I14/SUM($I$13:$I$20),"") -> 0.00029094477 | O14: {=_xlfn.SWITCH($C$4,"MRP (Domestic)",Summary!G14,"ROW Manjari",Summary!H14,"USA Sea",Summary!I14,"Amazon USA Sea",Summary!J14,"USA Air",Summary!K14,"USA Amazon",Summary!L14,"UK",Summary!M14,"MENA",Summary!N14,Summary!O14)} -> 8297 | P14: =--(Summary!B14<>"")*IF($C$3="All",1,--(Summary!C14=$C$3)) -> 1 | Q14: =IF($C$4="All",1,--(O14>0)) -> 1 | R14: =T14-O14 -> -2314 | S14: =Summary!B14 -> Atta | T14: {=_xlfn.SWITCH($C$4,"MRP (Domestic)",IFERROR(_xlfn.XLOOKUP(Summary!D14,Domestic!$C:$C,Domestic!$BE:$BE),0),"ROW Manjari",IFERROR(_xlfn.XLOOKUP(Summary!D14,ROW_Manjari!$C:$C,ROW_Manjari!$BE:$BE),0),"USA Sea",IFERROR(_xlfn.XLOOKUP(Summary!D14,USA_Sea!$C:$C,USA_Sea!$BE:$BE),0),"Amazon USA Sea",IFERROR(_xlfn.XLOOKUP(Summary!D14,Amazon_USA_Sea!$C:$C,Amazon_USA_Sea!$AX:$AX),0),"USA Air",IFERROR(_xlfn.XLOOKUP(Summary!D14,USA_Air!$C:$C,USA_Air!$BE:$BE),0),"USA Amazon",IFERROR(_xlfn.XLOOKUP(Summary!D14,USA_Amazon_Air!$C:$C,USA_Amazon_Air!$BE:$BE),0),"UK",IFERROR(_xlfn.XLOOKUP(Summary!D14,UK_Order!$C:$C,UK_Order!$BE:$BE),0),"MENA",IFERROR(_xlfn.XLOOKUP(Summary!D14,MENA_Order!$C:$C,MENA_Order!$BE:$BE),0),Summary!AT14)} -> 5983 | U14: =IF($G$3="All",1,--($S14=$G$3)) -> 1 | V14: =IF($G$4="All",1,--(Summary!E14=$G$4)) -> 1 | Y14: =Summary!E15 -> Khapli Multigrain atta- 1kg
A15: Jaggery | B15: {=IFERROR(SUMPRODUCT(--($S$3:$S$70=$A15),$O$3:$O$70,$P$3:$P$70,$Q$3:$Q$70,$U$3:$U$70,$V$3:$V$70),"")} -> 0 | C15: {=IFERROR(SUMPRODUCT(--($S$3:$S$70=$A15),$T$3:$T$70,$P$3:$P$70,$Q$3:$Q$70,$U$3:$U$70,$V$3:$V$70),"")} -> 0 | D15: =IFERROR(C15/B15,"") | E15: {=IFERROR(SUMPRODUCT(--($S$3:$S$70=$A15),--($R$3:$R$70<0),$P$3:$P$70,$Q$3:$Q$70,$U$3:$U$70,$V$3:$V$70),"")} | F15: {=IFERROR(SUMPRODUCT(--($S$3:$S$70=$A15),--(Summary!$BC$3:$BC$70="P1 – Critical"),--($R$3:$R$70<0),$P$3:$P$70,$Q$3:$Q$70,$U$3:$U$70,$V$3:$V$70),"")} | H15: USA Sea | I15: {=IFERROR(SUM(_xlfn._xlws.FILTER(Summary!$I$3:$I$70,(IF($C$3="All",Summary!$C$3:$C$70<>"",Summary!$C$3:$C$70=$C$3))*(IF($G$3="All",1,--(Summary!$B$3:$B$70=$G$3)))*(IF($G$4="All",1,--(Summary!$E$3:$E$70=$G$4))))),"")} -> 4500 | J15: =IFERROR(I15/SUM($I$13:$I$20),"") -> 0.025671598 | O15: {=_xlfn.SWITCH($C$4,"MRP (Domestic)",Summary!G15,"ROW Manjari",Summary!H15,"USA Sea",Summary!I15,"Amazon USA Sea",Summary!J15,"USA Air",Summary!K15,"USA Amazon",Summary!L15,"UK",Summary!M15,"MENA",Summary!N15,Summary!O15)} -> 95318 | P15: =--(Summary!B15<>"")*IF($C$3="All",1,--(Summary!C15=$C$3)) -> 0 | Q15: =IF($C$4="All",1,--(O15>0)) -> 1 | R15: =T15-O15 -> -25228 | S15: =Summary!B15 -> MG | T15: {=_xlfn.SWITCH($C$4,"MRP (Domestic)",IFERROR(_xlfn.XLOOKUP(Summary!D15,Domestic!$C:$C,Domestic!$BE:$BE),0),"ROW Manjari",IFERROR(_xlfn.XLOOKUP(Summary!D15,ROW_Manjari!$C:$C,ROW_Manjari!$BE:$BE),0),"USA Sea",IFERROR(_xlfn.XLOOKUP(Summary!D15,USA_Sea!$C:$C,USA_Sea!$BE:$BE),0),"Amazon USA Sea",IFERROR(_xlfn.XLOOKUP(Summary!D15,Amazon_USA_Sea!$C:$C,Amazon_USA_Sea!$AX:$AX),0),"USA Air",IFERROR(_xlfn.XLOOKUP(Summary!D15,USA_Air!$C:$C,USA_Air!$BE:$BE),0),"USA Amazon",IFERROR(_xlfn.XLOOKUP(Summary!D15,USA_Amazon_Air!$C:$C,USA_Amazon_Air!$BE:$BE),0),"UK",IFERROR(_xlfn.XLOOKUP(Summary!D15,UK_Order!$C:$C,UK_Order!$BE:$BE),0),"MENA",IFERROR(_xlfn.XLOOKUP(Summary!D15,MENA_Order!$C:$C,MENA_Order!$BE:$BE),0),Summary!AT15)} -> 70090 | U15: =IF($G$3="All",1,--($S15=$G$3)) -> 1 | V15: =IF($G$4="All",1,--(Summary!E15=$G$4)) -> 1 | Y15: =Summary!E16 -> Khapli Multigrain atta- 2kg
A16: MG | B16: {=IFERROR(SUMPRODUCT(--($S$3:$S$70=$A16),$O$3:$O$70,$P$3:$P$70,$Q$3:$Q$70,$U$3:$U$70,$V$3:$V$70),"")} -> 0 | C16: {=IFERROR(SUMPRODUCT(--($S$3:$S$70=$A16),$T$3:$T$70,$P$3:$P$70,$Q$3:$Q$70,$U$3:$U$70,$V$3:$V$70),"")} -> 0 | D16: =IFERROR(C16/B16,"") | E16: {=IFERROR(SUMPRODUCT(--($S$3:$S$70=$A16),--($R$3:$R$70<0),$P$3:$P$70,$Q$3:$Q$70,$U$3:$U$70,$V$3:$V$70),"")} | F16: {=IFERROR(SUMPRODUCT(--($S$3:$S$70=$A16),--(Summary!$BC$3:$BC$70="P1 – Critical"),--($R$3:$R$70<0),$P$3:$P$70,$Q$3:$Q$70,$U$3:$U$70,$V$3:$V$70),"")} | H16: Amazon USA Sea | I16: {=IFERROR(SUM(_xlfn._xlws.FILTER(Summary!$J$3:$J$70,(IF($C$3="All",Summary!$C$3:$C$70<>"",Summary!$C$3:$C$70=$C$3))*(IF($G$3="All",1,--(Summary!$B$3:$B$70=$G$3)))*(IF($G$4="All",1,--(Summary!$E$3:$E$70=$G$4))))),"")} -> 0 | J16: =IFERROR(I16/SUM($I$13:$I$20),"") -> 0 | O16: {=_xlfn.SWITCH($C$4,"MRP (Domestic)",Summary!G16,"ROW Manjari",Summary!H16,"USA Sea",Summary!I16,"Amazon USA Sea",Summary!J16,"USA Air",Summary!K16,"USA Amazon",Summary!L16,"UK",Summary!M16,"MENA",Summary!N16,Summary!O16)} -> 8510 | P16: =--(Summary!B16<>"")*IF($C$3="All",1,--(Summary!C16=$C$3)) -> 0 | Q16: =IF($C$4="All",1,--(O16>0)) -> 1 | R16: =T16-O16 -> 1363 | S16: =Summary!B16 -> MG | T16: {=_xlfn.SWITCH($C$4,"MRP (Domestic)",IFERROR(_xlfn.XLOOKUP(Summary!D16,Domestic!$C:$C,Domestic!$BE:$BE),0),"ROW Manjari",IFERROR(_xlfn.XLOOKUP(Summary!D16,ROW_Manjari!$C:$C,ROW_Manjari!$BE:$BE),0),"USA Sea",IFERROR(_xlfn.XLOOKUP(Summary!D16,USA_Sea!$C:$C,USA_Sea!$BE:$BE),0),"Amazon USA Sea",IFERROR(_xlfn.XLOOKUP(Summary!D16,Amazon_USA_Sea!$C:$C,Amazon_USA_Sea!$AX:$AX),0),"USA Air",IFERROR(_xlfn.XLOOKUP(Summary!D16,USA_Air!$C:$C,USA_Air!$BE:$BE),0),"USA Amazon",IFERROR(_xlfn.XLOOKUP(Summary!D16,USA_Amazon_Air!$C:$C,USA_Amazon_Air!$BE:$BE),0),"UK",IFERROR(_xlfn.XLOOKUP(Summary!D16,UK_Order!$C:$C,UK_Order!$BE:$BE),0),"MENA",IFERROR(_xlfn.XLOOKUP(Summary!D16,MENA_Order!$C:$C,MENA_Order!$BE:$BE),0),Summary!AT16)} -> 9873 | U16: =IF($G$3="All",1,--($S16=$G$3)) -> 1 | V16: =IF($G$4="All",1,--(Summary!E16=$G$4)) -> 1 | Y16: =Summary!E17 -> Khapli Multigrain atta- 5kg
A17: Oil | B17: {=IFERROR(SUMPRODUCT(--($S$3:$S$70=$A17),$O$3:$O$70,$P$3:$P$70,$Q$3:$Q$70,$U$3:$U$70,$V$3:$V$70),"")} -> 57687 | C17: {=IFERROR(SUMPRODUCT(--($S$3:$S$70=$A17),$T$3:$T$70,$P$3:$P$70,$Q$3:$Q$70,$U$3:$U$70,$V$3:$V$70),"")} -> 56535.8 | D17: =IFERROR(C17/B17,"") -> 0.98004403 | E17: {=IFERROR(SUMPRODUCT(--($S$3:$S$70=$A17),--($R$3:$R$70<0),$P$3:$P$70,$Q$3:$Q$70,$U$3:$U$70,$V$3:$V$70),"")} | F17: {=IFERROR(SUMPRODUCT(--($S$3:$S$70=$A17),--(Summary!$BC$3:$BC$70="P1 – Critical"),--($R$3:$R$70<0),$P$3:$P$70,$Q$3:$Q$70,$U$3:$U$70,$V$3:$V$70),"")} | H17: USA Air | I17: {=IFERROR(SUM(_xlfn._xlws.FILTER(Summary!$K$3:$K$70,(IF($C$3="All",Summary!$C$3:$C$70<>"",Summary!$C$3:$C$70=$C$3))*(IF($G$3="All",1,--(Summary!$B$3:$B$70=$G$3)))*(IF($G$4="All",1,--(Summary!$E$3:$E$70=$G$4))))),"")} -> 1866 | J17: =IFERROR(I17/SUM($I$13:$I$20),"") -> 0.010645156 | O17: {=_xlfn.SWITCH($C$4,"MRP (Domestic)",Summary!G17,"ROW Manjari",Summary!H17,"USA Sea",Summary!I17,"Amazon USA Sea",Summary!J17,"USA Air",Summary!K17,"USA Amazon",Summary!L17,"UK",Summary!M17,"MENA",Summary!N17,Summary!O17)} -> 29262 | P17: =--(Summary!B17<>"")*IF($C$3="All",1,--(Summary!C17=$C$3)) -> 0 | Q17: =IF($C$4="All",1,--(O17>0)) -> 1 | R17: =T17-O17 -> -13158 | S17: =Summary!B17 -> MG | T17: {=_xlfn.SWITCH($C$4,"MRP (Domestic)",IFERROR(_xlfn.XLOOKUP(Summary!D17,Domestic!$C:$C,Domestic!$BE:$BE),0),"ROW Manjari",IFERROR(_xlfn.XLOOKUP(Summary!D17,ROW_Manjari!$C:$C,ROW_Manjari!$BE:$BE),0),"USA Sea",IFERROR(_xlfn.XLOOKUP(Summary!D17,USA_Sea!$C:$C,USA_Sea!$BE:$BE),0),"Amazon USA Sea",IFERROR(_xlfn.XLOOKUP(Summary!D17,Amazon_USA_Sea!$C:$C,Amazon_USA_Sea!$AX:$AX),0),"USA Air",IFERROR(_xlfn.XLOOKUP(Summary!D17,USA_Air!$C:$C,USA_Air!$BE:$BE),0),"USA Amazon",IFERROR(_xlfn.XLOOKUP(Summary!D17,USA_Amazon_Air!$C:$C,USA_Amazon_Air!$BE:$BE),0),"UK",IFERROR(_xlfn.XLOOKUP(Summary!D17,UK_Order!$C:$C,UK_Order!$BE:$BE),0),"MENA",IFERROR(_xlfn.XLOOKUP(Summary!D17,MENA_Order!$C:$C,MENA_Order!$BE:$BE),0),Summary!AT17)} -> 16104 | U17: =IF($G$3="All",1,--($S17=$G$3)) -> 1 | V17: =IF($G$4="All",1,--(Summary!E17=$G$4)) -> 1 | Y17: =Summary!E18 -> Peanut Oil (Wood Pressed) - 1Ltr (Plastic Bottle)
A18: Raw_Agri | B18: {=IFERROR(SUMPRODUCT(--($S$3:$S$70=$A18),$O$3:$O$70,$P$3:$P$70,$Q$3:$Q$70,$U$3:$U$70,$V$3:$V$70),"")} -> 55191 | C18: {=IFERROR(SUMPRODUCT(--($S$3:$S$70=$A18),$T$3:$T$70,$P$3:$P$70,$Q$3:$Q$70,$U$3:$U$70,$V$3:$V$70),"")} -> 34066 | D18: =IFERROR(C18/B18,"") -> 0.61723832 | E18: {=IFERROR(SUMPRODUCT(--($S$3:$S$70=$A18),--($R$3:$R$70<0),$P$3:$P$70,$Q$3:$Q$70,$U$3:$U$70,$V$3:$V$70),"")} | F18: {=IFERROR(SUMPRODUCT(--($S$3:$S$70=$A18),--(Summary!$BC$3:$BC$70="P1 – Critical"),--($R$3:$R$70<0),$P$3:$P$70,$Q$3:$Q$70,$U$3:$U$70,$V$3:$V$70),"")} | H18: USA Amazon | I18: {=IFERROR(SUM(_xlfn._xlws.FILTER(Summary!$L$3:$L$70,(IF($C$3="All",Summary!$C$3:$C$70<>"",Summary!$C$3:$C$70=$C$3))*(IF($G$3="All",1,--(Summary!$B$3:$B$70=$G$3)))*(IF($G$4="All",1,--(Summary!$E$3:$E$70=$G$4))))),"")} -> 0 | J18: =IFERROR(I18/SUM($I$13:$I$20),"") -> 0 | O18: {=_xlfn.SWITCH($C$4,"MRP (Domestic)",Summary!G18,"ROW Manjari",Summary!H18,"USA Sea",Summary!I18,"Amazon USA Sea",Summary!J18,"USA Air",Summary!K18,"USA Amazon",Summary!L18,"UK",Summary!M18,"MENA",Summary!N18,Summary!O18)} -> 27662 | P18: =--(Summary!B18<>"")*IF($C$3="All",1,--(Summary!C18=$C$3)) -> 1 | Q18: =IF($C$4="All",1,--(O18>0)) -> 1 | R18: =T18-O18 -> 0 | S18: =Summary!B18 -> Oil | T18: {=_xlfn.SWITCH($C$4,"MRP (Domestic)",IFERROR(_xlfn.XLOOKUP(Summary!D18,Domestic!$C:$C,Domestic!$BE:$BE),0),"ROW Manjari",IFERROR(_xlfn.XLOOKUP(Summary!D18,ROW_Manjari!$C:$C,ROW_Manjari!$BE:$BE),0),"USA Sea",IFERROR(_xlfn.XLOOKUP(Summary!D18,USA_Sea!$C:$C,USA_Sea!$BE:$BE),0),"Amazon USA Sea",IFERROR(_xlfn.XLOOKUP(Summary!D18,Amazon_USA_Sea!$C:$C,Amazon_USA_Sea!$AX:$AX),0),"USA Air",IFERROR(_xlfn.XLOOKUP(Summary!D18,USA_Air!$C:$C,USA_Air!$BE:$BE),0),"USA Amazon",IFERROR(_xlfn.XLOOKUP(Summary!D18,USA_Amazon_Air!$C:$C,USA_Amazon_Air!$BE:$BE),0),"UK",IFERROR(_xlfn.XLOOKUP(Summary!D18,UK_Order!$C:$C,UK_Order!$BE:$BE),0),"MENA",IFERROR(_xlfn.XLOOKUP(Summary!D18,MENA_Order!$C:$C,MENA_Order!$BE:$BE),0),Summary!AT18)} -> 27662 | U18: =IF($G$3="All",1,--($S18=$G$3)) -> 1 | V18: =IF($G$4="All",1,--(Summary!E18=$G$4)) -> 1 | Y18: =Summary!E19 -> Peanut Oil (Wood Pressed) - 2Ltr (Tin Can)
H19: UK | I19: {=IFERROR(SUM(_xlfn._xlws.FILTER(Summary!$M$3:$M$70,(IF($C$3="All",Summary!$C$3:$C$70<>"",Summary!$C$3:$C$70=$C$3))*(IF($G$3="All",1,--(Summary!$B$3:$B$70=$G$3)))*(IF($G$4="All",1,--(Summary!$E$3:$E$70=$G$4))))),"")} -> 2881 | J19: =IFERROR(I19/SUM($I$13:$I$20),"") -> 0.016435527 | O19: {=_xlfn.SWITCH($C$4,"MRP (Domestic)",Summary!G19,"ROW Manjari",Summary!H19,"USA Sea",Summary!I19,"Amazon USA Sea",Summary!J19,"USA Air",Summary!K19,"USA Amazon",Summary!L19,"UK",Summary!M19,"MENA",Summary!N19,Summary!O19)} -> 1370 | P19: =--(Summary!B19<>"")*IF($C$3="All",1,--(Summary!C19=$C$3)) -> 1 | Q19: =IF($C$4="All",1,--(O19>0)) -> 1 | R19: =T19-O19 -> 0 | S19: =Summary!B19 -> Oil | T19: {=_xlfn.SWITCH($C$4,"MRP (Domestic)",IFERROR(_xlfn.XLOOKUP(Summary!D19,Domestic!$C:$C,Domestic!$BE:$BE),0),"ROW Manjari",IFERROR(_xlfn.XLOOKUP(Summary!D19,ROW_Manjari!$C:$C,ROW_Manjari!$BE:$BE),0),"USA Sea",IFERROR(_xlfn.XLOOKUP(Summary!D19,USA_Sea!$C:$C,USA_Sea!$BE:$BE),0),"Amazon USA Sea",IFERROR(_xlfn.XLOOKUP(Summary!D19,Amazon_USA_Sea!$C:$C,Amazon_USA_Sea!$AX:$AX),0),"USA Air",IFERROR(_xlfn.XLOOKUP(Summary!D19,USA_Air!$C:$C,USA_Air!$BE:$BE),0),"USA Amazon",IFERROR(_xlfn.XLOOKUP(Summary!D19,USA_Amazon_Air!$C:$C,USA_Amazon_Air!$BE:$BE),0),"UK",IFERROR(_xlfn.XLOOKUP(Summary!D19,UK_Order!$C:$C,UK_Order!$BE:$BE),0),"MENA",IFERROR(_xlfn.XLOOKUP(Summary!D19,MENA_Order!$C:$C,MENA_Order!$BE:$BE),0),Summary!AT19)} -> 1370 | U19: =IF($G$3="All",1,--($S19=$G$3)) -> 1 | V19: =IF($G$4="All",1,--(Summary!E19=$G$4)) -> 1 | Y19: =Summary!E20 -> Peanut Oil (Wood Pressed) - 5Ltr (Tin Can)
A20: KEY INSIGHTS | H20: MENA | I20: {=IFERROR(SUM(_xlfn._xlws.FILTER(Summary!$N$3:$N$70,(IF($C$3="All",Summary!$C$3:$C$70<>"",Summary!$C$3:$C$70=$C$3))*(IF($G$3="All",1,--(Summary!$B$3:$B$70=$G$3)))*(IF($G$4="All",1,--(Summary!$E$3:$E$70=$G$4))))),"")} -> 0 | J20: =IFERROR(I20/SUM($I$13:$I$20),"") -> 0 | O20: {=_xlfn.SWITCH($C$4,"MRP (Domestic)",Summary!G20,"ROW Manjari",Summary!H20,"USA Sea",Summary!I20,"Amazon USA Sea",Summary!J20,"USA Air",Summary!K20,"USA Amazon",Summary!L20,"UK",Summary!M20,"MENA",Summary!N20,Summary!O20)} -> 4519 | P20: =--(Summary!B20<>"")*IF($C$3="All",1,--(Summary!C20=$C$3)) -> 1 | Q20: =IF($C$4="All",1,--(O20>0)) -> 1 | R20: =T20-O20 -> 0 | S20: =Summary!B20 -> Oil | T20: {=_xlfn.SWITCH($C$4,"MRP (Domestic)",IFERROR(_xlfn.XLOOKUP(Summary!D20,Domestic!$C:$C,Domestic!$BE:$BE),0),"ROW Manjari",IFERROR(_xlfn.XLOOKUP(Summary!D20,ROW_Manjari!$C:$C,ROW_Manjari!$BE:$BE),0),"USA Sea",IFERROR(_xlfn.XLOOKUP(Summary!D20,USA_Sea!$C:$C,USA_Sea!$BE:$BE),0),"Amazon USA Sea",IFERROR(_xlfn.XLOOKUP(Summary!D20,Amazon_USA_Sea!$C:$C,Amazon_USA_Sea!$AX:$AX),0),"USA Air",IFERROR(_xlfn.XLOOKUP(Summary!D20,USA_Air!$C:$C,USA_Air!$BE:$BE),0),"USA Amazon",IFERROR(_xlfn.XLOOKUP(Summary!D20,USA_Amazon_Air!$C:$C,USA_Amazon_Air!$BE:$BE),0),"UK",IFERROR(_xlfn.XLOOKUP(Summary!D20,UK_Order!$C:$C,UK_Order!$BE:$BE),0),"MENA",IFERROR(_xlfn.XLOOKUP(Summary!D20,MENA_Order!$C:$C,MENA_Order!$BE:$BE),0),Summary!AT20)} -> 4519 | U20: =IF($G$3="All",1,--($S20=$G$3)) -> 1 | V20: =IF($G$4="All",1,--(Summary!E20=$G$4)) -> 1 | Y20: =Summary!E21 -> Coconut Oil (Wood-Pressed) - 1Ltr (Plastic Bottle)
A21: =IF($A$6="","No data for the current selection.","Overall fulfillment "&TEXT($E$6,"0%")&" — "&TEXT($G$6,"#,##0")&" packets pending across "&TEXT($I$6,"#,##0")&" SKUs.") -> Overall fulfillment 81% — packets pending across SKUs. | H21: Priority | I21: SKU Count | O21: {=_xlfn.SWITCH($C$4,"MRP (Domestic)",Summary!G21,"ROW Manjari",Summary!H21,"USA Sea",Summary!I21,"Amazon USA Sea",Summary!J21,"USA Air",Summary!K21,"USA Amazon",Summary!L21,"UK",Summary!M21,"MENA",Summary!N21,Summary!O21)} -> 2809 | P21: =--(Summary!B21<>"")*IF($C$3="All",1,--(Summary!C21=$C$3)) -> 1 | Q21: =IF($C$4="All",1,--(O21>0)) -> 1 | R21: =T21-O21 -> -223 | S21: =Summary!B21 -> Oil | T21: {=_xlfn.SWITCH($C$4,"MRP (Domestic)",IFERROR(_xlfn.XLOOKUP(Summary!D21,Domestic!$C:$C,Domestic!$BE:$BE),0),"ROW Manjari",IFERROR(_xlfn.XLOOKUP(Summary!D21,ROW_Manjari!$C:$C,ROW_Manjari!$BE:$BE),0),"USA Sea",IFERROR(_xlfn.XLOOKUP(Summary!D21,USA_Sea!$C:$C,USA_Sea!$BE:$BE),0),"Amazon USA Sea",IFERROR(_xlfn.XLOOKUP(Summary!D21,Amazon_USA_Sea!$C:$C,Amazon_USA_Sea!$AX:$AX),0),"USA Air",IFERROR(_xlfn.XLOOKUP(Summary!D21,USA_Air!$C:$C,USA_Air!$BE:$BE),0),"USA Amazon",IFERROR(_xlfn.XLOOKUP(Summary!D21,USA_Amazon_Air!$C:$C,USA_Amazon_Air!$BE:$BE),0),"UK",IFERROR(_xlfn.XLOOKUP(Summary!D21,UK_Order!$C:$C,UK_Order!$BE:$BE),0),"MENA",IFERROR(_xlfn.XLOOKUP(Summary!D21,MENA_Order!$C:$C,MENA_Order!$BE:$BE),0),Summary!AT21)} -> 2586 | U21: =IF($G$3="All",1,--($S21=$G$3)) -> 1 | V21: =IF($G$4="All",1,--(Summary!E21=$G$4)) -> 1 | Y21: =Summary!E22 -> Virgin Coconut Oil | Cold Pressed | Single Filtered - 400ml
A22: =IF($I$6="","",TEXT($K$6,"#,##0")&" of "&TEXT($I$6,"#,##0")&" pending SKUs are P1–Critical ("&IFERROR(TEXT($K$6/$I$6,"0%"),"0%")&" of pending).") | H22: P1 – Critical | I22: {=IFERROR(SUMPRODUCT(--(Summary!$BC$3:$BC$70=H22),--($R$3:$R$70<0),$P$3:$P$70,$Q$3:$Q$70,$U$3:$U$70,$V$3:$V$70),"")} | O22: {=_xlfn.SWITCH($C$4,"MRP (Domestic)",Summary!G22,"ROW Manjari",Summary!H22,"USA Sea",Summary!I22,"Amazon USA Sea",Summary!J22,"USA Air",Summary!K22,"USA Amazon",Summary!L22,"UK",Summary!M22,"MENA",Summary!N22,Summary!O22)} -> 517 | P22: =--(Summary!B22<>"")*IF($C$3="All",1,--(Summary!C22=$C$3)) -> 1 | Q22: =IF($C$4="All",1,--(O22>0)) -> 1 | R22: =T22-O22 -> 1840.8 | S22: =Summary!B22 -> Oil | T22: {=_xlfn.SWITCH($C$4,"MRP (Domestic)",IFERROR(_xlfn.XLOOKUP(Summary!D22,Domestic!$C:$C,Domestic!$BE:$BE),0),"ROW Manjari",IFERROR(_xlfn.XLOOKUP(Summary!D22,ROW_Manjari!$C:$C,ROW_Manjari!$BE:$BE),0),"USA Sea",IFERROR(_xlfn.XLOOKUP(Summary!D22,USA_Sea!$C:$C,USA_Sea!$BE:$BE),0),"Amazon USA Sea",IFERROR(_xlfn.XLOOKUP(Summary!D22,Amazon_USA_Sea!$C:$C,Amazon_USA_Sea!$AX:$AX),0),"USA Air",IFERROR(_xlfn.XLOOKUP(Summary!D22,USA_Air!$C:$C,USA_Air!$BE:$BE),0),"USA Amazon",IFERROR(_xlfn.XLOOKUP(Summary!D22,USA_Amazon_Air!$C:$C,USA_Amazon_Air!$BE:$BE),0),"UK",IFERROR(_xlfn.XLOOKUP(Summary!D22,UK_Order!$C:$C,UK_Order!$BE:$BE),0),"MENA",IFERROR(_xlfn.XLOOKUP(Summary!D22,MENA_Order!$C:$C,MENA_Order!$BE:$BE),0),Summary!AT22)} -> 2357.8 | U22: =IF($G$3="All",1,--($S22=$G$3)) -> 1 | V22: =IF($G$4="All",1,--(Summary!E22=$G$4)) -> 1 | Y22: =Summary!E23 -> Sunflower Oil 1L PB
A23: =IFERROR(IF($A$6="","","Biggest single gap: "&INDEX($D$28:$D$95,MATCH(MIN($G$28:$G$95),$G$28:$G$95,0))&" ("&INDEX($B$28:$B$95,MATCH(MIN($G$28:$G$95),$G$28:$G$95,0))&") — "&TEXT(-MIN($G$28:$G$95),"#,##0")&" pkt pending."),"") -> Biggest single gap: Khapli protein atta 2kg (Atta) — 12,157 pkt pending. | H23: P2 – High | I23: {=IFERROR(SUMPRODUCT(--(Summary!$BC$3:$BC$70=H23),--($R$3:$R$70<0),$P$3:$P$70,$Q$3:$Q$70,$U$3:$U$70,$V$3:$V$70),"")} | O23: {=_xlfn.SWITCH($C$4,"MRP (Domestic)",Summary!G23,"ROW Manjari",Summary!H23,"USA Sea",Summary!I23,"Amazon USA Sea",Summary!J23,"USA Air",Summary!K23,"USA Amazon",Summary!L23,"UK",Summary!M23,"MENA",Summary!N23,Summary!O23)} -> 13131 | P23: =--(Summary!B23<>"")*IF($C$3="All",1,--(Summary!C23=$C$3)) -> 1 | Q23: =IF($C$4="All",1,--(O23>0)) -> 1 | R23: =T23-O23 -> -3251 | S23: =Summary!B23 -> Oil | T23: {=_xlfn.SWITCH($C$4,"MRP (Domestic)",IFERROR(_xlfn.XLOOKUP(Summary!D23,Domestic!$C:$C,Domestic!$BE:$BE),0),"ROW Manjari",IFERROR(_xlfn.XLOOKUP(Summary!D23,ROW_Manjari!$C:$C,ROW_Manjari!$BE:$BE),0),"USA Sea",IFERROR(_xlfn.XLOOKUP(Summary!D23,USA_Sea!$C:$C,USA_Sea!$BE:$BE),0),"Amazon USA Sea",IFERROR(_xlfn.XLOOKUP(Summary!D23,Amazon_USA_Sea!$C:$C,Amazon_USA_Sea!$AX:$AX),0),"USA Air",IFERROR(_xlfn.XLOOKUP(Summary!D23,USA_Air!$C:$C,USA_Air!$BE:$BE),0),"USA Amazon",IFERROR(_xlfn.XLOOKUP(Summary!D23,USA_Amazon_Air!$C:$C,USA_Amazon_Air!$BE:$BE),0),"UK",IFERROR(_xlfn.XLOOKUP(Summary!D23,UK_Order!$C:$C,UK_Order!$BE:$BE),0),"MENA",IFERROR(_xlfn.XLOOKUP(Summary!D23,MENA_Order!$C:$C,MENA_Order!$BE:$BE),0),Summary!AT23)} -> 9880 | U23: =IF($G$3="All",1,--($S23=$G$3)) -> 1 | V23: =IF($G$4="All",1,--(Summary!E23=$G$4)) -> 1 | Y23: =Summary!E24 -> Black Mustard Oil - Plastic Bottle 1ltr
A24: {=IF($A$6="","","Sections at 0% fulfillment: "&TEXT(SUMPRODUCT(--($B$13:$B$18>0),--($C$13:$C$18=0)),"0")&" of 6.")} -> Sections at 0% fulfillment: 0 of 6. | H24: P3 – Normal | I24: {=IFERROR(SUMPRODUCT(--(Summary!$BC$3:$BC$70=H24),--($R$3:$R$70<0),$P$3:$P$70,$Q$3:$Q$70,$U$3:$U$70,$V$3:$V$70),"")} | O24: {=_xlfn.SWITCH($C$4,"MRP (Domestic)",Summary!G24,"ROW Manjari",Summary!H24,"USA Sea",Summary!I24,"Amazon USA Sea",Summary!J24,"USA Air",Summary!K24,"USA Amazon",Summary!L24,"UK",Summary!M24,"MENA",Summary!N24,Summary!O24)} -> 3805 | P24: =--(Summary!B24<>"")*IF($C$3="All",1,--(Summary!C24=$C$3)) -> 1 | Q24: =IF($C$4="All",1,--(O24>0)) -> 1 | R24: =T24-O24 -> 0 | S24: =Summary!B24 -> Oil | T24: {=_xlfn.SWITCH($C$4,"MRP (Domestic)",IFERROR(_xlfn.XLOOKUP(Summary!D24,Domestic!$C:$C,Domestic!$BE:$BE),0),"ROW Manjari",IFERROR(_xlfn.XLOOKUP(Summary!D24,ROW_Manjari!$C:$C,ROW_Manjari!$BE:$BE),0),"USA Sea",IFERROR(_xlfn.XLOOKUP(Summary!D24,USA_Sea!$C:$C,USA_Sea!$BE:$BE),0),"Amazon USA Sea",IFERROR(_xlfn.XLOOKUP(Summary!D24,Amazon_USA_Sea!$C:$C,Amazon_USA_Sea!$AX:$AX),0),"USA Air",IFERROR(_xlfn.XLOOKUP(Summary!D24,USA_Air!$C:$C,USA_Air!$BE:$BE),0),"USA Amazon",IFERROR(_xlfn.XLOOKUP(Summary!D24,USA_Amazon_Air!$C:$C,USA_Amazon_Air!$BE:$BE),0),"UK",IFERROR(_xlfn.XLOOKUP(Summary!D24,UK_Order!$C:$C,UK_Order!$BE:$BE),0),"MENA",IFERROR(_xlfn.XLOOKUP(Summary!D24,MENA_Order!$C:$C,MENA_Order!$BE:$BE),0),Summary!AT24)} -> 3805 | U24: =IF($G$3="All",1,--($S24=$G$3)) -> 1 | V24: =IF($G$4="All",1,--(Summary!E24=$G$4)) -> 1 | Y24: =Summary!E25 -> Black Mustard Oil - 5Ltr (Tin Can)
O25: {=_xlfn.SWITCH($C$4,"MRP (Domestic)",Summary!G25,"ROW Manjari",Summary!H25,"USA Sea",Summary!I25,"Amazon USA Sea",Summary!J25,"USA Air",Summary!K25,"USA Amazon",Summary!L25,"UK",Summary!M25,"MENA",Summary!N25,Summary!O25)} -> 3749 | P25: =--(Summary!B25<>"")*IF($C$3="All",1,--(Summary!C25=$C$3)) -> 1 | Q25: =IF($C$4="All",1,--(O25>0)) -> 1 | R25: =T25-O25 -> 0 | S25: =Summary!B25 -> Oil | T25: {=_xlfn.SWITCH($C$4,"MRP (Domestic)",IFERROR(_xlfn.XLOOKUP(Summary!D25,Domestic!$C:$C,Domestic!$BE:$BE),0),"ROW Manjari",IFERROR(_xlfn.XLOOKUP(Summary!D25,ROW_Manjari!$C:$C,ROW_Manjari!$BE:$BE),0),"USA Sea",IFERROR(_xlfn.XLOOKUP(Summary!D25,USA_Sea!$C:$C,USA_Sea!$BE:$BE),0),"Amazon USA Sea",IFERROR(_xlfn.XLOOKUP(Summary!D25,Amazon_USA_Sea!$C:$C,Amazon_USA_Sea!$AX:$AX),0),"USA Air",IFERROR(_xlfn.XLOOKUP(Summary!D25,USA_Air!$C:$C,USA_Air!$BE:$BE),0),"USA Amazon",IFERROR(_xlfn.XLOOKUP(Summary!D25,USA_Amazon_Air!$C:$C,USA_Amazon_Air!$BE:$BE),0),"UK",IFERROR(_xlfn.XLOOKUP(Summary!D25,UK_Order!$C:$C,UK_Order!$BE:$BE),0),"MENA",IFERROR(_xlfn.XLOOKUP(Summary!D25,MENA_Order!$C:$C,MENA_Order!$BE:$BE),0),Summary!AT25)} -> 3749 | U25: =IF($G$3="All",1,--($S25=$G$3)) -> 1 | V25: =IF($G$4="All",1,--(Summary!E25=$G$4)) -> 1 | Y25: =Summary!E26 -> Forest Honey I Multifloral - 350gm
A26: PENDING SKU DETAILS WITH REMARKS | O26: {=_xlfn.SWITCH($C$4,"MRP (Domestic)",Summary!G26,"ROW Manjari",Summary!H26,"USA Sea",Summary!I26,"Amazon USA Sea",Summary!J26,"USA Air",Summary!K26,"USA Amazon",Summary!L26,"UK",Summary!M26,"MENA",Summary!N26,Summary!O26)} -> 2871 | P26: =--(Summary!B26<>"")*IF($C$3="All",1,--(Summary!C26=$C$3)) -> 0 | Q26: =IF($C$4="All",1,--(O26>0)) -> 1 | R26: =T26-O26 -> 0 | S26: =Summary!B26 -> Honey | T26: {=_xlfn.SWITCH($C$4,"MRP (Domestic)",IFERROR(_xlfn.XLOOKUP(Summary!D26,Domestic!$C:$C,Domestic!$BE:$BE),0),"ROW Manjari",IFERROR(_xlfn.XLOOKUP(Summary!D26,ROW_Manjari!$C:$C,ROW_Manjari!$BE:$BE),0),"USA Sea",IFERROR(_xlfn.XLOOKUP(Summary!D26,USA_Sea!$C:$C,USA_Sea!$BE:$BE),0),"Amazon USA Sea",IFERROR(_xlfn.XLOOKUP(Summary!D26,Amazon_USA_Sea!$C:$C,Amazon_USA_Sea!$AX:$AX),0),"USA Air",IFERROR(_xlfn.XLOOKUP(Summary!D26,USA_Air!$C:$C,USA_Air!$BE:$BE),0),"USA Amazon",IFERROR(_xlfn.XLOOKUP(Summary!D26,USA_Amazon_Air!$C:$C,USA_Amazon_Air!$BE:$BE),0),"UK",IFERROR(_xlfn.XLOOKUP(Summary!D26,UK_Order!$C:$C,UK_Order!$BE:$BE),0),"MENA",IFERROR(_xlfn.XLOOKUP(Summary!D26,MENA_Order!$C:$C,MENA_Order!$BE:$BE),0),Summary!AT26)} -> 2871 | U26: =IF($G$3="All",1,--($S26=$G$3)) -> 1 | V26: =IF($G$4="All",1,--(Summary!E26=$G$4)) -> 1 | Y26: =Summary!E27 -> Forest Honey I Multifloral - 500gm
A27: Plant | B27: Section | C27: FG Code | D27: Product | E27: Plan | F27: Produced | G27: Pending PKT | H27: Fulfillment | I27: DOH | J27: Risk | K27: Priority | L27: Remark | O27: {=_xlfn.SWITCH($C$4,"MRP (Domestic)",Summary!G27,"ROW Manjari",Summary!H27,"USA Sea",Summary!I27,"Amazon USA Sea",Summary!J27,"USA Air",Summary!K27,"USA Amazon",Summary!L27,"UK",Summary!M27,"MENA",Summary!N27,Summary!O27)} | P27: =--(Summary!B27<>"")*IF($C$3="All",1,--(Summary!C27=$C$3)) -> 0 | Q27: =IF($C$4="All",1,--(O27>0)) -> 1 | R27: =T27-O27 -> #VALUE! | S27: =Summary!B27 -> Honey | T27: {=_xlfn.SWITCH($C$4,"MRP (Domestic)",IFERROR(_xlfn.XLOOKUP(Summary!D27,Domestic!$C:$C,Domestic!$BE:$BE),0),"ROW Manjari",IFERROR(_xlfn.XLOOKUP(Summary!D27,ROW_Manjari!$C:$C,ROW_Manjari!$BE:$BE),0),"USA Sea",IFERROR(_xlfn.XLOOKUP(Summary!D27,USA_Sea!$C:$C,USA_Sea!$BE:$BE),0),"Amazon USA Sea",IFERROR(_xlfn.XLOOKUP(Summary!D27,Amazon_USA_Sea!$C:$C,Amazon_USA_Sea!$AX:$AX),0),"USA Air",IFERROR(_xlfn.XLOOKUP(Summary!D27,USA_Air!$C:$C,USA_Air!$BE:$BE),0),"USA Amazon",IFERROR(_xlfn.XLOOKUP(Summary!D27,USA_Amazon_Air!$C:$C,USA_Amazon_Air!$BE:$BE),0),"UK",IFERROR(_xlfn.XLOOKUP(Summary!D27,UK_Order!$C:$C,UK_Order!$BE:$BE),0),"MENA",IFERROR(_xlfn.XLOOKUP(Summary!D27,MENA_Order!$C:$C,MENA_Order!$BE:$BE),0),Summary!AT27)} -> 2539 | U27: =IF($G$3="All",1,--($S27=$G$3)) -> 1 | V27: =IF($G$4="All",1,--(Summary!E27=$G$4)) -> 1 | Y27: =Summary!E28 -> Acacia Honey - 350 gm | Z27: P1 abs pend | AA27: abs pend
A28: {=IF($N28="","",INDEX(Summary!$C:$C,$N28))} -> C6 | B28: {=IF($N28="","",INDEX(Summary!$B:$B,$N28))} -> Atta | C28: {=IF($N28="","",INDEX(Summary!$D:$D,$N28))} -> FG00838 | D28: {=IF($N28="","",INDEX(Summary!$E:$E,$N28))} -> Jowar atta 500 | E28: {=IF($N28="","",INDEX($O:$O,$N28))} -> 11719 | F28: {=IF($N28="","",INDEX($T:$T,$N28))} -> 5624 | G28: {=IF($N28="","",INDEX($R:$R,$N28))} -> -6095 | H28: {=IF($N28="","",IFERROR(INDEX($T:$T,$N28)/INDEX($O:$O,$N28),""))} -> 0.47990443 | I28: {=IF($N28="","",INDEX(Summary!$BA:$BA,$N28))} -> 3.4021674 | J28: {=IF($N28="","",INDEX(Summary!$BB:$BB,$N28))} -> 10 | K28: {=IF($N28="","",INDEX(Summary!$BC:$BC,$N28))} -> P1 – Critical | L28: {=IF($N28="","",INDEX(Summary!$AY:$AY,$N28))} -> WIP | N28: {=IFERROR(_xlfn.AGGREGATE(15,6,ROW($R$3:$R$62)/(($R$3:$R$62<0)*$P$3:$P$62*$Q$3:$Q$62*$U$3:$U$62*$V$3:$V$62),ROWS($N$28:N28)),"")} -> 7 | O28: {=_xlfn.SWITCH($C$4,"MRP (Domestic)",Summary!G28,"ROW Manjari",Summary!H28,"USA Sea",Summary!I28,"Amazon USA Sea",Summary!J28,"USA Air",Summary!K28,"USA Amazon",Summary!L28,"UK",Summary!M28,"MENA",Summary!N28,Summary!O28)} -> 2845 | P28: =--(Summary!B28<>"")*IF($C$3="All",1,--(Summary!C28=$C$3)) -> 0 | Q28: =IF($C$4="All",1,--(O28>0)) -> 1 | R28: =T28-O28 -> 0 | S28: =Summary!B28 -> Honey | T28: {=_xlfn.SWITCH($C$4,"MRP (Domestic)",IFERROR(_xlfn.XLOOKUP(Summary!D28,Domestic!$C:$C,Domestic!$BE:$BE),0),"ROW Manjari",IFERROR(_xlfn.XLOOKUP(Summary!D28,ROW_Manjari!$C:$C,ROW_Manjari!$BE:$BE),0),"USA Sea",IFERROR(_xlfn.XLOOKUP(Summary!D28,USA_Sea!$C:$C,USA_Sea!$BE:$BE),0),"Amazon USA Sea",IFERROR(_xlfn.XLOOKUP(Summary!D28,Amazon_USA_Sea!$C:$C,Amazon_USA_Sea!$AX:$AX),0),"USA Air",IFERROR(_xlfn.XLOOKUP(Summary!D28,USA_Air!$C:$C,USA_Air!$BE:$BE),0),"USA Amazon",IFERROR(_xlfn.XLOOKUP(Summary!D28,USA_Amazon_Air!$C:$C,USA_Amazon_Air!$BE:$BE),0),"UK",IFERROR(_xlfn.XLOOKUP(Summary!D28,UK_Order!$C:$C,UK_Order!$BE:$BE),0),"MENA",IFERROR(_xlfn.XLOOKUP(Summary!D28,MENA_Order!$C:$C,MENA_Order!$BE:$BE),0),Summary!AT28)} -> 2845 | U28: =IF($G$3="All",1,--($S28=$G$3)) -> 1 | V28: =IF($G$4="All",1,--(Summary!E28=$G$4)) -> 1 | Y28: =Summary!E29 -> Khapli Atta (Stoneground) - 250gm | Z28: =IF(AND($G28<0,ISNUMBER(SEARCH("P1",$K28))),-$G28,"") -> 6095 | AA28: =IF($G28<0,-$G28,"") -> 6095
A29: {=IF($N29="","",INDEX(Summary!$C:$C,$N29))} -> C6 | B29: {=IF($N29="","",INDEX(Summary!$B:$B,$N29))} -> Atta | C29: {=IF($N29="","",INDEX(Summary!$D:$D,$N29))} -> FG00128 | D29: {=IF($N29="","",INDEX(Summary!$E:$E,$N29))} -> Jowar Atta (Stoneground) - 2kg | E29: {=IF($N29="","",INDEX($O:$O,$N29))} -> 3354 | F29: {=IF($N29="","",INDEX($T:$T,$N29))} -> 1574 | G29: {=IF($N29="","",INDEX($R:$R,$N29))} -> -1780 | H29: {=IF($N29="","",IFERROR(INDEX($T:$T,$N29)/INDEX($O:$O,$N29),""))} -> 0.4692904 | I29: {=IF($N29="","",INDEX(Summary!$BA:$BA,$N29))} -> 1.4221825 | J29: {=IF($N29="","",INDEX(Summary!$BB:$BB,$N29))} -> 10 | K29: {=IF($N29="","",INDEX(Summary!$BC:$BC,$N29))} -> P1 – Critical | L29: {=IF($N29="","",INDEX(Summary!$AY:$AY,$N29))} -> WIP | N29: {=IFERROR(_xlfn.AGGREGATE(15,6,ROW($R$3:$R$62)/(($R$3:$R$62<0)*$P$3:$P$62*$Q$3:$Q$62*$U$3:$U$62*$V$3:$V$62),ROWS($N$28:N29)),"")} -> 8 | O29: {=_xlfn.SWITCH($C$4,"MRP (Domestic)",Summary!G29,"ROW Manjari",Summary!H29,"USA Sea",Summary!I29,"Amazon USA Sea",Summary!J29,"USA Air",Summary!K29,"USA Amazon",Summary!L29,"UK",Summary!M29,"MENA",Summary!N29,Summary!O29)} | P29: =--(Summary!B29<>"")*IF($C$3="All",1,--(Summary!C29=$C$3)) -> 0 | Q29: =IF($C$4="All",1,--(O29>0)) -> 1 | R29: =T29-O29 -> #VALUE! | S29: =Summary!B29 -> Atta | T29: {=_xlfn.SWITCH($C$4,"MRP (Domestic)",IFERROR(_xlfn.XLOOKUP(Summary!D29,Domestic!$C:$C,Domestic!$BE:$BE),0),"ROW Manjari",IFERROR(_xlfn.XLOOKUP(Summary!D29,ROW_Manjari!$C:$C,ROW_Manjari!$BE:$BE),0),"USA Sea",IFERROR(_xlfn.XLOOKUP(Summary!D29,USA_Sea!$C:$C,USA_Sea!$BE:$BE),0),"Amazon USA Sea",IFERROR(_xlfn.XLOOKUP(Summary!D29,Amazon_USA_Sea!$C:$C,Amazon_USA_Sea!$AX:$AX),0),"USA Air",IFERROR(_xlfn.XLOOKUP(Summary!D29,USA_Air!$C:$C,USA_Air!$BE:$BE),0),"USA Amazon",IFERROR(_xlfn.XLOOKUP(Summary!D29,USA_Amazon_Air!$C:$C,USA_Amazon_Air!$BE:$BE),0),"UK",IFERROR(_xlfn.XLOOKUP(Summary!D29,UK_Order!$C:$C,UK_Order!$BE:$BE),0),"MENA",IFERROR(_xlfn.XLOOKUP(Summary!D29,MENA_Order!$C:$C,MENA_Order!$BE:$BE),0),Summary!AT29)} -> 75 | U29: =IF($G$3="All",1,--($S29=$G$3)) -> 1 | V29: =IF($G$4="All",1,--(Summary!E29=$G$4)) -> 1 | Y29: =Summary!E30 -> Jaggery powder (50g) | Z29: =IF(AND($G29<0,ISNUMBER(SEARCH("P1",$K29))),-$G29,"") -> 1780 | AA29: =IF($G29<0,-$G29,"") -> 1780
A30: {=IF($N30="","",INDEX(Summary!$C:$C,$N30))} -> C6 | B30: {=IF($N30="","",INDEX(Summary!$B:$B,$N30))} -> Atta | C30: {=IF($N30="","",INDEX(Summary!$D:$D,$N30))} -> USFG00128 | D30: {=IF($N30="","",INDEX(Summary!$E:$E,$N30))} -> Jowar atta 910g | E30: {=IF($N30="","",INDEX($O:$O,$N30))} -> 387 | F30: {=IF($N30="","",INDEX($T:$T,$N30))} -> 0 | G30: {=IF($N30="","",INDEX($R:$R,$N30))} -> -387 | H30: {=IF($N30="","",IFERROR(INDEX($T:$T,$N30)/INDEX($O:$O,$N30),""))} -> 0 | I30: {=IF($N30="","",INDEX(Summary!$BA:$BA,$N30))} -> 0 | J30: {=IF($N30="","",INDEX(Summary!$BB:$BB,$N30))} -> 0 | K30: {=IF($N30="","",INDEX(Summary!$BC:$BC,$N30))} | L30: {=IF($N30="","",INDEX(Summary!$AY:$AY,$N30))} -> 0 | N30: {=IFERROR(_xlfn.AGGREGATE(15,6,ROW($R$3:$R$62)/(($R$3:$R$62<0)*$P$3:$P$62*$Q$3:$Q$62*$U$3:$U$62*$V$3:$V$62),ROWS($N$28:N30)),"")} -> 11 | O30: {=_xlfn.SWITCH($C$4,"MRP (Domestic)",Summary!G30,"ROW Manjari",Summary!H30,"USA Sea",Summary!I30,"Amazon USA Sea",Summary!J30,"USA Air",Summary!K30,"USA Amazon",Summary!L30,"UK",Summary!M30,"MENA",Summary!N30,Summary!O30)} -> 0 | P30: =--(Summary!B30<>"")*IF($C$3="All",1,--(Summary!C30=$C$3)) -> 0 | Q30: =IF($C$4="All",1,--(O30>0)) -> 1 | R30: =T30-O30 -> 0 | S30: =Summary!B30 -> Jaggery | T30: {=_xlfn.SWITCH($C$4,"MRP (Domestic)",IFERROR(_xlfn.XLOOKUP(Summary!D30,Domestic!$C:$C,Domestic!$BE:$BE),0),"ROW Manjari",IFERROR(_xlfn.XLOOKUP(Summary!D30,ROW_Manjari!$C:$C,ROW_Manjari!$BE:$BE),0),"USA Sea",IFERROR(_xlfn.XLOOKUP(Summary!D30,USA_Sea!$C:$C,USA_Sea!$BE:$BE),0),"Amazon USA Sea",IFERROR(_xlfn.XLOOKUP(Summary!D30,Amazon_USA_Sea!$C:$C,Amazon_USA_Sea!$AX:$AX),0),"USA Air",IFERROR(_xlfn.XLOOKUP(Summary!D30,USA_Air!$C:$C,USA_Air!$BE:$BE),0),"USA Amazon",IFERROR(_xlfn.XLOOKUP(Summary!D30,USA_Amazon_Air!$C:$C,USA_Amazon_Air!$BE:$BE),0),"UK",IFERROR(_xlfn.XLOOKUP(Summary!D30,UK_Order!$C:$C,UK_Order!$BE:$BE),0),"MENA",IFERROR(_xlfn.XLOOKUP(Summary!D30,MENA_Order!$C:$C,MENA_Order!$BE:$BE),0),Summary!AT30)} -> 0 | U30: =IF($G$3="All",1,--($S30=$G$3)) -> 1 | V30: =IF($G$4="All",1,--(Summary!E30=$G$4)) -> 1 | Y30: =Summary!E31 -> Sugarcane Jaggery Block - 900 gm | Z30: =IF(AND($G30<0,ISNUMBER(SEARCH("P1",$K30))),-$G30,"") | AA30: =IF($G30<0,-$G30,"") -> 387
A31: {=IF($N31="","",INDEX(Summary!$C:$C,$N31))} -> C6 | B31: {=IF($N31="","",INDEX(Summary!$B:$B,$N31))} -> Atta | C31: {=IF($N31="","",INDEX(Summary!$D:$D,$N31))} -> FG01055 | D31: {=IF($N31="","",INDEX(Summary!$E:$E,$N31))} -> Khapli protein atta 2kg | E31: {=IF($N31="","",INDEX($O:$O,$N31))} -> 24334 | F31: {=IF($N31="","",INDEX($T:$T,$N31))} -> 12177 | G31: {=IF($N31="","",INDEX($R:$R,$N31))} -> -12157 | H31: {=IF($N31="","",IFERROR(INDEX($T:$T,$N31)/INDEX($O:$O,$N31),""))} -> 0.50041095 | I31: {=IF($N31="","",INDEX(Summary!$BA:$BA,$N31))} -> 3.2645681 | J31: {=IF($N31="","",INDEX(Summary!$BB:$BB,$N31))} -> 10 | K31: {=IF($N31="","",INDEX(Summary!$BC:$BC,$N31))} -> P1 – Critical | L31: {=IF($N31="","",INDEX(Summary!$AY:$AY,$N31))} -> WIP | N31: {=IFERROR(_xlfn.AGGREGATE(15,6,ROW($R$3:$R$62)/(($R$3:$R$62<0)*$P$3:$P$62*$Q$3:$Q$62*$U$3:$U$62*$V$3:$V$62),ROWS($N$28:N31)),"")} -> 13 | O31: {=_xlfn.SWITCH($C$4,"MRP (Domestic)",Summary!G31,"ROW Manjari",Summary!H31,"USA Sea",Summary!I31,"Amazon USA Sea",Summary!J31,"USA Air",Summary!K31,"USA Amazon",Summary!L31,"UK",Summary!M31,"MENA",Summary!N31,Summary!O31)} -> 10310 | P31: =--(Summary!B31<>"")*IF($C$3="All",1,--(Summary!C31=$C$3)) -> 0 | Q31: =IF($C$4="All",1,--(O31>0)) -> 1 | R31: =T31-O31 -> 2081.5 | S31: =Summary!B31 -> Jaggery | T31: {=_xlfn.SWITCH($C$4,"MRP (Domestic)",IFERROR(_xlfn.XLOOKUP(Summary!D31,Domestic!$C:$C,Domestic!$BE:$BE),0),"ROW Manjari",IFERROR(_xlfn.XLOOKUP(Summary!D31,ROW_Manjari!$C:$C,ROW_Manjari!$BE:$BE),0),"USA Sea",IFERROR(_xlfn.XLOOKUP(Summary!D31,USA_Sea!$C:$C,USA_Sea!$BE:$BE),0),"Amazon USA Sea",IFERROR(_xlfn.XLOOKUP(Summary!D31,Amazon_USA_Sea!$C:$C,Amazon_USA_Sea!$AX:$AX),0),"USA Air",IFERROR(_xlfn.XLOOKUP(Summary!D31,USA_Air!$C:$C,USA_Air!$BE:$BE),0),"USA Amazon",IFERROR(_xlfn.XLOOKUP(Summary!D31,USA_Amazon_Air!$C:$C,USA_Amazon_Air!$BE:$BE),0),"UK",IFERROR(_xlfn.XLOOKUP(Summary!D31,UK_Order!$C:$C,UK_Order!$BE:$BE),0),"MENA",IFERROR(_xlfn.XLOOKUP(Summary!D31,MENA_Order!$C:$C,MENA_Order!$BE:$BE),0),Summary!AT31)} -> 12391.5 | U31: =IF($G$3="All",1,--($S31=$G$3)) -> 1 | V31: =IF($G$4="All",1,--(Summary!E31=$G$4)) -> 1 | Y31: =Summary!E32 -> Sugarcane Jaggery Powder - 2kg | Z31: =IF(AND($G31<0,ISNUMBER(SEARCH("P1",$K31))),-$G31,"") -> 12157 | AA31: =IF($G31<0,-$G31,"") -> 12157
A32: {=IF($N32="","",INDEX(Summary!$C:$C,$N32))} -> C6 | B32: {=IF($N32="","",INDEX(Summary!$B:$B,$N32))} -> Atta | C32: {=IF($N32="","",INDEX(Summary!$D:$D,$N32))} -> FG01056 | D32: {=IF($N32="","",INDEX(Summary!$E:$E,$N32))} -> Khapli protein atta 5kg | E32: {=IF($N32="","",INDEX($O:$O,$N32))} -> 8297 | F32: {=IF($N32="","",INDEX($T:$T,$N32))} -> 5983 | G32: {=IF($N32="","",INDEX($R:$R,$N32))} -> -2314 | H32: {=IF($N32="","",IFERROR(INDEX($T:$T,$N32)/INDEX($O:$O,$N32),""))} -> 0.72110401 | I32: {=IF($N32="","",INDEX(Summary!$BA:$BA,$N32))} -> 4.4799325 | J32: {=IF($N32="","",INDEX(Summary!$BB:$BB,$N32))} -> 10 | K32: {=IF($N32="","",INDEX(Summary!$BC:$BC,$N32))} -> P1 – Critical | L32: {=IF($N32="","",INDEX(Summary!$AY:$AY,$N32))} -> WIP | N32: {=IFERROR(_xlfn.AGGREGATE(15,6,ROW($R$3:$R$62)/(($R$3:$R$62<0)*$P$3:$P$62*$Q$3:$Q$62*$U$3:$U$62*$V$3:$V$62),ROWS($N$28:N32)),"")} -> 14 | O32: {=_xlfn.SWITCH($C$4,"MRP (Domestic)",Summary!G32,"ROW Manjari",Summary!H32,"USA Sea",Summary!I32,"Amazon USA Sea",Summary!J32,"USA Air",Summary!K32,"USA Amazon",Summary!L32,"UK",Summary!M32,"MENA",Summary!N32,Summary!O32)} -> 1685 | P32: =--(Summary!B32<>"")*IF($C$3="All",1,--(Summary!C32=$C$3)) -> 0 | Q32: =IF($C$4="All",1,--(O32>0)) -> 1 | R32: =T32-O32 -> -221 | S32: =Summary!B32 -> Jaggery | T32: {=_xlfn.SWITCH($C$4,"MRP (Domestic)",IFERROR(_xlfn.XLOOKUP(Summary!D32,Domestic!$C:$C,Domestic!$BE:$BE),0),"ROW Manjari",IFERROR(_xlfn.XLOOKUP(Summary!D32,ROW_Manjari!$C:$C,ROW_Manjari!$BE:$BE),0),"USA Sea",IFERROR(_xlfn.XLOOKUP(Summary!D32,USA_Sea!$C:$C,USA_Sea!$BE:$BE),0),"Amazon USA Sea",IFERROR(_xlfn.XLOOKUP(Summary!D32,Amazon_USA_Sea!$C:$C,Amazon_USA_Sea!$AX:$AX),0),"USA Air",IFERROR(_xlfn.XLOOKUP(Summary!D32,USA_Air!$C:$C,USA_Air!$BE:$BE),0),"USA Amazon",IFERROR(_xlfn.XLOOKUP(Summary!D32,USA_Amazon_Air!$C:$C,USA_Amazon_Air!$BE:$BE),0),"UK",IFERROR(_xlfn.XLOOKUP(Summary!D32,UK_Order!$C:$C,UK_Order!$BE:$BE),0),"MENA",IFERROR(_xlfn.XLOOKUP(Summary!D32,MENA_Order!$C:$C,MENA_Order!$BE:$BE),0),Summary!AT32)} -> 1464 | U32: =IF($G$3="All",1,--($S32=$G$3)) -> 1 | V32: =IF($G$4="All",1,--(Summary!E32=$G$4)) -> 1 | Y32: =Summary!E33 -> Sugarcane Jaggery Powder - 500 gm
A33: {=IF($N33="","",INDEX(Summary!$C:$C,$N33))} -> C6 | B33: {=IF($N33="","",INDEX(Summary!$B:$B,$N33))} -> Oil | C33: {=IF($N33="","",INDEX(Summary!$D:$D,$N33))} -> FG00048 | D33: {=IF($N33="","",INDEX(Summary!$E:$E,$N33))} -> Coconut Oil (Wood-Pressed) - 1Ltr (Plastic Bottle) | E33: {=IF($N33="","",INDEX($O:$O,$N33))} -> 2809 | F33: {=IF($N33="","",INDEX($T:$T,$N33))} -> 2586 | G33: {=IF($N33="","",INDEX($R:$R,$N33))} -> -223 | H33: {=IF($N33="","",IFERROR(INDEX($T:$T,$N33)/INDEX($O:$O,$N33),""))} -> 0.92061232 | I33: {=IF($N33="","",INDEX(Summary!$BA:$BA,$N33))} -> 17.54717 | J33: {=IF($N33="","",INDEX(Summary!$BB:$BB,$N33))} -> 5 | K33: {=IF($N33="","",INDEX(Summary!$BC:$BC,$N33))} -> P3 – Normal | L33: {=IF($N33="","",INDEX(Summary!$AY:$AY,$N33))} -> WIP | N33: {=IFERROR(_xlfn.AGGREGATE(15,6,ROW($R$3:$R$62)/(($R$3:$R$62<0)*$P$3:$P$62*$Q$3:$Q$62*$U$3:$U$62*$V$3:$V$62),ROWS($N$28:N33)),"")} -> 21 | O33: {=_xlfn.SWITCH($C$4,"MRP (Domestic)",Summary!G33,"ROW Manjari",Summary!H33,"USA Sea",Summary!I33,"Amazon USA Sea",Summary!J33,"USA Air",Summary!K33,"USA Amazon",Summary!L33,"UK",Summary!M33,"MENA",Summary!N33,Summary!O33)} -> 14291 | P33: =--(Summary!B33<>"")*IF($C$3="All",1,--(Summary!C33=$C$3)) -> 0 | Q33: =IF($C$4="All",1,--(O33>0)) -> 1 | R33: =T33-O33 -> 5435 | S33: =Summary!B33 -> Jaggery | T33: {=_xlfn.SWITCH($C$4,"MRP (Domestic)",IFERROR(_xlfn.XLOOKUP(Summary!D33,Domestic!$C:$C,Domestic!$BE:$BE),0),"ROW Manjari",IFERROR(_xlfn.XLOOKUP(Summary!D33,ROW_Manjari!$C:$C,ROW_Manjari!$BE:$BE),0),"USA Sea",IFERROR(_xlfn.XLOOKUP(Summary!D33,USA_Sea!$C:$C,USA_Sea!$BE:$BE),0),"Amazon USA Sea",IFERROR(_xlfn.XLOOKUP(Summary!D33,Amazon_USA_Sea!$C:$C,Amazon_USA_Sea!$AX:$AX),0),"USA Air",IFERROR(_xlfn.XLOOKUP(Summary!D33,USA_Air!$C:$C,USA_Air!$BE:$BE),0),"USA Amazon",IFERROR(_xlfn.XLOOKUP(Summary!D33,USA_Amazon_Air!$C:$C,USA_Amazon_Air!$BE:$BE),0),"UK",IFERROR(_xlfn.XLOOKUP(Summary!D33,UK_Order!$C:$C,UK_Order!$BE:$BE),0),"MENA",IFERROR(_xlfn.XLOOKUP(Summary!D33,MENA_Order!$C:$C,MENA_Order!$BE:$BE),0),Summary!AT33)} -> 19726 | U33: =IF($G$3="All",1,--($S33=$G$3)) -> 1 | V33: =IF($G$4="All",1,--(Summary!E33=$G$4)) -> 1 | Y33: =Summary!E34 -> Moringa Powder - 100 gm
A34: {=IF($N34="","",INDEX(Summary!$C:$C,$N34))} -> C6 | B34: {=IF($N34="","",INDEX(Summary!$B:$B,$N34))} -> Oil | C34: {=IF($N34="","",INDEX(Summary!$D:$D,$N34))} -> FG00245 | D34: {=IF($N34="","",INDEX(Summary!$E:$E,$N34))} -> Sunflower Oil 1L PB | E34: {=IF($N34="","",INDEX($O:$O,$N34))} -> 13131 | F34: {=IF($N34="","",INDEX($T:$T,$N34))} -> 9880 | G34: {=IF($N34="","",INDEX($R:$R,$N34))} -> -3251 | H34: {=IF($N34="","",IFERROR(INDEX($T:$T,$N34)/INDEX($O:$O,$N34),""))} -> 0.75241794 | I34: {=IF($N34="","",INDEX(Summary!$BA:$BA,$N34))} -> 1.0463788 | J34: {=IF($N34="","",INDEX(Summary!$BB:$BB,$N34))} -> 10 | K34: {=IF($N34="","",INDEX(Summary!$BC:$BC,$N34))} -> P1 – Critical | L34: {=IF($N34="","",INDEX(Summary!$AY:$AY,$N34))} -> RM Issue | N34: {=IFERROR(_xlfn.AGGREGATE(15,6,ROW($R$3:$R$62)/(($R$3:$R$62<0)*$P$3:$P$62*$Q$3:$Q$62*$U$3:$U$62*$V$3:$V$62),ROWS($N$28:N34)),"")} -> 23 | O34: {=_xlfn.SWITCH($C$4,"MRP (Domestic)",Summary!G34,"ROW Manjari",Summary!H34,"USA Sea",Summary!I34,"Amazon USA Sea",Summary!J34,"USA Air",Summary!K34,"USA Amazon",Summary!L34,"UK",Summary!M34,"MENA",Summary!N34,Summary!O34)} -> 9613 | P34: =--(Summary!B34<>"")*IF($C$3="All",1,--(Summary!C34=$C$3)) -> 0 | Q34: =IF($C$4="All",1,--(O34>0)) -> 1 | R34: =T34-O34 -> -5755 | S34: =Summary!B34 -> Jaggery | T34: {=_xlfn.SWITCH($C$4,"MRP (Domestic)",IFERROR(_xlfn.XLOOKUP(Summary!D34,Domestic!$C:$C,Domestic!$BE:$BE),0),"ROW Manjari",IFERROR(_xlfn.XLOOKUP(Summary!D34,ROW_Manjari!$C:$C,ROW_Manjari!$BE:$BE),0),"USA Sea",IFERROR(_xlfn.XLOOKUP(Summary!D34,USA_Sea!$C:$C,USA_Sea!$BE:$BE),0),"Amazon USA Sea",IFERROR(_xlfn.XLOOKUP(Summary!D34,Amazon_USA_Sea!$C:$C,Amazon_USA_Sea!$AX:$AX),0),"USA Air",IFERROR(_xlfn.XLOOKUP(Summary!D34,USA_Air!$C:$C,USA_Air!$BE:$BE),0),"USA Amazon",IFERROR(_xlfn.XLOOKUP(Summary!D34,USA_Amazon_Air!$C:$C,USA_Amazon_Air!$BE:$BE),0),"UK",IFERROR(_xlfn.XLOOKUP(Summary!D34,UK_Order!$C:$C,UK_Order!$BE:$BE),0),"MENA",IFERROR(_xlfn.XLOOKUP(Summary!D34,MENA_Order!$C:$C,MENA_Order!$BE:$BE),0),Summary!AT34)} -> 3858 | U34: =IF($G$3="All",1,--($S34=$G$3)) -> 1 | V34: =IF($G$4="All",1,--(Summary!E34=$G$4)) -> 1 | Y34: =Summary!E35 -> Coconut Sap Sugar - 300gm
A35: {=IF($N35="","",INDEX(Summary!$C:$C,$N35))} -> C6 | B35: {=IF($N35="","",INDEX(Summary!$B:$B,$N35))} -> Raw_Agri | C35: {=IF($N35="","",INDEX(Summary!$D:$D,$N35))} -> FG00198 | D35: {=IF($N35="","",INDEX(Summary!$E:$E,$N35))} -> Pink Himalayan Rock Salt | E35: {=IF($N35="","",INDEX($O:$O,$N35))} -> 14017 | F35: {=IF($N35="","",INDEX($T:$T,$N35))} -> 9291 | G35: {=IF($N35="","",INDEX($R:$R,$N35))} -> -4726 | H35: {=IF($N35="","",IFERROR(INDEX($T:$T,$N35)/INDEX($O:$O,$N35),""))} -> 0.66283798 | I35: {=IF($N35="","",INDEX(Summary!$BA:$BA,$N35))} -> 4.1820646 | J35: {=IF($N35="","",INDEX(Summary!$BB:$BB,$N35))} -> 10 | K35: {=IF($N35="","",INDEX(Summary!$BC:$BC,$N35))} -> P1 – Critical | L35: {=IF($N35="","",INDEX(Summary!$AY:$AY,$N35))} -> PM NA | N35: {=IFERROR(_xlfn.AGGREGATE(15,6,ROW($R$3:$R$62)/(($R$3:$R$62<0)*$P$3:$P$62*$Q$3:$Q$62*$U$3:$U$62*$V$3:$V$62),ROWS($N$28:N35)),"")} -> 47 | O35: {=_xlfn.SWITCH($C$4,"MRP (Domestic)",Summary!G35,"ROW Manjari",Summary!H35,"USA Sea",Summary!I35,"Amazon USA Sea",Summary!J35,"USA Air",Summary!K35,"USA Amazon",Summary!L35,"UK",Summary!M35,"MENA",Summary!N35,Summary!O35)} | P35: =--(Summary!B35<>"")*IF($C$3="All",1,--(Summary!C35=$C$3)) -> 0 | Q35: =IF($C$4="All",1,--(O35>0)) -> 1 | R35: =T35-O35 -> #VALUE! | S35: =Summary!B35 -> Jaggery | T35: {=_xlfn.SWITCH($C$4,"MRP (Domestic)",IFERROR(_xlfn.XLOOKUP(Summary!D35,Domestic!$C:$C,Domestic!$BE:$BE),0),"ROW Manjari",IFERROR(_xlfn.XLOOKUP(Summary!D35,ROW_Manjari!$C:$C,ROW_Manjari!$BE:$BE),0),"USA Sea",IFERROR(_xlfn.XLOOKUP(Summary!D35,USA_Sea!$C:$C,USA_Sea!$BE:$BE),0),"Amazon USA Sea",IFERROR(_xlfn.XLOOKUP(Summary!D35,Amazon_USA_Sea!$C:$C,Amazon_USA_Sea!$AX:$AX),0),"USA Air",IFERROR(_xlfn.XLOOKUP(Summary!D35,USA_Air!$C:$C,USA_Air!$BE:$BE),0),"USA Amazon",IFERROR(_xlfn.XLOOKUP(Summary!D35,USA_Amazon_Air!$C:$C,USA_Amazon_Air!$BE:$BE),0),"UK",IFERROR(_xlfn.XLOOKUP(Summary!D35,UK_Order!$C:$C,UK_Order!$BE:$BE),0),"MENA",IFERROR(_xlfn.XLOOKUP(Summary!D35,MENA_Order!$C:$C,MENA_Order!$BE:$BE),0),Summary!AT35)} -> 1290.5 | U35: =IF($G$3="All",1,--($S35=$G$3)) -> 1 | V35: =IF($G$4="All",1,--(Summary!E35=$G$4)) -> 1 | Y35: =Summary!E36 -> Selam Haldi - 100 gm
A36: {=IF($N36="","",INDEX(Summary!$C:$C,$N36))} -> C6 | B36: {=IF($N36="","",INDEX(Summary!$B:$B,$N36))} -> Raw_Agri | C36: {=IF($N36="","",INDEX(Summary!$D:$D,$N36))} -> FG00240 | D36: {=IF($N36="","",INDEX(Summary!$E:$E,$N36))} -> Stony Ambemohar Rice (Unpolished) - 1kg | E36: {=IF($N36="","",INDEX($O:$O,$N36))} -> 2795 | F36: {=IF($N36="","",INDEX($T:$T,$N36))} -> 2528 | G36: {=IF($N36="","",INDEX($R:$R,$N36))} -> -267 | H36: {=IF($N36="","",IFERROR(INDEX($T:$T,$N36)/INDEX($O:$O,$N36),""))} -> 0.90447227 | I36: {=IF($N36="","",INDEX(Summary!$BA:$BA,$N36))} -> 11.398927 | J36: {=IF($N36="","",INDEX(Summary!$BB:$BB,$N36))} -> 5 | K36: {=IF($N36="","",INDEX(Summary!$BC:$BC,$N36))} -> P3 – Normal | L36: {=IF($N36="","",INDEX(Summary!$AY:$AY,$N36))} -> wip | N36: {=IFERROR(_xlfn.AGGREGATE(15,6,ROW($R$3:$R$62)/(($R$3:$R$62<0)*$P$3:$P$62*$Q$3:$Q$62*$U$3:$U$62*$V$3:$V$62),ROWS($N$28:N36)),"")} -> 52 | O36: {=_xlfn.SWITCH($C$4,"MRP (Domestic)",Summary!G36,"ROW Manjari",Summary!H36,"USA Sea",Summary!I36,"Amazon USA Sea",Summary!J36,"USA Air",Summary!K36,"USA Amazon",Summary!L36,"UK",Summary!M36,"MENA",Summary!N36,Summary!O36)} | P36: =--(Summary!B36<>"")*IF($C$3="All",1,--(Summary!C36=$C$3)) -> 0 | Q36: =IF($C$4="All",1,--(O36>0)) -> 1 | R36: =T36-O36 -> #VALUE! | S36: =Summary!B36 -> Jaggery | T36: {=_xlfn.SWITCH($C$4,"MRP (Domestic)",IFERROR(_xlfn.XLOOKUP(Summary!D36,Domestic!$C:$C,Domestic!$BE:$BE),0),"ROW Manjari",IFERROR(_xlfn.XLOOKUP(Summary!D36,ROW_Manjari!$C:$C,ROW_Manjari!$BE:$BE),0),"USA Sea",IFERROR(_xlfn.XLOOKUP(Summary!D36,USA_Sea!$C:$C,USA_Sea!$BE:$BE),0),"Amazon USA Sea",IFERROR(_xlfn.XLOOKUP(Summary!D36,Amazon_USA_Sea!$C:$C,Amazon_USA_Sea!$AX:$AX),0),"USA Air",IFERROR(_xlfn.XLOOKUP(Summary!D36,USA_Air!$C:$C,USA_Air!$BE:$BE),0),"USA Amazon",IFERROR(_xlfn.XLOOKUP(Summary!D36,USA_Amazon_Air!$C:$C,USA_Amazon_Air!$BE:$BE),0),"UK",IFERROR(_xlfn.XLOOKUP(Summary!D36,UK_Order!$C:$C,UK_Order!$BE:$BE),0),"MENA",IFERROR(_xlfn.XLOOKUP(Summary!D36,MENA_Order!$C:$C,MENA_Order!$BE:$BE),0),Summary!AT36)} -> 3977.5 | U36: =IF($G$3="All",1,--($S36=$G$3)) -> 1 | V36: =IF($G$4="All",1,--(Summary!E36=$G$4)) -> 1 | Y36: =Summary!E37 -> Lakadong Turmeric Powder 150g
A37: {=IF($N37="","",INDEX(Summary!$C:$C,$N37))} -> C6 | B37: {=IF($N37="","",INDEX(Summary!$B:$B,$N37))} -> Raw_Agri | C37: {=IF($N37="","",INDEX(Summary!$D:$D,$N37))} -> FG00274 | D37: {=IF($N37="","",INDEX(Summary!$E:$E,$N37))} -> Waghya Rajma (Kidney Beans), 500gm | E37: {=IF($N37="","",INDEX($O:$O,$N37))} -> 3127 | F37: {=IF($N37="","",INDEX($T:$T,$N37))} -> 706 | G37: {=IF($N37="","",INDEX($R:$R,$N37))} -> -2421 | H37: {=IF($N37="","",IFERROR(INDEX($T:$T,$N37)/INDEX($O:$O,$N37),""))} -> 0.2257755 | I37: {=IF($N37="","",INDEX(Summary!$BA:$BA,$N37))} -> 2.7630317 | J37: {=IF($N37="","",INDEX(Summary!$BB:$BB,$N37))} -> 10 | K37: {=IF($N37="","",INDEX(Summary!$BC:$BC,$N37))} -> P1 – Critical | L37: {=IF($N37="","",INDEX(Summary!$AY:$AY,$N37))} -> vaccume bags NA | N37: {=IFERROR(_xlfn.AGGREGATE(15,6,ROW($R$3:$R$62)/(($R$3:$R$62<0)*$P$3:$P$62*$Q$3:$Q$62*$U$3:$U$62*$V$3:$V$62),ROWS($N$28:N37)),"")} -> 53 | O37: {=_xlfn.SWITCH($C$4,"MRP (Domestic)",Summary!G37,"ROW Manjari",Summary!H37,"USA Sea",Summary!I37,"Amazon USA Sea",Summary!J37,"USA Air",Summary!K37,"USA Amazon",Summary!L37,"UK",Summary!M37,"MENA",Summary!N37,Summary!O37)} | P37: =--(Summary!B37<>"")*IF($C$3="All",1,--(Summary!C37=$C$3)) -> 0 | Q37: =IF($C$4="All",1,--(O37>0)) -> 1 | R37: =T37-O37 -> #VALUE! | S37: =Summary!B37 -> Jaggery | T37: {=_xlfn.SWITCH($C$4,"MRP (Domestic)",IFERROR(_xlfn.XLOOKUP(Summary!D37,Domestic!$C:$C,Domestic!$BE:$BE),0),"ROW Manjari",IFERROR(_xlfn.XLOOKUP(Summary!D37,ROW_Manjari!$C:$C,ROW_Manjari!$BE:$BE),0),"USA Sea",IFERROR(_xlfn.XLOOKUP(Summary!D37,USA_Sea!$C:$C,USA_Sea!$BE:$BE),0),"Amazon USA Sea",IFERROR(_xlfn.XLOOKUP(Summary!D37,Amazon_USA_Sea!$C:$C,Amazon_USA_Sea!$AX:$AX),0),"USA Air",IFERROR(_xlfn.XLOOKUP(Summary!D37,USA_Air!$C:$C,USA_Air!$BE:$BE),0),"USA Amazon",IFERROR(_xlfn.XLOOKUP(Summary!D37,USA_Amazon_Air!$C:$C,USA_Amazon_Air!$BE:$BE),0),"UK",IFERROR(_xlfn.XLOOKUP(Summary!D37,UK_Order!$C:$C,UK_Order!$BE:$BE),0),"MENA",IFERROR(_xlfn.XLOOKUP(Summary!D37,MENA_Order!$C:$C,MENA_Order!$BE:$BE),0),Summary!AT37)} -> 79.75 | U37: =IF($G$3="All",1,--($S37=$G$3)) -> 1 | V37: =IF($G$4="All",1,--(Summary!E37=$G$4)) -> 1 | Y37: =Summary!E38 -> Byadgi Chilli Powder - 150g
A38: {=IF($N38="","",INDEX(Summary!$C:$C,$N38))} -> C6 | B38: {=IF($N38="","",INDEX(Summary!$B:$B,$N38))} -> Raw_Agri | C38: {=IF($N38="","",INDEX(Summary!$D:$D,$N38))} -> FG00278 | D38: {=IF($N38="","",INDEX(Summary!$E:$E,$N38))} -> Whole Green Gram Moong 500gm | E38: {=IF($N38="","",INDEX($O:$O,$N38))} -> 3264 | F38: {=IF($N38="","",INDEX($T:$T,$N38))} -> 961 | G38: {=IF($N38="","",INDEX($R:$R,$N38))} -> -2303 | H38: {=IF($N38="","",IFERROR(INDEX($T:$T,$N38)/INDEX($O:$O,$N38),""))} -> 0.29442402 | I38: {=IF($N38="","",INDEX(Summary!$BA:$BA,$N38))} -> 1.40625 | J38: {=IF($N38="","",INDEX(Summary!$BB:$BB,$N38))} -> 10 | K38: {=IF($N38="","",INDEX(Summary!$BC:$BC,$N38))} -> P1 – Critical | L38: {=IF($N38="","",INDEX(Summary!$AY:$AY,$N38))} -> WIP | N38: {=IFERROR(_xlfn.AGGREGATE(15,6,ROW($R$3:$R$62)/(($R$3:$R$62<0)*$P$3:$P$62*$Q$3:$Q$62*$U$3:$U$62*$V$3:$V$62),ROWS($N$28:N38)),"")} -> 54 | O38: {=_xlfn.SWITCH($C$4,"MRP (Domestic)",Summary!G38,"ROW Manjari",Summary!H38,"USA Sea",Summary!I38,"Amazon USA Sea",Summary!J38,"USA Air",Summary!K38,"USA Amazon",Summary!L38,"UK",Summary!M38,"MENA",Summary!N38,Summary!O38)} | P38: =--(Summary!B38<>"")*IF($C$3="All",1,--(Summary!C38=$C$3)) -> 0 | Q38: =IF($C$4="All",1,--(O38>0)) -> 1 | R38: =T38-O38 -> #VALUE! | S38: =Summary!B38 -> Jaggery | T38: {=_xlfn.SWITCH($C$4,"MRP (Domestic)",IFERROR(_xlfn.XLOOKUP(Summary!D38,Domestic!$C:$C,Domestic!$BE:$BE),0),"ROW Manjari",IFERROR(_xlfn.XLOOKUP(Summary!D38,ROW_Manjari!$C:$C,ROW_Manjari!$BE:$BE),0),"USA Sea",IFERROR(_xlfn.XLOOKUP(Summary!D38,USA_Sea!$C:$C,USA_Sea!$BE:$BE),0),"Amazon USA Sea",IFERROR(_xlfn.XLOOKUP(Summary!D38,Amazon_USA_Sea!$C:$C,Amazon_USA_Sea!$AX:$AX),0),"USA Air",IFERROR(_xlfn.XLOOKUP(Summary!D38,USA_Air!$C:$C,USA_Air!$BE:$BE),0),"USA Amazon",IFERROR(_xlfn.XLOOKUP(Summary!D38,USA_Amazon_Air!$C:$C,USA_Amazon_Air!$BE:$BE),0),"UK",IFERROR(_xlfn.XLOOKUP(Summary!D38,UK_Order!$C:$C,UK_Order!$BE:$BE),0),"MENA",IFERROR(_xlfn.XLOOKUP(Summary!D38,MENA_Order!$C:$C,MENA_Order!$BE:$BE),0),Summary!AT38)} -> 3540.2 | U38: =IF($G$3="All",1,--($S38=$G$3)) -> 1 | V38: =IF($G$4="All",1,--(Summary!E38=$G$4)) -> 1 | Y38: =Summary!E39 -> Golden Milk Powder - 200 Gm
A39: {=IF($N39="","",INDEX(Summary!$C:$C,$N39))} -> C6 | B39: {=IF($N39="","",INDEX(Summary!$B:$B,$N39))} -> Raw_Agri | C39: {=IF($N39="","",INDEX(Summary!$D:$D,$N39))} -> FG00289 | D39: {=IF($N39="","",INDEX(Summary!$E:$E,$N39))} -> Whole Cashew Nuts - 250gm | E39: {=IF($N39="","",INDEX($O:$O,$N39))} -> 607 | F39: {=IF($N39="","",INDEX($T:$T,$N39))} -> 327 | G39: {=IF($N39="","",INDEX($R:$R,$N39))} -> -280 | H39: {=IF($N39="","",IFERROR(INDEX($T:$T,$N39)/INDEX($O:$O,$N39),""))} -> 0.53871499 | I39: {=IF($N39="","",INDEX(Summary!$BA:$BA,$N39))} -> 8.15486 | J39: {=IF($N39="","",INDEX(Summary!$BB:$BB,$N39))} -> 7 | K39: {=IF($N39="","",INDEX(Summary!$BC:$BC,$N39))} -> P2 – High | L39: {=IF($N39="","",INDEX(Summary!$AY:$AY,$N39))} -> PM NA TBIF STICKER | N39: {=IFERROR(_xlfn.AGGREGATE(15,6,ROW($R$3:$R$62)/(($R$3:$R$62<0)*$P$3:$P$62*$Q$3:$Q$62*$U$3:$U$62*$V$3:$V$62),ROWS($N$28:N39)),"")} -> 55 | O39: {=_xlfn.SWITCH($C$4,"MRP (Domestic)",Summary!G39,"ROW Manjari",Summary!H39,"USA Sea",Summary!I39,"Amazon USA Sea",Summary!J39,"USA Air",Summary!K39,"USA Amazon",Summary!L39,"UK",Summary!M39,"MENA",Summary!N39,Summary!O39)} | P39: =--(Summary!B39<>"")*IF($C$3="All",1,--(Summary!C39=$C$3)) -> 0 | Q39: =IF($C$4="All",1,--(O39>0)) -> 1 | R39: =T39-O39 -> #VALUE! | S39: =Summary!B39 -> Jaggery | T39: {=_xlfn.SWITCH($C$4,"MRP (Domestic)",IFERROR(_xlfn.XLOOKUP(Summary!D39,Domestic!$C:$C,Domestic!$BE:$BE),0),"ROW Manjari",IFERROR(_xlfn.XLOOKUP(Summary!D39,ROW_Manjari!$C:$C,ROW_Manjari!$BE:$BE),0),"USA Sea",IFERROR(_xlfn.XLOOKUP(Summary!D39,USA_Sea!$C:$C,USA_Sea!$BE:$BE),0),"Amazon USA Sea",IFERROR(_xlfn.XLOOKUP(Summary!D39,Amazon_USA_Sea!$C:$C,Amazon_USA_Sea!$AX:$AX),0),"USA Air",IFERROR(_xlfn.XLOOKUP(Summary!D39,USA_Air!$C:$C,USA_Air!$BE:$BE),0),"USA Amazon",IFERROR(_xlfn.XLOOKUP(Summary!D39,USA_Amazon_Air!$C:$C,USA_Amazon_Air!$BE:$BE),0),"UK",IFERROR(_xlfn.XLOOKUP(Summary!D39,UK_Order!$C:$C,UK_Order!$BE:$BE),0),"MENA",IFERROR(_xlfn.XLOOKUP(Summary!D39,MENA_Order!$C:$C,MENA_Order!$BE:$BE),0),Summary!AT39)} -> 1405.6 | U39: =IF($G$3="All",1,--($S39=$G$3)) -> 1 | V39: =IF($G$4="All",1,--(Summary!E39=$G$4)) -> 1 | Y39: =Summary!E40 -> Single Origin Kashmiri Mongra Saffron
A40: {=IF($N40="","",INDEX(Summary!$C:$C,$N40))} -> C6 | B40: {=IF($N40="","",INDEX(Summary!$B:$B,$N40))} -> Raw_Agri | C40: {=IF($N40="","",INDEX(Summary!$D:$D,$N40))} -> FG00932 | D40: {=IF($N40="","",INDEX(Summary!$E:$E,$N40))} -> kalanamak rice 1kg | E40: {=IF($N40="","",INDEX($O:$O,$N40))} -> 11681 | F40: {=IF($N40="","",INDEX($T:$T,$N40))} -> 6905 | G40: {=IF($N40="","",INDEX($R:$R,$N40))} -> -4776 | H40: {=IF($N40="","",IFERROR(INDEX($T:$T,$N40)/INDEX($O:$O,$N40),""))} -> 0.5911309 | I40: {=IF($N40="","",INDEX(Summary!$BA:$BA,$N40))} -> 9.849328 | J40: {=IF($N40="","",INDEX(Summary!$BB:$BB,$N40))} -> 7 | K40: {=IF($N40="","",INDEX(Summary!$BC:$BC,$N40))} -> P2 – High | L40: {=IF($N40="","",INDEX(Summary!$AY:$AY,$N40))} -> RM NA | N40: {=IFERROR(_xlfn.AGGREGATE(15,6,ROW($R$3:$R$62)/(($R$3:$R$62<0)*$P$3:$P$62*$Q$3:$Q$62*$U$3:$U$62*$V$3:$V$62),ROWS($N$28:N40)),"")} -> 57 | O40: {=_xlfn.SWITCH($C$4,"MRP (Domestic)",Summary!G40,"ROW Manjari",Summary!H40,"USA Sea",Summary!I40,"Amazon USA Sea",Summary!J40,"USA Air",Summary!K40,"USA Amazon",Summary!L40,"UK",Summary!M40,"MENA",Summary!N40,Summary!O40)} -> 4357 | P40: =--(Summary!B40<>"")*IF($C$3="All",1,--(Summary!C40=$C$3)) -> 0 | Q40: =IF($C$4="All",1,--(O40>0)) -> 1 | R40: =T40-O40 -> 87.374 | S40: =Summary!B40 -> Raw_Agri | T40: {=_xlfn.SWITCH($C$4,"MRP (Domestic)",IFERROR(_xlfn.XLOOKUP(Summary!D40,Domestic!$C:$C,Domestic!$BE:$BE),0),"ROW Manjari",IFERROR(_xlfn.XLOOKUP(Summary!D40,ROW_Manjari!$C:$C,ROW_Manjari!$BE:$BE),0),"USA Sea",IFERROR(_xlfn.XLOOKUP(Summary!D40,USA_Sea!$C:$C,USA_Sea!$BE:$BE),0),"Amazon USA Sea",IFERROR(_xlfn.XLOOKUP(Summary!D40,Amazon_USA_Sea!$C:$C,Amazon_USA_Sea!$AX:$AX),0),"USA Air",IFERROR(_xlfn.XLOOKUP(Summary!D40,USA_Air!$C:$C,USA_Air!$BE:$BE),0),"USA Amazon",IFERROR(_xlfn.XLOOKUP(Summary!D40,USA_Amazon_Air!$C:$C,USA_Amazon_Air!$BE:$BE),0),"UK",IFERROR(_xlfn.XLOOKUP(Summary!D40,UK_Order!$C:$C,UK_Order!$BE:$BE),0),"MENA",IFERROR(_xlfn.XLOOKUP(Summary!D40,MENA_Order!$C:$C,MENA_Order!$BE:$BE),0),Summary!AT40)} -> 4444.374 | U40: =IF($G$3="All",1,--($S40=$G$3)) -> 1 | V40: =IF($G$4="All",1,--(Summary!E40=$G$4)) -> 1 | Y40: =Summary!E41 -> Date Palm Jaggery Solid - 1/2 kg
A41: {=IF($N41="","",INDEX(Summary!$C:$C,$N41))} -> C6 | B41: {=IF($N41="","",INDEX(Summary!$B:$B,$N41))} -> Raw_Agri | C41: {=IF($N41="","",INDEX(Summary!$D:$D,$N41))} -> FG00947 | D41: {=IF($N41="","",INDEX(Summary!$E:$E,$N41))} -> kalanamak rice 2kg | E41: {=IF($N41="","",INDEX($O:$O,$N41))} -> 11760 | F41: {=IF($N41="","",INDEX($T:$T,$N41))} -> 4557 | G41: {=IF($N41="","",INDEX($R:$R,$N41))} -> -7203 | H41: {=IF($N41="","",IFERROR(INDEX($T:$T,$N41)/INDEX($O:$O,$N41),""))} -> 0.3875 | I41: {=IF($N41="","",INDEX(Summary!$BA:$BA,$N41))} -> 0.056122449 | J41: {=IF($N41="","",INDEX(Summary!$BB:$BB,$N41))} -> 10 | K41: {=IF($N41="","",INDEX(Summary!$BC:$BC,$N41))} -> P1 – Critical | L41: {=IF($N41="","",INDEX(Summary!$AY:$AY,$N41))} -> WIP | N41: {=IFERROR(_xlfn.AGGREGATE(15,6,ROW($R$3:$R$62)/(($R$3:$R$62<0)*$P$3:$P$62*$Q$3:$Q$62*$U$3:$U$62*$V$3:$V$62),ROWS($N$28:N41)),"")} -> 58 | O41: {=_xlfn.SWITCH($C$4,"MRP (Domestic)",Summary!G41,"ROW Manjari",Summary!H41,"USA Sea",Summary!I41,"Amazon USA Sea",Summary!J41,"USA Air",Summary!K41,"USA Amazon",Summary!L41,"UK",Summary!M41,"MENA",Summary!N41,Summary!O41)} -> 0 | P41: =--(Summary!B41<>"")*IF($C$3="All",1,--(Summary!C41=$C$3)) -> 0 | Q41: =IF($C$4="All",1,--(O41>0)) -> 1 | R41: =T41-O41 -> 3369 | S41: =Summary!B41 -> Jaggery | T41: {=_xlfn.SWITCH($C$4,"MRP (Domestic)",IFERROR(_xlfn.XLOOKUP(Summary!D41,Domestic!$C:$C,Domestic!$BE:$BE),0),"ROW Manjari",IFERROR(_xlfn.XLOOKUP(Summary!D41,ROW_Manjari!$C:$C,ROW_Manjari!$BE:$BE),0),"USA Sea",IFERROR(_xlfn.XLOOKUP(Summary!D41,USA_Sea!$C:$C,USA_Sea!$BE:$BE),0),"Amazon USA Sea",IFERROR(_xlfn.XLOOKUP(Summary!D41,Amazon_USA_Sea!$C:$C,Amazon_USA_Sea!$AX:$AX),0),"USA Air",IFERROR(_xlfn.XLOOKUP(Summary!D41,USA_Air!$C:$C,USA_Air!$BE:$BE),0),"USA Amazon",IFERROR(_xlfn.XLOOKUP(Summary!D41,USA_Amazon_Air!$C:$C,USA_Amazon_Air!$BE:$BE),0),"UK",IFERROR(_xlfn.XLOOKUP(Summary!D41,UK_Order!$C:$C,UK_Order!$BE:$BE),0),"MENA",IFERROR(_xlfn.XLOOKUP(Summary!D41,MENA_Order!$C:$C,MENA_Order!$BE:$BE),0),Summary!AT41)} -> 3369 | U41: =IF($G$3="All",1,--($S41=$G$3)) -> 1 | V41: =IF($G$4="All",1,--(Summary!E41=$G$4)) -> 1 | Y41: =Summary!E42 -> Jaggery sachets pack of 30
A42: {=IF($N42="","",INDEX(Summary!$C:$C,$N42))} -> C6 | B42: {=IF($N42="","",INDEX(Summary!$B:$B,$N42))} -> Raw_Agri | C42: {=IF($N42="","",INDEX(Summary!$D:$D,$N42))} -> FG00165 | D42: {=IF($N42="","",INDEX(Summary!$E:$E,$N42))} -> Moong Dal - 500gm | E42: {=IF($N42="","",INDEX($O:$O,$N42))} -> 1360 | F42: {=IF($N42="","",INDEX($T:$T,$N42))} -> 1097 | G42: {=IF($N42="","",INDEX($R:$R,$N42))} -> -263 | H42: {=IF($N42="","",IFERROR(INDEX($T:$T,$N42)/INDEX($O:$O,$N42),""))} -> 0.80661765 | I42: {=IF($N42="","",INDEX(Summary!$BA:$BA,$N42))} -> 6.1102941 | J42: {=IF($N42="","",INDEX(Summary!$BB:$BB,$N42))} -> 7 | K42: {=IF($N42="","",INDEX(Summary!$BC:$BC,$N42))} -> P2 – High | L42: {=IF($N42="","",INDEX(Summary!$AY:$AY,$N42))} -> WIP | N42: {=IFERROR(_xlfn.AGGREGATE(15,6,ROW($R$3:$R$62)/(($R$3:$R$62<0)*$P$3:$P$62*$Q$3:$Q$62*$U$3:$U$62*$V$3:$V$62),ROWS($N$28:N42)),"")} -> 60 | O42: {=_xlfn.SWITCH($C$4,"MRP (Domestic)",Summary!G42,"ROW Manjari",Summary!H42,"USA Sea",Summary!I42,"Amazon USA Sea",Summary!J42,"USA Air",Summary!K42,"USA Amazon",Summary!L42,"UK",Summary!M42,"MENA",Summary!N42,Summary!O42)} -> 2523 | P42: =--(Summary!B42<>"")*IF($C$3="All",1,--(Summary!C42=$C$3)) -> 0 | Q42: =IF($C$4="All",1,--(O42>0)) -> 1 | R42: =T42-O42 -> 0 | S42: =Summary!B42 -> Jaggery | T42: {=_xlfn.SWITCH($C$4,"MRP (Domestic)",IFERROR(_xlfn.XLOOKUP(Summary!D42,Domestic!$C:$C,Domestic!$BE:$BE),0),"ROW Manjari",IFERROR(_xlfn.XLOOKUP(Summary!D42,ROW_Manjari!$C:$C,ROW_Manjari!$BE:$BE),0),"USA Sea",IFERROR(_xlfn.XLOOKUP(Summary!D42,USA_Sea!$C:$C,USA_Sea!$BE:$BE),0),"Amazon USA Sea",IFERROR(_xlfn.XLOOKUP(Summary!D42,Amazon_USA_Sea!$C:$C,Amazon_USA_Sea!$AX:$AX),0),"USA Air",IFERROR(_xlfn.XLOOKUP(Summary!D42,USA_Air!$C:$C,USA_Air!$BE:$BE),0),"USA Amazon",IFERROR(_xlfn.XLOOKUP(Summary!D42,USA_Amazon_Air!$C:$C,USA_Amazon_Air!$BE:$BE),0),"UK",IFERROR(_xlfn.XLOOKUP(Summary!D42,UK_Order!$C:$C,UK_Order!$BE:$BE),0),"MENA",IFERROR(_xlfn.XLOOKUP(Summary!D42,MENA_Order!$C:$C,MENA_Order!$BE:$BE),0),Summary!AT42)} -> 2523 | U42: =IF($G$3="All",1,--($S42=$G$3)) -> 1 | V42: =IF($G$4="All",1,--(Summary!E42=$G$4)) -> 1 | Y42: =Summary!E43 -> Jaggery Powder 113 gram
A43: {=IF($N43="","",INDEX(Summary!$C:$C,$N43))} | B43: {=IF($N43="","",INDEX(Summary!$B:$B,$N43))} | C43: {=IF($N43="","",INDEX(Summary!$D:$D,$N43))} | D43: {=IF($N43="","",INDEX(Summary!$E:$E,$N43))} | E43: {=IF($N43="","",INDEX($O:$O,$N43))} | F43: {=IF($N43="","",INDEX($T:$T,$N43))} | G43: {=IF($N43="","",INDEX($R:$R,$N43))} | H43: {=IF($N43="","",IFERROR(INDEX($T:$T,$N43)/INDEX($O:$O,$N43),""))} | I43: {=IF($N43="","",INDEX(Summary!$BA:$BA,$N43))} | J43: {=IF($N43="","",INDEX(Summary!$BB:$BB,$N43))} | K43: {=IF($N43="","",INDEX(Summary!$BC:$BC,$N43))} | L43: {=IF($N43="","",INDEX(Summary!$AY:$AY,$N43))} | N43: {=IFERROR(_xlfn.AGGREGATE(15,6,ROW($R$3:$R$62)/(($R$3:$R$62<0)*$P$3:$P$62*$Q$3:$Q$62*$U$3:$U$62*$V$3:$V$62),ROWS($N$28:N43)),"")} | O43: {=_xlfn.SWITCH($C$4,"MRP (Domestic)",Summary!G43,"ROW Manjari",Summary!H43,"USA Sea",Summary!I43,"Amazon USA Sea",Summary!J43,"USA Air",Summary!K43,"USA Amazon",Summary!L43,"UK",Summary!M43,"MENA",Summary!N43,Summary!O43)} -> 1910 | P43: =--(Summary!B43<>"")*IF($C$3="All",1,--(Summary!C43=$C$3)) -> 0 | Q43: =IF($C$4="All",1,--(O43>0)) -> 1 | R43: =T43-O43 -> -810 | S43: =Summary!B43 -> Jaggery | T43: {=_xlfn.SWITCH($C$4,"MRP (Domestic)",IFERROR(_xlfn.XLOOKUP(Summary!D43,Domestic!$C:$C,Domestic!$BE:$BE),0),"ROW Manjari",IFERROR(_xlfn.XLOOKUP(Summary!D43,ROW_Manjari!$C:$C,ROW_Manjari!$BE:$BE),0),"USA Sea",IFERROR(_xlfn.XLOOKUP(Summary!D43,USA_Sea!$C:$C,USA_Sea!$BE:$BE),0),"Amazon USA Sea",IFERROR(_xlfn.XLOOKUP(Summary!D43,Amazon_USA_Sea!$C:$C,Amazon_USA_Sea!$AX:$AX),0),"USA Air",IFERROR(_xlfn.XLOOKUP(Summary!D43,USA_Air!$C:$C,USA_Air!$BE:$BE),0),"USA Amazon",IFERROR(_xlfn.XLOOKUP(Summary!D43,USA_Amazon_Air!$C:$C,USA_Amazon_Air!$BE:$BE),0),"UK",IFERROR(_xlfn.XLOOKUP(Summary!D43,UK_Order!$C:$C,UK_Order!$BE:$BE),0),"MENA",IFERROR(_xlfn.XLOOKUP(Summary!D43,MENA_Order!$C:$C,MENA_Order!$BE:$BE),0),Summary!AT43)} -> 1100 | U43: =IF($G$3="All",1,--($S43=$G$3)) -> 1 | V43: =IF($G$4="All",1,--(Summary!E43=$G$4)) -> 1 | Y43: =Summary!E44 -> Sugarcane jaggery powder 16oz (4oz*4) - Units | Z43: =IF(AND($G43<0,ISNUMBER(SEARCH("P1",$K43))),-$G43,"") | AA43: =IF($G43<0,-$G43,"")
A44: {=IF($N44="","",INDEX(Summary!$C:$C,$N44))} | B44: {=IF($N44="","",INDEX(Summary!$B:$B,$N44))} | C44: {=IF($N44="","",INDEX(Summary!$D:$D,$N44))} | D44: {=IF($N44="","",INDEX(Summary!$E:$E,$N44))} | E44: {=IF($N44="","",INDEX($O:$O,$N44))} | F44: {=IF($N44="","",INDEX($T:$T,$N44))} | G44: {=IF($N44="","",INDEX($R:$R,$N44))} | H44: {=IF($N44="","",IFERROR(INDEX($T:$T,$N44)/INDEX($O:$O,$N44),""))} | I44: {=IF($N44="","",INDEX(Summary!$BA:$BA,$N44))} | J44: {=IF($N44="","",INDEX(Summary!$BB:$BB,$N44))} | K44: {=IF($N44="","",INDEX(Summary!$BC:$BC,$N44))} | L44: {=IF($N44="","",INDEX(Summary!$AY:$AY,$N44))} | N44: {=IFERROR(_xlfn.AGGREGATE(15,6,ROW($R$3:$R$62)/(($R$3:$R$62<0)*$P$3:$P$62*$Q$3:$Q$62*$U$3:$U$62*$V$3:$V$62),ROWS($N$28:N44)),"")} | O44: {=_xlfn.SWITCH($C$4,"MRP (Domestic)",Summary!G44,"ROW Manjari",Summary!H44,"USA Sea",Summary!I44,"Amazon USA Sea",Summary!J44,"USA Air",Summary!K44,"USA Amazon",Summary!L44,"UK",Summary!M44,"MENA",Summary!N44,Summary!O44)} -> 135 | P44: =--(Summary!B44<>"")*IF($C$3="All",1,--(Summary!C44=$C$3)) -> 0 | Q44: =IF($C$4="All",1,--(O44>0)) -> 1 | R44: =T44-O44 -> -135 | S44: =Summary!B44 -> Jaggery | T44: {=_xlfn.SWITCH($C$4,"MRP (Domestic)",IFERROR(_xlfn.XLOOKUP(Summary!D44,Domestic!$C:$C,Domestic!$BE:$BE),0),"ROW Manjari",IFERROR(_xlfn.XLOOKUP(Summary!D44,ROW_Manjari!$C:$C,ROW_Manjari!$BE:$BE),0),"USA Sea",IFERROR(_xlfn.XLOOKUP(Summary!D44,USA_Sea!$C:$C,USA_Sea!$BE:$BE),0),"Amazon USA Sea",IFERROR(_xlfn.XLOOKUP(Summary!D44,Amazon_USA_Sea!$C:$C,Amazon_USA_Sea!$AX:$AX),0),"USA Air",IFERROR(_xlfn.XLOOKUP(Summary!D44,USA_Air!$C:$C,USA_Air!$BE:$BE),0),"USA Amazon",IFERROR(_xlfn.XLOOKUP(Summary!D44,USA_Amazon_Air!$C:$C,USA_Amazon_Air!$BE:$BE),0),"UK",IFERROR(_xlfn.XLOOKUP(Summary!D44,UK_Order!$C:$C,UK_Order!$BE:$BE),0),"MENA",IFERROR(_xlfn.XLOOKUP(Summary!D44,MENA_Order!$C:$C,MENA_Order!$BE:$BE),0),Summary!AT44)} -> 0 | U44: =IF($G$3="All",1,--($S44=$G$3)) -> 1 | V44: =IF($G$4="All",1,--(Summary!E44=$G$4)) -> 1 | Y44: =Summary!E45 -> Spiced Jaggery cubes - 500gm | Z44: =IF(AND($G44<0,ISNUMBER(SEARCH("P1",$K44))),-$G44,"") | AA44: =IF($G44<0,-$G44,"")
A45: {=IF($N45="","",INDEX(Summary!$C:$C,$N45))} | B45: {=IF($N45="","",INDEX(Summary!$B:$B,$N45))} | C45: {=IF($N45="","",INDEX(Summary!$D:$D,$N45))} | D45: {=IF($N45="","",INDEX(Summary!$E:$E,$N45))} | E45: {=IF($N45="","",INDEX($O:$O,$N45))} | F45: {=IF($N45="","",INDEX($T:$T,$N45))} | G45: {=IF($N45="","",INDEX($R:$R,$N45))} | H45: {=IF($N45="","",IFERROR(INDEX($T:$T,$N45)/INDEX($O:$O,$N45),""))} | I45: {=IF($N45="","",INDEX(Summary!$BA:$BA,$N45))} | J45: {=IF($N45="","",INDEX(Summary!$BB:$BB,$N45))} | K45: {=IF($N45="","",INDEX(Summary!$BC:$BC,$N45))} | L45: {=IF($N45="","",INDEX(Summary!$AY:$AY,$N45))} | N45: {=IFERROR(_xlfn.AGGREGATE(15,6,ROW($R$3:$R$62)/(($R$3:$R$62<0)*$P$3:$P$62*$Q$3:$Q$62*$U$3:$U$62*$V$3:$V$62),ROWS($N$28:N45)),"")} | O45: {=_xlfn.SWITCH($C$4,"MRP (Domestic)",Summary!G45,"ROW Manjari",Summary!H45,"USA Sea",Summary!I45,"Amazon USA Sea",Summary!J45,"USA Air",Summary!K45,"USA Amazon",Summary!L45,"UK",Summary!M45,"MENA",Summary!N45,Summary!O45)} -> 0 | P45: =--(Summary!B45<>"")*IF($C$3="All",1,--(Summary!C45=$C$3)) -> 0 | Q45: =IF($C$4="All",1,--(O45>0)) -> 1 | R45: =T45-O45 -> 285 | S45: =Summary!B45 -> Jaggery | T45: {=_xlfn.SWITCH($C$4,"MRP (Domestic)",IFERROR(_xlfn.XLOOKUP(Summary!D45,Domestic!$C:$C,Domestic!$BE:$BE),0),"ROW Manjari",IFERROR(_xlfn.XLOOKUP(Summary!D45,ROW_Manjari!$C:$C,ROW_Manjari!$BE:$BE),0),"USA Sea",IFERROR(_xlfn.XLOOKUP(Summary!D45,USA_Sea!$C:$C,USA_Sea!$BE:$BE),0),"Amazon USA Sea",IFERROR(_xlfn.XLOOKUP(Summary!D45,Amazon_USA_Sea!$C:$C,Amazon_USA_Sea!$AX:$AX),0),"USA Air",IFERROR(_xlfn.XLOOKUP(Summary!D45,USA_Air!$C:$C,USA_Air!$BE:$BE),0),"USA Amazon",IFERROR(_xlfn.XLOOKUP(Summary!D45,USA_Amazon_Air!$C:$C,USA_Amazon_Air!$BE:$BE),0),"UK",IFERROR(_xlfn.XLOOKUP(Summary!D45,UK_Order!$C:$C,UK_Order!$BE:$BE),0),"MENA",IFERROR(_xlfn.XLOOKUP(Summary!D45,MENA_Order!$C:$C,MENA_Order!$BE:$BE),0),Summary!AT45)} -> 285 | U45: =IF($G$3="All",1,--($S45=$G$3)) -> 1 | V45: =IF($G$4="All",1,--(Summary!E45=$G$4)) -> 1 | Y45: =Summary!E46 -> Sugarcane Jaggery Powder 1kg | Z45: =IF(AND($G45<0,ISNUMBER(SEARCH("P1",$K45))),-$G45,"") | AA45: =IF($G45<0,-$G45,"")
A46: {=IF($N46="","",INDEX(Summary!$C:$C,$N46))} | B46: {=IF($N46="","",INDEX(Summary!$B:$B,$N46))} | C46: {=IF($N46="","",INDEX(Summary!$D:$D,$N46))} | D46: {=IF($N46="","",INDEX(Summary!$E:$E,$N46))} | E46: {=IF($N46="","",INDEX($O:$O,$N46))} | F46: {=IF($N46="","",INDEX($T:$T,$N46))} | G46: {=IF($N46="","",INDEX($R:$R,$N46))} | H46: {=IF($N46="","",IFERROR(INDEX($T:$T,$N46)/INDEX($O:$O,$N46),""))} | I46: {=IF($N46="","",INDEX(Summary!$BA:$BA,$N46))} | J46: {=IF($N46="","",INDEX(Summary!$BB:$BB,$N46))} | K46: {=IF($N46="","",INDEX(Summary!$BC:$BC,$N46))} | L46: {=IF($N46="","",INDEX(Summary!$AY:$AY,$N46))} | N46: {=IFERROR(_xlfn.AGGREGATE(15,6,ROW($R$3:$R$62)/(($R$3:$R$62<0)*$P$3:$P$62*$Q$3:$Q$62*$U$3:$U$62*$V$3:$V$62),ROWS($N$28:N46)),"")} | O46: {=_xlfn.SWITCH($C$4,"MRP (Domestic)",Summary!G46,"ROW Manjari",Summary!H46,"USA Sea",Summary!I46,"Amazon USA Sea",Summary!J46,"USA Air",Summary!K46,"USA Amazon",Summary!L46,"UK",Summary!M46,"MENA",Summary!N46,Summary!O46)} -> 259 | P46: =--(Summary!B46<>"")*IF($C$3="All",1,--(Summary!C46=$C$3)) -> 0 | Q46: =IF($C$4="All",1,--(O46>0)) -> 1 | R46: =T46-O46 -> 0 | S46: =Summary!B46 -> Jaggery | T46: {=_xlfn.SWITCH($C$4,"MRP (Domestic)",IFERROR(_xlfn.XLOOKUP(Summary!D46,Domestic!$C:$C,Domestic!$BE:$BE),0),"ROW Manjari",IFERROR(_xlfn.XLOOKUP(Summary!D46,ROW_Manjari!$C:$C,ROW_Manjari!$BE:$BE),0),"USA Sea",IFERROR(_xlfn.XLOOKUP(Summary!D46,USA_Sea!$C:$C,USA_Sea!$BE:$BE),0),"Amazon USA Sea",IFERROR(_xlfn.XLOOKUP(Summary!D46,Amazon_USA_Sea!$C:$C,Amazon_USA_Sea!$AX:$AX),0),"USA Air",IFERROR(_xlfn.XLOOKUP(Summary!D46,USA_Air!$C:$C,USA_Air!$BE:$BE),0),"USA Amazon",IFERROR(_xlfn.XLOOKUP(Summary!D46,USA_Amazon_Air!$C:$C,USA_Amazon_Air!$BE:$BE),0),"UK",IFERROR(_xlfn.XLOOKUP(Summary!D46,UK_Order!$C:$C,UK_Order!$BE:$BE),0),"MENA",IFERROR(_xlfn.XLOOKUP(Summary!D46,MENA_Order!$C:$C,MENA_Order!$BE:$BE),0),Summary!AT46)} -> 259 | U46: =IF($G$3="All",1,--($S46=$G$3)) -> 1 | V46: =IF($G$4="All",1,--(Summary!E46=$G$4)) -> 1 | Y46: =Summary!E47 -> Pink Himalayan Rock Salt | Z46: =IF(AND($G46<0,ISNUMBER(SEARCH("P1",$K46))),-$G46,"") | AA46: =IF($G46<0,-$G46,"")
A47: {=IF($N47="","",INDEX(Summary!$C:$C,$N47))} | B47: {=IF($N47="","",INDEX(Summary!$B:$B,$N47))} | C47: {=IF($N47="","",INDEX(Summary!$D:$D,$N47))} | D47: {=IF($N47="","",INDEX(Summary!$E:$E,$N47))} | E47: {=IF($N47="","",INDEX($O:$O,$N47))} | F47: {=IF($N47="","",INDEX($T:$T,$N47))} | G47: {=IF($N47="","",INDEX($R:$R,$N47))} | H47: {=IF($N47="","",IFERROR(INDEX($T:$T,$N47)/INDEX($O:$O,$N47),""))} | I47: {=IF($N47="","",INDEX(Summary!$BA:$BA,$N47))} | J47: {=IF($N47="","",INDEX(Summary!$BB:$BB,$N47))} | K47: {=IF($N47="","",INDEX(Summary!$BC:$BC,$N47))} | L47: {=IF($N47="","",INDEX(Summary!$AY:$AY,$N47))} | N47: {=IFERROR(_xlfn.AGGREGATE(15,6,ROW($R$3:$R$62)/(($R$3:$R$62<0)*$P$3:$P$62*$Q$3:$Q$62*$U$3:$U$62*$V$3:$V$62),ROWS($N$28:N47)),"")} | O47: {=_xlfn.SWITCH($C$4,"MRP (Domestic)",Summary!G47,"ROW Manjari",Summary!H47,"USA Sea",Summary!I47,"Amazon USA Sea",Summary!J47,"USA Air",Summary!K47,"USA Amazon",Summary!L47,"UK",Summary!M47,"MENA",Summary!N47,Summary!O47)} -> 14017 | P47: =--(Summary!B47<>"")*IF($C$3="All",1,--(Summary!C47=$C$3)) -> 1 | Q47: =IF($C$4="All",1,--(O47>0)) -> 1 | R47: =T47-O47 -> -4726 | S47: =Summary!B47 -> Raw_Agri | T47: {=_xlfn.SWITCH($C$4,"MRP (Domestic)",IFERROR(_xlfn.XLOOKUP(Summary!D47,Domestic!$C:$C,Domestic!$BE:$BE),0),"ROW Manjari",IFERROR(_xlfn.XLOOKUP(Summary!D47,ROW_Manjari!$C:$C,ROW_Manjari!$BE:$BE),0),"USA Sea",IFERROR(_xlfn.XLOOKUP(Summary!D47,USA_Sea!$C:$C,USA_Sea!$BE:$BE),0),"Amazon USA Sea",IFERROR(_xlfn.XLOOKUP(Summary!D47,Amazon_USA_Sea!$C:$C,Amazon_USA_Sea!$AX:$AX),0),"USA Air",IFERROR(_xlfn.XLOOKUP(Summary!D47,USA_Air!$C:$C,USA_Air!$BE:$BE),0),"USA Amazon",IFERROR(_xlfn.XLOOKUP(Summary!D47,USA_Amazon_Air!$C:$C,USA_Amazon_Air!$BE:$BE),0),"UK",IFERROR(_xlfn.XLOOKUP(Summary!D47,UK_Order!$C:$C,UK_Order!$BE:$BE),0),"MENA",IFERROR(_xlfn.XLOOKUP(Summary!D47,MENA_Order!$C:$C,MENA_Order!$BE:$BE),0),Summary!AT47)} -> 9291 | U47: =IF($G$3="All",1,--($S47=$G$3)) -> 1 | V47: =IF($G$4="All",1,--(Summary!E47=$G$4)) -> 1 | Y47: =Summary!E48 -> Coconut oil 16 fl. oz (473ml) - Units | Z47: =IF(AND($G47<0,ISNUMBER(SEARCH("P1",$K47))),-$G47,"") | AA47: =IF($G47<0,-$G47,"")
A48: {=IF($N48="","",INDEX(Summary!$C:$C,$N48))} | B48: {=IF($N48="","",INDEX(Summary!$B:$B,$N48))} | C48: {=IF($N48="","",INDEX(Summary!$D:$D,$N48))} | D48: {=IF($N48="","",INDEX(Summary!$E:$E,$N48))} | E48: {=IF($N48="","",INDEX($O:$O,$N48))} | F48: {=IF($N48="","",INDEX($T:$T,$N48))} | G48: {=IF($N48="","",INDEX($R:$R,$N48))} | H48: {=IF($N48="","",IFERROR(INDEX($T:$T,$N48)/INDEX($O:$O,$N48),""))} | I48: {=IF($N48="","",INDEX(Summary!$BA:$BA,$N48))} | J48: {=IF($N48="","",INDEX(Summary!$BB:$BB,$N48))} | K48: {=IF($N48="","",INDEX(Summary!$BC:$BC,$N48))} | L48: {=IF($N48="","",INDEX(Summary!$AY:$AY,$N48))} | N48: {=IFERROR(_xlfn.AGGREGATE(15,6,ROW($R$3:$R$62)/(($R$3:$R$62<0)*$P$3:$P$62*$Q$3:$Q$62*$U$3:$U$62*$V$3:$V$62),ROWS($N$28:N48)),"")} | O48: {=_xlfn.SWITCH($C$4,"MRP (Domestic)",Summary!G48,"ROW Manjari",Summary!H48,"USA Sea",Summary!I48,"Amazon USA Sea",Summary!J48,"USA Air",Summary!K48,"USA Amazon",Summary!L48,"UK",Summary!M48,"MENA",Summary!N48,Summary!O48)} -> 125 | P48: =--(Summary!B48<>"")*IF($C$3="All",1,--(Summary!C48=$C$3)) -> 1 | Q48: =IF($C$4="All",1,--(O48>0)) -> 1 | R48: =T48-O48 -> 380 | S48: =Summary!B48 -> Oil | T48: {=_xlfn.SWITCH($C$4,"MRP (Domestic)",IFERROR(_xlfn.XLOOKUP(Summary!D48,Domestic!$C:$C,Domestic!$BE:$BE),0),"ROW Manjari",IFERROR(_xlfn.XLOOKUP(Summary!D48,ROW_Manjari!$C:$C,ROW_Manjari!$BE:$BE),0),"USA Sea",IFERROR(_xlfn.XLOOKUP(Summary!D48,USA_Sea!$C:$C,USA_Sea!$BE:$BE),0),"Amazon USA Sea",IFERROR(_xlfn.XLOOKUP(Summary!D48,Amazon_USA_Sea!$C:$C,Amazon_USA_Sea!$AX:$AX),0),"USA Air",IFERROR(_xlfn.XLOOKUP(Summary!D48,USA_Air!$C:$C,USA_Air!$BE:$BE),0),"USA Amazon",IFERROR(_xlfn.XLOOKUP(Summary!D48,USA_Amazon_Air!$C:$C,USA_Amazon_Air!$BE:$BE),0),"UK",IFERROR(_xlfn.XLOOKUP(Summary!D48,UK_Order!$C:$C,UK_Order!$BE:$BE),0),"MENA",IFERROR(_xlfn.XLOOKUP(Summary!D48,MENA_Order!$C:$C,MENA_Order!$BE:$BE),0),Summary!AT48)} -> 505 | U48: =IF($G$3="All",1,--($S48=$G$3)) -> 1 | V48: =IF($G$4="All",1,--(Summary!E48=$G$4)) -> 1 | Y48: =Summary!E49 -> Raw Peanuts Waghya Variety 500g | Z48: =IF(AND($G48<0,ISNUMBER(SEARCH("P1",$K48))),-$G48,"") | AA48: =IF($G48<0,-$G48,"")
A49: {=IF($N49="","",INDEX(Summary!$C:$C,$N49))} | B49: {=IF($N49="","",INDEX(Summary!$B:$B,$N49))} | C49: {=IF($N49="","",INDEX(Summary!$D:$D,$N49))} | D49: {=IF($N49="","",INDEX(Summary!$E:$E,$N49))} | E49: {=IF($N49="","",INDEX($O:$O,$N49))} | F49: {=IF($N49="","",INDEX($T:$T,$N49))} | G49: {=IF($N49="","",INDEX($R:$R,$N49))} | H49: {=IF($N49="","",IFERROR(INDEX($T:$T,$N49)/INDEX($O:$O,$N49),""))} | I49: {=IF($N49="","",INDEX(Summary!$BA:$BA,$N49))} | J49: {=IF($N49="","",INDEX(Summary!$BB:$BB,$N49))} | K49: {=IF($N49="","",INDEX(Summary!$BC:$BC,$N49))} | L49: {=IF($N49="","",INDEX(Summary!$AY:$AY,$N49))} | N49: {=IFERROR(_xlfn.AGGREGATE(15,6,ROW($R$3:$R$62)/(($R$3:$R$62<0)*$P$3:$P$62*$Q$3:$Q$62*$U$3:$U$62*$V$3:$V$62),ROWS($N$28:N49)),"")} | O49: {=_xlfn.SWITCH($C$4,"MRP (Domestic)",Summary!G49,"ROW Manjari",Summary!H49,"USA Sea",Summary!I49,"Amazon USA Sea",Summary!J49,"USA Air",Summary!K49,"USA Amazon",Summary!L49,"UK",Summary!M49,"MENA",Summary!N49,Summary!O49)} -> 0 | P49: =--(Summary!B49<>"")*IF($C$3="All",1,--(Summary!C49=$C$3)) -> 1 | Q49: =IF($C$4="All",1,--(O49>0)) -> 1 | R49: =T49-O49 -> 408 | S49: =Summary!B49 -> Raw_Agri | T49: {=_xlfn.SWITCH($C$4,"MRP (Domestic)",IFERROR(_xlfn.XLOOKUP(Summary!D49,Domestic!$C:$C,Domestic!$BE:$BE),0),"ROW Manjari",IFERROR(_xlfn.XLOOKUP(Summary!D49,ROW_Manjari!$C:$C,ROW_Manjari!$BE:$BE),0),"USA Sea",IFERROR(_xlfn.XLOOKUP(Summary!D49,USA_Sea!$C:$C,USA_Sea!$BE:$BE),0),"Amazon USA Sea",IFERROR(_xlfn.XLOOKUP(Summary!D49,Amazon_USA_Sea!$C:$C,Amazon_USA_Sea!$AX:$AX),0),"USA Air",IFERROR(_xlfn.XLOOKUP(Summary!D49,USA_Air!$C:$C,USA_Air!$BE:$BE),0),"USA Amazon",IFERROR(_xlfn.XLOOKUP(Summary!D49,USA_Amazon_Air!$C:$C,USA_Amazon_Air!$BE:$BE),0),"UK",IFERROR(_xlfn.XLOOKUP(Summary!D49,UK_Order!$C:$C,UK_Order!$BE:$BE),0),"MENA",IFERROR(_xlfn.XLOOKUP(Summary!D49,MENA_Order!$C:$C,MENA_Order!$BE:$BE),0),Summary!AT49)} -> 408 | U49: =IF($G$3="All",1,--($S49=$G$3)) -> 1 | V49: =IF($G$4="All",1,--(Summary!E49=$G$4)) -> 1 | Y49: =Summary!E50 -> Indrayani Rice 1kg | Z49: =IF(AND($G49<0,ISNUMBER(SEARCH("P1",$K49))),-$G49,"") | AA49: =IF($G49<0,-$G49,"")
A50: {=IF($N50="","",INDEX(Summary!$C:$C,$N50))} | B50: {=IF($N50="","",INDEX(Summary!$B:$B,$N50))} | C50: {=IF($N50="","",INDEX(Summary!$D:$D,$N50))} | D50: {=IF($N50="","",INDEX(Summary!$E:$E,$N50))} | E50: {=IF($N50="","",INDEX($O:$O,$N50))} | F50: {=IF($N50="","",INDEX($T:$T,$N50))} | G50: {=IF($N50="","",INDEX($R:$R,$N50))} | H50: {=IF($N50="","",IFERROR(INDEX($T:$T,$N50)/INDEX($O:$O,$N50),""))} | I50: {=IF($N50="","",INDEX(Summary!$BA:$BA,$N50))} | J50: {=IF($N50="","",INDEX(Summary!$BB:$BB,$N50))} | K50: {=IF($N50="","",INDEX(Summary!$BC:$BC,$N50))} | L50: {=IF($N50="","",INDEX(Summary!$AY:$AY,$N50))} | N50: {=IFERROR(_xlfn.AGGREGATE(15,6,ROW($R$3:$R$62)/(($R$3:$R$62<0)*$P$3:$P$62*$Q$3:$Q$62*$U$3:$U$62*$V$3:$V$62),ROWS($N$28:N50)),"")} | O50: {=_xlfn.SWITCH($C$4,"MRP (Domestic)",Summary!G50,"ROW Manjari",Summary!H50,"USA Sea",Summary!I50,"Amazon USA Sea",Summary!J50,"USA Air",Summary!K50,"USA Amazon",Summary!L50,"UK",Summary!M50,"MENA",Summary!N50,Summary!O50)} -> 2941 | P50: =--(Summary!B50<>"")*IF($C$3="All",1,--(Summary!C50=$C$3)) -> 1 | Q50: =IF($C$4="All",1,--(O50>0)) -> 1 | R50: =T50-O50 -> 524 | S50: =Summary!B50 -> Raw_Agri | T50: {=_xlfn.SWITCH($C$4,"MRP (Domestic)",IFERROR(_xlfn.XLOOKUP(Summary!D50,Domestic!$C:$C,Domestic!$BE:$BE),0),"ROW Manjari",IFERROR(_xlfn.XLOOKUP(Summary!D50,ROW_Manjari!$C:$C,ROW_Manjari!$BE:$BE),0),"USA Sea",IFERROR(_xlfn.XLOOKUP(Summary!D50,USA_Sea!$C:$C,USA_Sea!$BE:$BE),0),"Amazon USA Sea",IFERROR(_xlfn.XLOOKUP(Summary!D50,Amazon_USA_Sea!$C:$C,Amazon_USA_Sea!$AX:$AX),0),"USA Air",IFERROR(_xlfn.XLOOKUP(Summary!D50,USA_Air!$C:$C,USA_Air!$BE:$BE),0),"USA Amazon",IFERROR(_xlfn.XLOOKUP(Summary!D50,USA_Amazon_Air!$C:$C,USA_Amazon_Air!$BE:$BE),0),"UK",IFERROR(_xlfn.XLOOKUP(Summary!D50,UK_Order!$C:$C,UK_Order!$BE:$BE),0),"MENA",IFERROR(_xlfn.XLOOKUP(Summary!D50,MENA_Order!$C:$C,MENA_Order!$BE:$BE),0),Summary!AT50)} -> 3465 | U50: =IF($G$3="All",1,--($S50=$G$3)) -> 1 | V50: =IF($G$4="All",1,--(Summary!E50=$G$4)) -> 1 | Y50: =Summary!E51 -> Ajara Ghansal Rice (Semi Polished) - 1kg | Z50: =IF(AND($G50<0,ISNUMBER(SEARCH("P1",$K50))),-$G50,"") | AA50: =IF($G50<0,-$G50,"")
A51: {=IF($N51="","",INDEX(Summary!$C:$C,$N51))} | B51: {=IF($N51="","",INDEX(Summary!$B:$B,$N51))} | C51: {=IF($N51="","",INDEX(Summary!$D:$D,$N51))} | D51: {=IF($N51="","",INDEX(Summary!$E:$E,$N51))} | E51: {=IF($N51="","",INDEX($O:$O,$N51))} | F51: {=IF($N51="","",INDEX($T:$T,$N51))} | G51: {=IF($N51="","",INDEX($R:$R,$N51))} | H51: {=IF($N51="","",IFERROR(INDEX($T:$T,$N51)/INDEX($O:$O,$N51),""))} | I51: {=IF($N51="","",INDEX(Summary!$BA:$BA,$N51))} | J51: {=IF($N51="","",INDEX(Summary!$BB:$BB,$N51))} | K51: {=IF($N51="","",INDEX(Summary!$BC:$BC,$N51))} | L51: {=IF($N51="","",INDEX(Summary!$AY:$AY,$N51))} | N51: {=IFERROR(_xlfn.AGGREGATE(15,6,ROW($R$3:$R$62)/(($R$3:$R$62<0)*$P$3:$P$62*$Q$3:$Q$62*$U$3:$U$62*$V$3:$V$62),ROWS($N$28:N51)),"")} | O51: {=_xlfn.SWITCH($C$4,"MRP (Domestic)",Summary!G51,"ROW Manjari",Summary!H51,"USA Sea",Summary!I51,"Amazon USA Sea",Summary!J51,"USA Air",Summary!K51,"USA Amazon",Summary!L51,"UK",Summary!M51,"MENA",Summary!N51,Summary!O51)} -> 3639 | P51: =--(Summary!B51<>"")*IF($C$3="All",1,--(Summary!C51=$C$3)) -> 1 | Q51: =IF($C$4="All",1,--(O51>0)) -> 1 | R51: =T51-O51 -> 60 | S51: =Summary!B51 -> Raw_Agri | T51: {=_xlfn.SWITCH($C$4,"MRP (Domestic)",IFERROR(_xlfn.XLOOKUP(Summary!D51,Domestic!$C:$C,Domestic!$BE:$BE),0),"ROW Manjari",IFERROR(_xlfn.XLOOKUP(Summary!D51,ROW_Manjari!$C:$C,ROW_Manjari!$BE:$BE),0),"USA Sea",IFERROR(_xlfn.XLOOKUP(Summary!D51,USA_Sea!$C:$C,USA_Sea!$BE:$BE),0),"Amazon USA Sea",IFERROR(_xlfn.XLOOKUP(Summary!D51,Amazon_USA_Sea!$C:$C,Amazon_USA_Sea!$AX:$AX),0),"USA Air",IFERROR(_xlfn.XLOOKUP(Summary!D51,USA_Air!$C:$C,USA_Air!$BE:$BE),0),"USA Amazon",IFERROR(_xlfn.XLOOKUP(Summary!D51,USA_Amazon_Air!$C:$C,USA_Amazon_Air!$BE:$BE),0),"UK",IFERROR(_xlfn.XLOOKUP(Summary!D51,UK_Order!$C:$C,UK_Order!$BE:$BE),0),"MENA",IFERROR(_xlfn.XLOOKUP(Summary!D51,MENA_Order!$C:$C,MENA_Order!$BE:$BE),0),Summary!AT51)} -> 3699 | U51: =IF($G$3="All",1,--($S51=$G$3)) -> 1 | V51: =IF($G$4="All",1,--(Summary!E51=$G$4)) -> 1 | Y51: =Summary!E52 -> Stony Ambemohar Rice (Unpolished) - 1kg | Z51: =IF(AND($G51<0,ISNUMBER(SEARCH("P1",$K51))),-$G51,"") | AA51: =IF($G51<0,-$G51,"")
A52: {=IF($N52="","",INDEX(Summary!$C:$C,$N52))} | B52: {=IF($N52="","",INDEX(Summary!$B:$B,$N52))} | C52: {=IF($N52="","",INDEX(Summary!$D:$D,$N52))} | D52: {=IF($N52="","",INDEX(Summary!$E:$E,$N52))} | E52: {=IF($N52="","",INDEX($O:$O,$N52))} | F52: {=IF($N52="","",INDEX($T:$T,$N52))} | G52: {=IF($N52="","",INDEX($R:$R,$N52))} | H52: {=IF($N52="","",IFERROR(INDEX($T:$T,$N52)/INDEX($O:$O,$N52),""))} | I52: {=IF($N52="","",INDEX(Summary!$BA:$BA,$N52))} | J52: {=IF($N52="","",INDEX(Summary!$BB:$BB,$N52))} | K52: {=IF($N52="","",INDEX(Summary!$BC:$BC,$N52))} | L52: {=IF($N52="","",INDEX(Summary!$AY:$AY,$N52))} | N52: {=IFERROR(_xlfn.AGGREGATE(15,6,ROW($R$3:$R$62)/(($R$3:$R$62<0)*$P$3:$P$62*$Q$3:$Q$62*$U$3:$U$62*$V$3:$V$62),ROWS($N$28:N52)),"")} | O52: {=_xlfn.SWITCH($C$4,"MRP (Domestic)",Summary!G52,"ROW Manjari",Summary!H52,"USA Sea",Summary!I52,"Amazon USA Sea",Summary!J52,"USA Air",Summary!K52,"USA Amazon",Summary!L52,"UK",Summary!M52,"MENA",Summary!N52,Summary!O52)} -> 2795 | P52: =--(Summary!B52<>"")*IF($C$3="All",1,--(Summary!C52=$C$3)) -> 1 | Q52: =IF($C$4="All",1,--(O52>0)) -> 1 | R52: =T52-O52 -> -267 | S52: =Summary!B52 -> Raw_Agri | T52: {=_xlfn.SWITCH($C$4,"MRP (Domestic)",IFERROR(_xlfn.XLOOKUP(Summary!D52,Domestic!$C:$C,Domestic!$BE:$BE),0),"ROW Manjari",IFERROR(_xlfn.XLOOKUP(Summary!D52,ROW_Manjari!$C:$C,ROW_Manjari!$BE:$BE),0),"USA Sea",IFERROR(_xlfn.XLOOKUP(Summary!D52,USA_Sea!$C:$C,USA_Sea!$BE:$BE),0),"Amazon USA Sea",IFERROR(_xlfn.XLOOKUP(Summary!D52,Amazon_USA_Sea!$C:$C,Amazon_USA_Sea!$AX:$AX),0),"USA Air",IFERROR(_xlfn.XLOOKUP(Summary!D52,USA_Air!$C:$C,USA_Air!$BE:$BE),0),"USA Amazon",IFERROR(_xlfn.XLOOKUP(Summary!D52,USA_Amazon_Air!$C:$C,USA_Amazon_Air!$BE:$BE),0),"UK",IFERROR(_xlfn.XLOOKUP(Summary!D52,UK_Order!$C:$C,UK_Order!$BE:$BE),0),"MENA",IFERROR(_xlfn.XLOOKUP(Summary!D52,MENA_Order!$C:$C,MENA_Order!$BE:$BE),0),Summary!AT52)} -> 2528 | U52: =IF($G$3="All",1,--($S52=$G$3)) -> 1 | V52: =IF($G$4="All",1,--(Summary!E52=$G$4)) -> 1 | Y52: =Summary!E53 -> Waghya Rajma (Kidney Beans), 500gm | Z52: =IF(AND($G52<0,ISNUMBER(SEARCH("P1",$K52))),-$G52,"") | AA52: =IF($G52<0,-$G52,"")
A53: {=IF($N53="","",INDEX(Summary!$C:$C,$N53))} | B53: {=IF($N53="","",INDEX(Summary!$B:$B,$N53))} | C53: {=IF($N53="","",INDEX(Summary!$D:$D,$N53))} | D53: {=IF($N53="","",INDEX(Summary!$E:$E,$N53))} | E53: {=IF($N53="","",INDEX($O:$O,$N53))} | F53: {=IF($N53="","",INDEX($T:$T,$N53))} | G53: {=IF($N53="","",INDEX($R:$R,$N53))} | H53: {=IF($N53="","",IFERROR(INDEX($T:$T,$N53)/INDEX($O:$O,$N53),""))} | I53: {=IF($N53="","",INDEX(Summary!$BA:$BA,$N53))} | J53: {=IF($N53="","",INDEX(Summary!$BB:$BB,$N53))} | K53: {=IF($N53="","",INDEX(Summary!$BC:$BC,$N53))} | L53: {=IF($N53="","",INDEX(Summary!$AY:$AY,$N53))} | N53: {=IFERROR(_xlfn.AGGREGATE(15,6,ROW($R$3:$R$62)/(($R$3:$R$62<0)*$P$3:$P$62*$Q$3:$Q$62*$U$3:$U$62*$V$3:$V$62),ROWS($N$28:N53)),"")} | O53: {=_xlfn.SWITCH($C$4,"MRP (Domestic)",Summary!G53,"ROW Manjari",Summary!H53,"USA Sea",Summary!I53,"Amazon USA Sea",Summary!J53,"USA Air",Summary!K53,"USA Amazon",Summary!L53,"UK",Summary!M53,"MENA",Summary!N53,Summary!O53)} -> 3127 | P53: =--(Summary!B53<>"")*IF($C$3="All",1,--(Summary!C53=$C$3)) -> 1 | Q53: =IF($C$4="All",1,--(O53>0)) -> 1 | R53: =T53-O53 -> -2421 | S53: =Summary!B53 -> Raw_Agri | T53: {=_xlfn.SWITCH($C$4,"MRP (Domestic)",IFERROR(_xlfn.XLOOKUP(Summary!D53,Domestic!$C:$C,Domestic!$BE:$BE),0),"ROW Manjari",IFERROR(_xlfn.XLOOKUP(Summary!D53,ROW_Manjari!$C:$C,ROW_Manjari!$BE:$BE),0),"USA Sea",IFERROR(_xlfn.XLOOKUP(Summary!D53,USA_Sea!$C:$C,USA_Sea!$BE:$BE),0),"Amazon USA Sea",IFERROR(_xlfn.XLOOKUP(Summary!D53,Amazon_USA_Sea!$C:$C,Amazon_USA_Sea!$AX:$AX),0),"USA Air",IFERROR(_xlfn.XLOOKUP(Summary!D53,USA_Air!$C:$C,USA_Air!$BE:$BE),0),"USA Amazon",IFERROR(_xlfn.XLOOKUP(Summary!D53,USA_Amazon_Air!$C:$C,USA_Amazon_Air!$BE:$BE),0),"UK",IFERROR(_xlfn.XLOOKUP(Summary!D53,UK_Order!$C:$C,UK_Order!$BE:$BE),0),"MENA",IFERROR(_xlfn.XLOOKUP(Summary!D53,MENA_Order!$C:$C,MENA_Order!$BE:$BE),0),Summary!AT53)} -> 706 | U53: =IF($G$3="All",1,--($S53=$G$3)) -> 1 | V53: =IF($G$4="All",1,--(Summary!E53=$G$4)) -> 1 | Y53: =Summary!E54 -> Whole Green Gram Moong 500gm | Z53: =IF(AND($G53<0,ISNUMBER(SEARCH("P1",$K53))),-$G53,"") | AA53: =IF($G53<0,-$G53,"")
A54: {=IF($N54="","",INDEX(Summary!$C:$C,$N54))} | B54: {=IF($N54="","",INDEX(Summary!$B:$B,$N54))} | C54: {=IF($N54="","",INDEX(Summary!$D:$D,$N54))} | D54: {=IF($N54="","",INDEX(Summary!$E:$E,$N54))} | E54: {=IF($N54="","",INDEX($O:$O,$N54))} | F54: {=IF($N54="","",INDEX($T:$T,$N54))} | G54: {=IF($N54="","",INDEX($R:$R,$N54))} | H54: {=IF($N54="","",IFERROR(INDEX($T:$T,$N54)/INDEX($O:$O,$N54),""))} | I54: {=IF($N54="","",INDEX(Summary!$BA:$BA,$N54))} | J54: {=IF($N54="","",INDEX(Summary!$BB:$BB,$N54))} | K54: {=IF($N54="","",INDEX(Summary!$BC:$BC,$N54))} | L54: {=IF($N54="","",INDEX(Summary!$AY:$AY,$N54))} | N54: {=IFERROR(_xlfn.AGGREGATE(15,6,ROW($R$3:$R$62)/(($R$3:$R$62<0)*$P$3:$P$62*$Q$3:$Q$62*$U$3:$U$62*$V$3:$V$62),ROWS($N$28:N54)),"")} | O54: {=_xlfn.SWITCH($C$4,"MRP (Domestic)",Summary!G54,"ROW Manjari",Summary!H54,"USA Sea",Summary!I54,"Amazon USA Sea",Summary!J54,"USA Air",Summary!K54,"USA Amazon",Summary!L54,"UK",Summary!M54,"MENA",Summary!N54,Summary!O54)} -> 3264 | P54: =--(Summary!B54<>"")*IF($C$3="All",1,--(Summary!C54=$C$3)) -> 1 | Q54: =IF($C$4="All",1,--(O54>0)) -> 1 | R54: =T54-O54 -> -2303 | S54: =Summary!B54 -> Raw_Agri | T54: {=_xlfn.SWITCH($C$4,"MRP (Domestic)",IFERROR(_xlfn.XLOOKUP(Summary!D54,Domestic!$C:$C,Domestic!$BE:$BE),0),"ROW Manjari",IFERROR(_xlfn.XLOOKUP(Summary!D54,ROW_Manjari!$C:$C,ROW_Manjari!$BE:$BE),0),"USA Sea",IFERROR(_xlfn.XLOOKUP(Summary!D54,USA_Sea!$C:$C,USA_Sea!$BE:$BE),0),"Amazon USA Sea",IFERROR(_xlfn.XLOOKUP(Summary!D54,Amazon_USA_Sea!$C:$C,Amazon_USA_Sea!$AX:$AX),0),"USA Air",IFERROR(_xlfn.XLOOKUP(Summary!D54,USA_Air!$C:$C,USA_Air!$BE:$BE),0),"USA Amazon",IFERROR(_xlfn.XLOOKUP(Summary!D54,USA_Amazon_Air!$C:$C,USA_Amazon_Air!$BE:$BE),0),"UK",IFERROR(_xlfn.XLOOKUP(Summary!D54,UK_Order!$C:$C,UK_Order!$BE:$BE),0),"MENA",IFERROR(_xlfn.XLOOKUP(Summary!D54,MENA_Order!$C:$C,MENA_Order!$BE:$BE),0),Summary!AT54)} -> 961 | U54: =IF($G$3="All",1,--($S54=$G$3)) -> 1 | V54: =IF($G$4="All",1,--(Summary!E54=$G$4)) -> 1 | Y54: =Summary!E55 -> Whole Cashew Nuts - 250gm | Z54: =IF(AND($G54<0,ISNUMBER(SEARCH("P1",$K54))),-$G54,"") | AA54: =IF($G54<0,-$G54,"")
... A61: {=IF($N61="","",INDEX(Summary!$C:$C,$N61))} | B61: {=IF($N61="","",INDEX(Summary!$B:$B,$N61))} | C61: {=IF($N61="","",INDEX(Summary!$D:$D,$N61))} | D61: {=IF($N61="","",INDEX(Summary!$E:$E,$N61))} | E61: {=IF($N61="","",INDEX($O:$O,$N61))} | F61: {=IF($N61="","",INDEX($T:$T,$N61))} | G61: {=IF($N61="","",INDEX($R:$R,$N61))} | H61: {=IF($N61="","",IFERROR(INDEX($T:$T,$N61)/INDEX($O:$O,$N61),""))} | I61: {=IF($N61="","",INDEX(Summary!$BA:$BA,$N61))} | J61: {=IF($N61="","",INDEX(Summary!$BB:$BB,$N61))} | K61: {=IF($N61="","",INDEX(Summary!$BC:$BC,$N61))} | L61: {=IF($N61="","",INDEX(Summary!$AY:$AY,$N61))} | N61: {=IFERROR(_xlfn.AGGREGATE(15,6,ROW($R$3:$R$62)/(($R$3:$R$62<0)*$P$3:$P$62*$Q$3:$Q$62*$U$3:$U$62*$V$3:$V$62),ROWS($N$28:N61)),"")} | O61: {=_xlfn.SWITCH($C$4,"MRP (Domestic)",Summary!G61,"ROW Manjari",Summary!H61,"USA Sea",Summary!I61,"Amazon USA Sea",Summary!J61,"USA Air",Summary!K61,"USA Amazon",Summary!L61,"UK",Summary!M61,"MENA",Summary!N61,Summary!O61)} -> 0 | P61: =--(Summary!B61<>"")*IF($C$3="All",1,--(Summary!C61=$C$3)) -> 0 | Q61: =IF($C$4="All",1,--(O61>0)) -> 1 | R61: =T61-O61 -> 3321 | S61: =Summary!B61 -> Honey | T61: {=_xlfn.SWITCH($C$4,"MRP (Domestic)",IFERROR(_xlfn.XLOOKUP(Summary!D61,Domestic!$C:$C,Domestic!$BE:$BE),0),"ROW Manjari",IFERROR(_xlfn.XLOOKUP(Summary!D61,ROW_Manjari!$C:$C,ROW_Manjari!$BE:$BE),0),"USA Sea",IFERROR(_xlfn.XLOOKUP(Summary!D61,USA_Sea!$C:$C,USA_Sea!$BE:$BE),0),"Amazon USA Sea",IFERROR(_xlfn.XLOOKUP(Summary!D61,Amazon_USA_Sea!$C:$C,Amazon_USA_Sea!$AX:$AX),0),"USA Air",IFERROR(_xlfn.XLOOKUP(Summary!D61,USA_Air!$C:$C,USA_Air!$BE:$BE),0),"USA Amazon",IFERROR(_xlfn.XLOOKUP(Summary!D61,USA_Amazon_Air!$C:$C,USA_Amazon_Air!$BE:$BE),0),"UK",IFERROR(_xlfn.XLOOKUP(Summary!D61,UK_Order!$C:$C,UK_Order!$BE:$BE),0),"MENA",IFERROR(_xlfn.XLOOKUP(Summary!D61,MENA_Order!$C:$C,MENA_Order!$BE:$BE),0),Summary!AT61)} -> 3321 | U61: =IF($G$3="All",1,--($S61=$G$3)) -> 1 | V61: =IF($G$4="All",1,--(Summary!E61=$G$4)) -> 1 | Y61: =Summary!E62 -> Virgin Coconut Oil - 100ml - Units | Z61: =IF(AND($G61<0,ISNUMBER(SEARCH("P1",$K61))),-$G61,"") | AA61: =IF($G61<0,-$G61,"")
A62: {=IF($N62="","",INDEX(Summary!$C:$C,$N62))} | B62: {=IF($N62="","",INDEX(Summary!$B:$B,$N62))} | C62: {=IF($N62="","",INDEX(Summary!$D:$D,$N62))} | D62: {=IF($N62="","",INDEX(Summary!$E:$E,$N62))} | E62: {=IF($N62="","",INDEX($O:$O,$N62))} | F62: {=IF($N62="","",INDEX($T:$T,$N62))} | G62: {=IF($N62="","",INDEX($R:$R,$N62))} | H62: {=IF($N62="","",IFERROR(INDEX($T:$T,$N62)/INDEX($O:$O,$N62),""))} | I62: {=IF($N62="","",INDEX(Summary!$BA:$BA,$N62))} | J62: {=IF($N62="","",INDEX(Summary!$BB:$BB,$N62))} | K62: {=IF($N62="","",INDEX(Summary!$BC:$BC,$N62))} | L62: {=IF($N62="","",INDEX(Summary!$AY:$AY,$N62))} | N62: {=IFERROR(_xlfn.AGGREGATE(15,6,ROW($R$3:$R$62)/(($R$3:$R$62<0)*$P$3:$P$62*$Q$3:$Q$62*$U$3:$U$62*$V$3:$V$62),ROWS($N$28:N62)),"")} | O62: {=_xlfn.SWITCH($C$4,"MRP (Domestic)",Summary!G62,"ROW Manjari",Summary!H62,"USA Sea",Summary!I62,"Amazon USA Sea",Summary!J62,"USA Air",Summary!K62,"USA Amazon",Summary!L62,"UK",Summary!M62,"MENA",Summary!N62,Summary!O62)} -> 0 | P62: =--(Summary!B62<>"")*IF($C$3="All",1,--(Summary!C62=$C$3)) -> 1 | Q62: =IF($C$4="All",1,--(O62>0)) -> 1 | R62: =T62-O62 -> 102 | S62: =Summary!B62 -> Oil | T62: {=_xlfn.SWITCH($C$4,"MRP (Domestic)",IFERROR(_xlfn.XLOOKUP(Summary!D62,Domestic!$C:$C,Domestic!$BE:$BE),0),"ROW Manjari",IFERROR(_xlfn.XLOOKUP(Summary!D62,ROW_Manjari!$C:$C,ROW_Manjari!$BE:$BE),0),"USA Sea",IFERROR(_xlfn.XLOOKUP(Summary!D62,USA_Sea!$C:$C,USA_Sea!$BE:$BE),0),"Amazon USA Sea",IFERROR(_xlfn.XLOOKUP(Summary!D62,Amazon_USA_Sea!$C:$C,Amazon_USA_Sea!$AX:$AX),0),"USA Air",IFERROR(_xlfn.XLOOKUP(Summary!D62,USA_Air!$C:$C,USA_Air!$BE:$BE),0),"USA Amazon",IFERROR(_xlfn.XLOOKUP(Summary!D62,USA_Amazon_Air!$C:$C,USA_Amazon_Air!$BE:$BE),0),"UK",IFERROR(_xlfn.XLOOKUP(Summary!D62,UK_Order!$C:$C,UK_Order!$BE:$BE),0),"MENA",IFERROR(_xlfn.XLOOKUP(Summary!D62,MENA_Order!$C:$C,MENA_Order!$BE:$BE),0),Summary!AT62)} -> 102 | U62: =IF($G$3="All",1,--($S62=$G$3)) -> 1 | V62: =IF($G$4="All",1,--(Summary!E62=$G$4)) -> 1 | Z62: =IF(AND($G62<0,ISNUMBER(SEARCH("P1",$K62))),-$G62,"") | AA62: =IF($G62<0,-$G62,"")
A63: {=IF($N63="","",INDEX(Summary!$C:$C,$N63))} | B63: {=IF($N63="","",INDEX(Summary!$B:$B,$N63))} | C63: {=IF($N63="","",INDEX(Summary!$D:$D,$N63))} | D63: {=IF($N63="","",INDEX(Summary!$E:$E,$N63))} | E63: {=IF($N63="","",INDEX($O:$O,$N63))} | F63: {=IF($N63="","",INDEX($T:$T,$N63))} | G63: {=IF($N63="","",INDEX($R:$R,$N63))} | H63: {=IF($N63="","",IFERROR(INDEX($T:$T,$N63)/INDEX($O:$O,$N63),""))} | I63: {=IF($N63="","",INDEX(Summary!$BA:$BA,$N63))} | J63: {=IF($N63="","",INDEX(Summary!$BB:$BB,$N63))} | K63: {=IF($N63="","",INDEX(Summary!$BC:$BC,$N63))} | L63: {=IF($N63="","",INDEX(Summary!$AY:$AY,$N63))} | N63: {=IFERROR(_xlfn.AGGREGATE(15,6,ROW($R$3:$R$62)/(($R$3:$R$62<0)*$P$3:$P$62*$Q$3:$Q$62*$U$3:$U$62*$V$3:$V$62),ROWS($N$28:N63)),"")} | Z63: =IF(AND($G63<0,ISNUMBER(SEARCH("P1",$K63))),-$G63,"") | AA63: =IF($G63<0,-$G63,"")
A64: {=IF($N64="","",INDEX(Summary!$C:$C,$N64))} | B64: {=IF($N64="","",INDEX(Summary!$B:$B,$N64))} | C64: {=IF($N64="","",INDEX(Summary!$D:$D,$N64))} | D64: {=IF($N64="","",INDEX(Summary!$E:$E,$N64))} | E64: {=IF($N64="","",INDEX($O:$O,$N64))} | F64: {=IF($N64="","",INDEX($T:$T,$N64))} | G64: {=IF($N64="","",INDEX($R:$R,$N64))} | H64: {=IF($N64="","",IFERROR(INDEX($T:$T,$N64)/INDEX($O:$O,$N64),""))} | I64: {=IF($N64="","",INDEX(Summary!$BA:$BA,$N64))} | J64: {=IF($N64="","",INDEX(Summary!$BB:$BB,$N64))} | K64: {=IF($N64="","",INDEX(Summary!$BC:$BC,$N64))} | L64: {=IF($N64="","",INDEX(Summary!$AY:$AY,$N64))} | N64: {=IFERROR(_xlfn.AGGREGATE(15,6,ROW($R$3:$R$62)/(($R$3:$R$62<0)*$P$3:$P$62*$Q$3:$Q$62*$U$3:$U$62*$V$3:$V$62),ROWS($N$28:N64)),"")} | Z64: =IF(AND($G64<0,ISNUMBER(SEARCH("P1",$K64))),-$G64,"") | AA64: =IF($G64<0,-$G64,"")
A65: {=IF($N65="","",INDEX(Summary!$C:$C,$N65))} | B65: {=IF($N65="","",INDEX(Summary!$B:$B,$N65))} | C65: {=IF($N65="","",INDEX(Summary!$D:$D,$N65))} | D65: {=IF($N65="","",INDEX(Summary!$E:$E,$N65))} | E65: {=IF($N65="","",INDEX($O:$O,$N65))} | F65: {=IF($N65="","",INDEX($T:$T,$N65))} | G65: {=IF($N65="","",INDEX($R:$R,$N65))} | H65: {=IF($N65="","",IFERROR(INDEX($T:$T,$N65)/INDEX($O:$O,$N65),""))} | I65: {=IF($N65="","",INDEX(Summary!$BA:$BA,$N65))} | J65: {=IF($N65="","",INDEX(Summary!$BB:$BB,$N65))} | K65: {=IF($N65="","",INDEX(Summary!$BC:$BC,$N65))} | L65: {=IF($N65="","",INDEX(Summary!$AY:$AY,$N65))} | N65: {=IFERROR(_xlfn.AGGREGATE(15,6,ROW($R$3:$R$62)/(($R$3:$R$62<0)*$P$3:$P$62*$Q$3:$Q$62*$U$3:$U$62*$V$3:$V$62),ROWS($N$28:N65)),"")} | Z65: =IF(AND($G65<0,ISNUMBER(SEARCH("P1",$K65))),-$G65,"") | AA65: =IF($G65<0,-$G65,"")
A66: {=IF($N66="","",INDEX(Summary!$C:$C,$N66))} | B66: {=IF($N66="","",INDEX(Summary!$B:$B,$N66))} | C66: {=IF($N66="","",INDEX(Summary!$D:$D,$N66))} | D66: {=IF($N66="","",INDEX(Summary!$E:$E,$N66))} | E66: {=IF($N66="","",INDEX($O:$O,$N66))} | F66: {=IF($N66="","",INDEX($T:$T,$N66))} | G66: {=IF($N66="","",INDEX($R:$R,$N66))} | H66: {=IF($N66="","",IFERROR(INDEX($T:$T,$N66)/INDEX($O:$O,$N66),""))} | I66: {=IF($N66="","",INDEX(Summary!$BA:$BA,$N66))} | J66: {=IF($N66="","",INDEX(Summary!$BB:$BB,$N66))} | K66: {=IF($N66="","",INDEX(Summary!$BC:$BC,$N66))} | L66: {=IF($N66="","",INDEX(Summary!$AY:$AY,$N66))} | N66: {=IFERROR(_xlfn.AGGREGATE(15,6,ROW($R$3:$R$62)/(($R$3:$R$62<0)*$P$3:$P$62*$Q$3:$Q$62*$U$3:$U$62*$V$3:$V$62),ROWS($N$28:N66)),"")} | Z66: =IF(AND($G66<0,ISNUMBER(SEARCH("P1",$K66))),-$G66,"") | AA66: =IF($G66<0,-$G66,"")
A67: {=IF($N67="","",INDEX(Summary!$C:$C,$N67))} | B67: {=IF($N67="","",INDEX(Summary!$B:$B,$N67))} | C67: {=IF($N67="","",INDEX(Summary!$D:$D,$N67))} | D67: {=IF($N67="","",INDEX(Summary!$E:$E,$N67))} | E67: {=IF($N67="","",INDEX($O:$O,$N67))} | F67: {=IF($N67="","",INDEX($T:$T,$N67))} | G67: {=IF($N67="","",INDEX($R:$R,$N67))} | H67: {=IF($N67="","",IFERROR(INDEX($T:$T,$N67)/INDEX($O:$O,$N67),""))} | I67: {=IF($N67="","",INDEX(Summary!$BA:$BA,$N67))} | J67: {=IF($N67="","",INDEX(Summary!$BB:$BB,$N67))} | K67: {=IF($N67="","",INDEX(Summary!$BC:$BC,$N67))} | L67: {=IF($N67="","",INDEX(Summary!$AY:$AY,$N67))} | N67: {=IFERROR(_xlfn.AGGREGATE(15,6,ROW($R$3:$R$62)/(($R$3:$R$62<0)*$P$3:$P$62*$Q$3:$Q$62*$U$3:$U$62*$V$3:$V$62),ROWS($N$28:N67)),"")} | Z67: =IF(AND($G67<0,ISNUMBER(SEARCH("P1",$K67))),-$G67,"") | AA67: =IF($G67<0,-$G67,"")
A68: {=IF($N68="","",INDEX(Summary!$C:$C,$N68))} | B68: {=IF($N68="","",INDEX(Summary!$B:$B,$N68))} | C68: {=IF($N68="","",INDEX(Summary!$D:$D,$N68))} | D68: {=IF($N68="","",INDEX(Summary!$E:$E,$N68))} | E68: {=IF($N68="","",INDEX($O:$O,$N68))} | F68: {=IF($N68="","",INDEX($T:$T,$N68))} | G68: {=IF($N68="","",INDEX($R:$R,$N68))} | H68: {=IF($N68="","",IFERROR(INDEX($T:$T,$N68)/INDEX($O:$O,$N68),""))} | I68: {=IF($N68="","",INDEX(Summary!$BA:$BA,$N68))} | J68: {=IF($N68="","",INDEX(Summary!$BB:$BB,$N68))} | K68: {=IF($N68="","",INDEX(Summary!$BC:$BC,$N68))} | L68: {=IF($N68="","",INDEX(Summary!$AY:$AY,$N68))} | N68: {=IFERROR(_xlfn.AGGREGATE(15,6,ROW($R$3:$R$62)/(($R$3:$R$62<0)*$P$3:$P$62*$Q$3:$Q$62*$U$3:$U$62*$V$3:$V$62),ROWS($N$28:N68)),"")} | Z68: =IF(AND($G68<0,ISNUMBER(SEARCH("P1",$K68))),-$G68,"") | AA68: =IF($G68<0,-$G68,"")
A69: {=IF($N69="","",INDEX(Summary!$C:$C,$N69))} | B69: {=IF($N69="","",INDEX(Summary!$B:$B,$N69))} | C69: {=IF($N69="","",INDEX(Summary!$D:$D,$N69))} | D69: {=IF($N69="","",INDEX(Summary!$E:$E,$N69))} | E69: {=IF($N69="","",INDEX($O:$O,$N69))} | F69: {=IF($N69="","",INDEX($T:$T,$N69))} | G69: {=IF($N69="","",INDEX($R:$R,$N69))} | H69: {=IF($N69="","",IFERROR(INDEX($T:$T,$N69)/INDEX($O:$O,$N69),""))} | I69: {=IF($N69="","",INDEX(Summary!$BA:$BA,$N69))} | J69: {=IF($N69="","",INDEX(Summary!$BB:$BB,$N69))} | K69: {=IF($N69="","",INDEX(Summary!$BC:$BC,$N69))} | L69: {=IF($N69="","",INDEX(Summary!$AY:$AY,$N69))} | N69: {=IFERROR(_xlfn.AGGREGATE(15,6,ROW($R$3:$R$62)/(($R$3:$R$62<0)*$P$3:$P$62*$Q$3:$Q$62*$U$3:$U$62*$V$3:$V$62),ROWS($N$28:N69)),"")} | Z69: =IF(AND($G69<0,ISNUMBER(SEARCH("P1",$K69))),-$G69,"") | AA69: =IF($G69<0,-$G69,"")
A70: {=IF($N70="","",INDEX(Summary!$C:$C,$N70))} | B70: {=IF($N70="","",INDEX(Summary!$B:$B,$N70))} | C70: {=IF($N70="","",INDEX(Summary!$D:$D,$N70))} | D70: {=IF($N70="","",INDEX(Summary!$E:$E,$N70))} | E70: {=IF($N70="","",INDEX($O:$O,$N70))} | F70: {=IF($N70="","",INDEX($T:$T,$N70))} | G70: {=IF($N70="","",INDEX($R:$R,$N70))} | H70: {=IF($N70="","",IFERROR(INDEX($T:$T,$N70)/INDEX($O:$O,$N70),""))} | I70: {=IF($N70="","",INDEX(Summary!$BA:$BA,$N70))} | J70: {=IF($N70="","",INDEX(Summary!$BB:$BB,$N70))} | K70: {=IF($N70="","",INDEX(Summary!$BC:$BC,$N70))} | L70: {=IF($N70="","",INDEX(Summary!$AY:$AY,$N70))} | N70: {=IFERROR(_xlfn.AGGREGATE(15,6,ROW($R$3:$R$62)/(($R$3:$R$62<0)*$P$3:$P$62*$Q$3:$Q$62*$U$3:$U$62*$V$3:$V$62),ROWS($N$28:N70)),"")} | Z70: =IF(AND($G70<0,ISNUMBER(SEARCH("P1",$K70))),-$G70,"") | AA70: =IF($G70<0,-$G70,"")
A71: {=IF($N71="","",INDEX(Summary!$C:$C,$N71))} | B71: {=IF($N71="","",INDEX(Summary!$B:$B,$N71))} | C71: {=IF($N71="","",INDEX(Summary!$D:$D,$N71))} | D71: {=IF($N71="","",INDEX(Summary!$E:$E,$N71))} | E71: {=IF($N71="","",INDEX($O:$O,$N71))} | F71: {=IF($N71="","",INDEX($T:$T,$N71))} | G71: {=IF($N71="","",INDEX($R:$R,$N71))} | H71: {=IF($N71="","",IFERROR(INDEX($T:$T,$N71)/INDEX($O:$O,$N71),""))} | I71: {=IF($N71="","",INDEX(Summary!$BA:$BA,$N71))} | J71: {=IF($N71="","",INDEX(Summary!$BB:$BB,$N71))} | K71: {=IF($N71="","",INDEX(Summary!$BC:$BC,$N71))} | L71: {=IF($N71="","",INDEX(Summary!$AY:$AY,$N71))} | N71: {=IFERROR(_xlfn.AGGREGATE(15,6,ROW($R$3:$R$62)/(($R$3:$R$62<0)*$P$3:$P$62*$Q$3:$Q$62*$U$3:$U$62*$V$3:$V$62),ROWS($N$28:N71)),"")} | Z71: =IF(AND($G71<0,ISNUMBER(SEARCH("P1",$K71))),-$G71,"") | AA71: =IF($G71<0,-$G71,"")
A72: {=IF($N72="","",INDEX(Summary!$C:$C,$N72))} | B72: {=IF($N72="","",INDEX(Summary!$B:$B,$N72))} | C72: {=IF($N72="","",INDEX(Summary!$D:$D,$N72))} | D72: {=IF($N72="","",INDEX(Summary!$E:$E,$N72))} | E72: {=IF($N72="","",INDEX($O:$O,$N72))} | F72: {=IF($N72="","",INDEX($T:$T,$N72))} | G72: {=IF($N72="","",INDEX($R:$R,$N72))} | H72: {=IF($N72="","",IFERROR(INDEX($T:$T,$N72)/INDEX($O:$O,$N72),""))} | I72: {=IF($N72="","",INDEX(Summary!$BA:$BA,$N72))} | J72: {=IF($N72="","",INDEX(Summary!$BB:$BB,$N72))} | K72: {=IF($N72="","",INDEX(Summary!$BC:$BC,$N72))} | L72: {=IF($N72="","",INDEX(Summary!$AY:$AY,$N72))} | N72: {=IFERROR(_xlfn.AGGREGATE(15,6,ROW($R$3:$R$62)/(($R$3:$R$62<0)*$P$3:$P$62*$Q$3:$Q$62*$U$3:$U$62*$V$3:$V$62),ROWS($N$28:N72)),"")} | Z72: =IF(AND($G72<0,ISNUMBER(SEARCH("P1",$K72))),-$G72,"") | AA72: =IF($G72<0,-$G72,"")
A73: {=IF($N73="","",INDEX(Summary!$C:$C,$N73))} | B73: {=IF($N73="","",INDEX(Summary!$B:$B,$N73))} | C73: {=IF($N73="","",INDEX(Summary!$D:$D,$N73))} | D73: {=IF($N73="","",INDEX(Summary!$E:$E,$N73))} | E73: {=IF($N73="","",INDEX($O:$O,$N73))} | F73: {=IF($N73="","",INDEX($T:$T,$N73))} | G73: {=IF($N73="","",INDEX($R:$R,$N73))} | H73: {=IF($N73="","",IFERROR(INDEX($T:$T,$N73)/INDEX($O:$O,$N73),""))} | I73: {=IF($N73="","",INDEX(Summary!$BA:$BA,$N73))} | J73: {=IF($N73="","",INDEX(Summary!$BB:$BB,$N73))} | K73: {=IF($N73="","",INDEX(Summary!$BC:$BC,$N73))} | L73: {=IF($N73="","",INDEX(Summary!$AY:$AY,$N73))} | N73: {=IFERROR(_xlfn.AGGREGATE(15,6,ROW($R$3:$R$62)/(($R$3:$R$62<0)*$P$3:$P$62*$Q$3:$Q$62*$U$3:$U$62*$V$3:$V$62),ROWS($N$28:N73)),"")} | Z73: =IF(AND($G73<0,ISNUMBER(SEARCH("P1",$K73))),-$G73,"") | AA73: =IF($G73<0,-$G73,"")
A74: {=IF($N74="","",INDEX(Summary!$C:$C,$N74))} | B74: {=IF($N74="","",INDEX(Summary!$B:$B,$N74))} | C74: {=IF($N74="","",INDEX(Summary!$D:$D,$N74))} | D74: {=IF($N74="","",INDEX(Summary!$E:$E,$N74))} | E74: {=IF($N74="","",INDEX($O:$O,$N74))} | F74: {=IF($N74="","",INDEX($T:$T,$N74))} | G74: {=IF($N74="","",INDEX($R:$R,$N74))} | H74: {=IF($N74="","",IFERROR(INDEX($T:$T,$N74)/INDEX($O:$O,$N74),""))} | I74: {=IF($N74="","",INDEX(Summary!$BA:$BA,$N74))} | J74: {=IF($N74="","",INDEX(Summary!$BB:$BB,$N74))} | K74: {=IF($N74="","",INDEX(Summary!$BC:$BC,$N74))} | L74: {=IF($N74="","",INDEX(Summary!$AY:$AY,$N74))} | N74: {=IFERROR(_xlfn.AGGREGATE(15,6,ROW($R$3:$R$62)/(($R$3:$R$62<0)*$P$3:$P$62*$Q$3:$Q$62*$U$3:$U$62*$V$3:$V$62),ROWS($N$28:N74)),"")} | Z74: =IF(AND($G74<0,ISNUMBER(SEARCH("P1",$K74))),-$G74,"") | AA74: =IF($G74<0,-$G74,"")
... A95: {=IF($N95="","",INDEX(Summary!$C:$C,$N95))} | B95: {=IF($N95="","",INDEX(Summary!$B:$B,$N95))} | C95: {=IF($N95="","",INDEX(Summary!$D:$D,$N95))} | D95: {=IF($N95="","",INDEX(Summary!$E:$E,$N95))} | E95: {=IF($N95="","",INDEX($O:$O,$N95))} | F95: {=IF($N95="","",INDEX($T:$T,$N95))} | G95: {=IF($N95="","",INDEX($R:$R,$N95))} | H95: {=IF($N95="","",IFERROR(INDEX($T:$T,$N95)/INDEX($O:$O,$N95),""))} | I95: {=IF($N95="","",INDEX(Summary!$BA:$BA,$N95))} | J95: {=IF($N95="","",INDEX(Summary!$BB:$BB,$N95))} | K95: {=IF($N95="","",INDEX(Summary!$BC:$BC,$N95))} | L95: {=IF($N95="","",INDEX(Summary!$AY:$AY,$N95))} | N95: {=IFERROR(_xlfn.AGGREGATE(15,6,ROW($R$3:$R$62)/(($R$3:$R$62<0)*$P$3:$P$62*$Q$3:$Q$62*$U$3:$U$62*$V$3:$V$62),ROWS($N$28:N95)),"")} | Z95: =IF(AND($G95<0,ISNUMBER(SEARCH("P1",$K95))),-$G95,"") | AA95: =IF($G95<0,-$G95,"")
A96: {=IF($N96="","",INDEX(Summary!$C:$C,$N96))} | B96: {=IF($N96="","",INDEX(Summary!$B:$B,$N96))} | C96: {=IF($N96="","",INDEX(Summary!$D:$D,$N96))} | D96: {=IF($N96="","",INDEX(Summary!$E:$E,$N96))} | E96: {=IF($N96="","",INDEX($O:$O,$N96))} | F96: {=IF($N96="","",INDEX($T:$T,$N96))} | G96: {=IF($N96="","",INDEX($R:$R,$N96))} | H96: {=IF($N96="","",IFERROR(INDEX($T:$T,$N96)/INDEX($O:$O,$N96),""))} | I96: {=IF($N96="","",INDEX(Summary!$BA:$BA,$N96))} | J96: {=IF($N96="","",INDEX(Summary!$BB:$BB,$N96))} | K96: {=IF($N96="","",INDEX(Summary!$BC:$BC,$N96))} | L96: {=IF($N96="","",INDEX(Summary!$AY:$AY,$N96))}
A98: PRODUCTION TRACKING & VISUALS | AC98: Section | AD98: Fulfillment
AC99: =A13 -> Atta | AD99: =D13 -> 0.81279886
A100: PACE TO PLAN | AC100: =A14 -> Honey | AD100: =D14
A101: Working days in month | C101: 30 | AC101: =A15 -> Jaggery | AD101: =D15
A102: Working days elapsed | C102: =MIN($C$101,MAX(1,NETWORKDAYS.INTL(Summary!$P$2,TODAY(),11))) -> 30 | AC102: =A16 -> MG | AD102: =D16
A103: Days remaining | C103: =MAX(C101-C102,0) -> 0 | AC103: =A17 -> Oil | AD103: =D17 -> 0.98004403
A104: Plan (packets) | C104: =$A$6 -> 174571 | AC104: =A18 -> Raw_Agri | AD104: =D18 -> 0.61723832
A105: Produced to date | C105: =$C$6 -> 140745.8
A106: Remaining to produce | C106: =MAX($A$6-$C$6,0) -> 33825.2
A107: Current run-rate /day | C107: =IFERROR($C$6/C102,0) -> 4691.5267 | AC107: Product | AD107: Pending PKT
A108: Required run-rate /day | C108: =IFERROR(C106/C103,0) -> 0 | AC108: =IFERROR(INDEX($D$28:$D$95,MATCH(LARGE($AA$28:$AA$95,ROW()-107),$AA$28:$AA$95,0)),"") -> Khapli protein atta 2kg | AD108: =IFERROR(LARGE($AA$28:$AA$95,ROW()-107),"") -> 12157
A109: Projected month-end (packets) | C109: =C107*C101 -> 140745.8 | AC109: =IFERROR(INDEX($D$28:$D$95,MATCH(LARGE($AA$28:$AA$95,ROW()-107),$AA$28:$AA$95,0)),"") -> Jowar atta 500 | AD109: =IFERROR(LARGE($AA$28:$AA$95,ROW()-107),"") -> 6095
A110: Projected fulfillment % | C110: =IFERROR(C109/$A$6,0) -> 0.80623815 | AC110: =IFERROR(INDEX($D$28:$D$95,MATCH(LARGE($AA$28:$AA$95,ROW()-107),$AA$28:$AA$95,0)),"") -> Jowar Atta (Stoneground) - 2kg | AD110: =IFERROR(LARGE($AA$28:$AA$95,ROW()-107),"") -> 1780
A111: Status | C111: =IF($A$6="","-",IF(C107>=C108,"ON TRACK","BEHIND")) -> ON TRACK | AC111: =IFERROR(INDEX($D$28:$D$95,MATCH(LARGE($AA$28:$AA$95,ROW()-107),$AA$28:$AA$95,0)),"") -> Jowar atta 910g | AD111: =IFERROR(LARGE($AA$28:$AA$95,ROW()-107),"") -> 387
AC112: =IFERROR(INDEX($D$28:$D$95,MATCH(LARGE($AA$28:$AA$95,ROW()-107),$AA$28:$AA$95,0)),"") | AD112: =IFERROR(LARGE($AA$28:$AA$95,ROW()-107),"")
AC113: =IFERROR(INDEX($D$28:$D$95,MATCH(LARGE($AA$28:$AA$95,ROW()-107),$AA$28:$AA$95,0)),"") | AD113: =IFERROR(LARGE($AA$28:$AA$95,ROW()-107),"")
A114: FOCUS TODAY — TOP CRITICAL PENDING | AC114: =IFERROR(INDEX($D$28:$D$95,MATCH(LARGE($AA$28:$AA$95,ROW()-107),$AA$28:$AA$95,0)),"") | AD114: =IFERROR(LARGE($AA$28:$AA$95,ROW()-107),"")
A115: Product | C115: Section | D115: Pending PKT | AC115: =IFERROR(INDEX($D$28:$D$95,MATCH(LARGE($AA$28:$AA$95,ROW()-107),$AA$28:$AA$95,0)),"") | AD115: =IFERROR(LARGE($AA$28:$AA$95,ROW()-107),"")
A116: =IFERROR(INDEX($D$28:$D$95,MATCH(LARGE($Z$28:$Z$95,ROW()-115),$Z$28:$Z$95,0)),"") -> Khapli protein atta 2kg | C116: =IFERROR(INDEX($B$28:$B$95,MATCH(LARGE($Z$28:$Z$95,ROW()-115),$Z$28:$Z$95,0)),"") -> Atta | D116: =IFERROR(LARGE($Z$28:$Z$95,ROW()-115),"") -> 12157 | AC116: =IFERROR(INDEX($D$28:$D$95,MATCH(LARGE($AA$28:$AA$95,ROW()-107),$AA$28:$AA$95,0)),"") | AD116: =IFERROR(LARGE($AA$28:$AA$95,ROW()-107),"")
A117: =IFERROR(INDEX($D$28:$D$95,MATCH(LARGE($Z$28:$Z$95,ROW()-115),$Z$28:$Z$95,0)),"") -> Jowar atta 500 | C117: =IFERROR(INDEX($B$28:$B$95,MATCH(LARGE($Z$28:$Z$95,ROW()-115),$Z$28:$Z$95,0)),"") -> Atta | D117: =IFERROR(LARGE($Z$28:$Z$95,ROW()-115),"") -> 6095 | AC117: =IFERROR(INDEX($D$28:$D$95,MATCH(LARGE($AA$28:$AA$95,ROW()-107),$AA$28:$AA$95,0)),"") | AD117: =IFERROR(LARGE($AA$28:$AA$95,ROW()-107),"")
A118: =IFERROR(INDEX($D$28:$D$95,MATCH(LARGE($Z$28:$Z$95,ROW()-115),$Z$28:$Z$95,0)),"") -> Jowar Atta (Stoneground) - 2kg | C118: =IFERROR(INDEX($B$28:$B$95,MATCH(LARGE($Z$28:$Z$95,ROW()-115),$Z$28:$Z$95,0)),"") -> Atta | D118: =IFERROR(LARGE($Z$28:$Z$95,ROW()-115),"") -> 1780
A119: =IFERROR(INDEX($D$28:$D$95,MATCH(LARGE($Z$28:$Z$95,ROW()-115),$Z$28:$Z$95,0)),"") | C119: =IFERROR(INDEX($B$28:$B$95,MATCH(LARGE($Z$28:$Z$95,ROW()-115),$Z$28:$Z$95,0)),"") | D119: =IFERROR(LARGE($Z$28:$Z$95,ROW()-115),"")
A120: =IFERROR(INDEX($D$28:$D$95,MATCH(LARGE($Z$28:$Z$95,ROW()-115),$Z$28:$Z$95,0)),"") | C120: =IFERROR(INDEX($B$28:$B$95,MATCH(LARGE($Z$28:$Z$95,ROW()-115),$Z$28:$Z$95,0)),"") | D120: =IFERROR(LARGE($Z$28:$Z$95,ROW()-115),"") | AC120: Day | AD120: Actual | AE120: Target
A121: =IFERROR(INDEX($D$28:$D$95,MATCH(LARGE($Z$28:$Z$95,ROW()-115),$Z$28:$Z$95,0)),"") | C121: =IFERROR(INDEX($B$28:$B$95,MATCH(LARGE($Z$28:$Z$95,ROW()-115),$Z$28:$Z$95,0)),"") | D121: =IFERROR(LARGE($Z$28:$Z$95,ROW()-115),"") | AC121: =A130 -> 1 | AD121: =C130 -> 6537 | AE121: =D130 -> 5819
A122: =IFERROR(INDEX($D$28:$D$95,MATCH(LARGE($Z$28:$Z$95,ROW()-115),$Z$28:$Z$95,0)),"") | C122: =IFERROR(INDEX($B$28:$B$95,MATCH(LARGE($Z$28:$Z$95,ROW()-115),$Z$28:$Z$95,0)),"") | D122: =IFERROR(LARGE($Z$28:$Z$95,ROW()-115),"") | AC122: =A131 -> 2 | AD122: =C131 -> 10461 | AE122: =D131 -> 11638
A123: =IFERROR(INDEX($D$28:$D$95,MATCH(LARGE($Z$28:$Z$95,ROW()-115),$Z$28:$Z$95,0)),"") | C123: =IFERROR(INDEX($B$28:$B$95,MATCH(LARGE($Z$28:$Z$95,ROW()-115),$Z$28:$Z$95,0)),"") | D123: =IFERROR(LARGE($Z$28:$Z$95,ROW()-115),"") | AC123: =A132 -> 3 | AD123: =C132 -> 10461 | AE123: =D132 -> 17457
A124: =IFERROR(INDEX($D$28:$D$95,MATCH(LARGE($Z$28:$Z$95,ROW()-115),$Z$28:$Z$95,0)),"") | C124: =IFERROR(INDEX($B$28:$B$95,MATCH(LARGE($Z$28:$Z$95,ROW()-115),$Z$28:$Z$95,0)),"") | D124: =IFERROR(LARGE($Z$28:$Z$95,ROW()-115),"") | AC124: =A133 -> 4 | AD124: =C133 -> 14572 | AE124: =D133 -> 23276
A125: =IFERROR(INDEX($D$28:$D$95,MATCH(LARGE($Z$28:$Z$95,ROW()-115),$Z$28:$Z$95,0)),"") | C125: =IFERROR(INDEX($B$28:$B$95,MATCH(LARGE($Z$28:$Z$95,ROW()-115),$Z$28:$Z$95,0)),"") | D125: =IFERROR(LARGE($Z$28:$Z$95,ROW()-115),"") | AC125: =A134 -> 5 | AD125: =C134 -> 20050 | AE125: =D134 -> 29095
AC126: =A135 -> 6 | AD126: =C135 -> 23096 | AE126: =D135 -> 34914
AC127: =A136 -> 7 | AD127: =C136 -> 26169 | AE127: =D136 -> 40733
...

Sheet Summary
G1: =SUBTOTAL(9,G3:INDEX(G3:G59,ROW()-1)) -> 353617 | H1: =SUBTOTAL(9,H3:INDEX(H3:H59,ROW()-1)) -> 349 | I1: =SUBTOTAL(9,I3:INDEX(I3:I59,ROW()-1)) -> 5500 | J1: =SUBTOTAL(9,J3:INDEX(J3:J59,ROW()-1)) -> 0 | K1: =SUBTOTAL(9,K3:INDEX(K3:K59,ROW()-1)) -> 10423 | L1: =SUBTOTAL(9,L3:INDEX(L3:L59,ROW()-1)) -> 2780 | M1: =SUBTOTAL(9,M3:INDEX(M3:M59,ROW()-1)) -> 6084 | N1: =SUBTOTAL(9,N3:INDEX(N3:N59,ROW()-1)) -> 0 | O1: =SUBTOTAL(9,O3:INDEX(O3:O70,ROW()-1)) -> 368025 | AT1: =SUBTOTAL(9,AT3:INDEX(AT3:AT70,ROW()-1)) -> 337471.22 | AX1: =AT1/O1 -> 0.91697907
A2: Sr. No. | B2: Section | C2: Plant | D2: FG Code | E2: Product Names | F2: UOM | G2: MRP (Domestic) | H2: ROW Manjari | I2: USA Sea | J2: Amazon USA Sea | K2: USA Air | L2: USA Amazon | M2: UK | N2: MENA | O2: Production Plan | P2: 46227 | Q2: 25 | R2: 26 | S2: 27 | T2: 28 | U2: 29 | V2: 30 | W2: 1 | X2: 2 | Y2: 3 | Z2: 4 | AA2: 5 | AB2: 6 | AC2: 7 | AD2: 8 | AE2: 9 | AF2: 10 | AG2: 11 | AH2: 12 | AI2: 13 | AJ2: 14 | AK2: 15 | AL2: 16 | AM2: 17 | AN2: 18 | AO2: 19 | AP2: 20 | AQ2: 21 | AR2: 22 | AS2: 23 | AT2: Production Done (PKT) | AU2: Total Monthly Production (KG) | AV2: Pending (PKT) | AW2: Pending (KG) | AX2: Total Fulfillment Rate % | AY2: Remark & RCA | AZ2: SOH – Central WH | BA2: DOH - Central WH | BB2: Risk Score | BC2: Priority
A3: 1 | B3: Atta | C3: C39 | D3: FG00724 | E3: Khapli Atta 1KG | F3: 1 | G3: =IFERROR(_xlfn.XLOOKUP(D3,Projection_!A:A,Projection_!K:K),"") -> 0 | H3: =IFERROR(_xlfn.XLOOKUP(D3, Projection_!A:A, Projection_!L:L), "") -> 0 | I3: =IFERROR(_xlfn.XLOOKUP(D3, Projection_!A:A, Projection_!M:M), "") -> 0 | J3: =IFERROR(_xlfn.XLOOKUP(D3, Projection_!A:A, Projection_!N:N), "") -> 0 | K3: =IFERROR(_xlfn.XLOOKUP(D3,Projection_!A:A,Projection_!O:O),"") -> 6000 | L3: =IFERROR(_xlfn.XLOOKUP(D3,Projection_!A:A,Projection_!P:P),"") -> 0 | M3: =IFERROR(_xlfn.XLOOKUP(D3,Projection_!A:A,Projection_!Q:Q),"") -> 0 | N3: =IFERROR(_xlfn.XLOOKUP(D3,Projection_!A:A,Projection_!R:R),"") -> 0 | O3: =IFERROR(_xlfn.XLOOKUP(D3,Projection_!A:A,Projection_!T:T),"") -> 6000 | P3: =IFERROR(_xlfn.XLOOKUP($D3,Domestic!$C:$C,Domestic!O:O),0)+IFERROR(_xlfn.XLOOKUP($D3,ROW_Manjari!$C:$C,ROW_Manjari!O:O),0)+IFERROR(_xlfn.XLOOKUP($D3,USA_Sea!$C:$C,USA_Sea!O:O),0)+IFERROR(_xlfn.XLOOKUP($D3,USA_Air!$C:$C,USA_Air!O:O),0)+IFERROR(_xlfn.XLOOKUP($D3,USA_Amazon_Air!$C:$C,USA_Amazon_Air!O:O),0)+IFERROR(_xlfn.XLOOKUP($D3,UK_Order!$C:$C,UK_Order!O:O),0)+IFERROR(_xlfn.XLOOKUP($D3,MENA_Order!$C:$C,MENA_Order!O:O),0)+IFERROR(_xlfn.XLOOKUP($D3,Amazon_USA_Sea!$C:$C,Amazon_USA_Sea!H:H),0) -> 0 | Q3: =IFERROR(_xlfn.XLOOKUP($D3,Domestic!$C:$C,Domestic!P:P),0)+IFERROR(_xlfn.XLOOKUP($D3,ROW_Manjari!$C:$C,ROW_Manjari!P:P),0)+IFERROR(_xlfn.XLOOKUP($D3,USA_Sea!$C:$C,USA_Sea!P:P),0)+IFERROR(_xlfn.XLOOKUP($D3,USA_Air!$C:$C,USA_Air!P:P),0)+IFERROR(_xlfn.XLOOKUP($D3,USA_Amazon_Air!$C:$C,USA_Amazon_Air!P:P),0)+IFERROR(_xlfn.XLOOKUP($D3,UK_Order!$C:$C,UK_Order!P:P),0)+IFERROR(_xlfn.XLOOKUP($D3,MENA_Order!$C:$C,MENA_Order!P:P),0)+IFERROR(_xlfn.XLOOKUP($D3,Amazon_USA_Sea!$C:$C,Amazon_USA_Sea!I:I),0) -> 0 | R3: =IFERROR(_xlfn.XLOOKUP($D3,Domestic!$C:$C,Domestic!Q:Q),0)+IFERROR(_xlfn.XLOOKUP($D3,ROW_Manjari!$C:$C,ROW_Manjari!Q:Q),0)+IFERROR(_xlfn.XLOOKUP($D3,USA_Sea!$C:$C,USA_Sea!Q:Q),0)+IFERROR(_xlfn.XLOOKUP($D3,USA_Air!$C:$C,USA_Air!Q:Q),0)+IFERROR(_xlfn.XLOOKUP($D3,USA_Amazon_Air!$C:$C,USA_Amazon_Air!Q:Q),0)+IFERROR(_xlfn.XLOOKUP($D3,UK_Order!$C:$C,UK_Order!Q:Q),0)+IFERROR(_xlfn.XLOOKUP($D3,MENA_Order!$C:$C,MENA_Order!Q:Q),0)+IFERROR(_xlfn.XLOOKUP($D3,Amazon_USA_Sea!$C:$C,Amazon_USA_Sea!J:J),0) -> 0 | S3: =IFERROR(_xlfn.XLOOKUP($D3,Domestic!$C:$C,Domestic!R:R),0)+IFERROR(_xlfn.XLOOKUP($D3,ROW_Manjari!$C:$C,ROW_Manjari!R:R),0)+IFERROR(_xlfn.XLOOKUP($D3,USA_Sea!$C:$C,USA_Sea!R:R),0)+IFERROR(_xlfn.XLOOKUP($D3,USA_Air!$C:$C,USA_Air!R:R),0)+IFERROR(_xlfn.XLOOKUP($D3,USA_Amazon_Air!$C:$C,USA_Amazon_Air!R:R),0)+IFERROR(_xlfn.XLOOKUP($D3,UK_Order!$C:$C,UK_Order!R:R),0)+IFERROR(_xlfn.XLOOKUP($D3,MENA_Order!$C:$C,MENA_Order!R:R),0)+IFERROR(_xlfn.XLOOKUP($D3,Amazon_USA_Sea!$C:$C,Amazon_USA_Sea!K:K),0) -> 0 | T3: =IFERROR(_xlfn.XLOOKUP($D3,Domestic!$C:$C,Domestic!S:S),0)+IFERROR(_xlfn.XLOOKUP($D3,ROW_Manjari!$C:$C,ROW_Manjari!S:S),0)+IFERROR(_xlfn.XLOOKUP($D3,USA_Sea!$C:$C,USA_Sea!S:S),0)+IFERROR(_xlfn.XLOOKUP($D3,USA_Air!$C:$C,USA_Air!S:S),0)+IFERROR(_xlfn.XLOOKUP($D3,USA_Amazon_Air!$C:$C,USA_Amazon_Air!S:S),0)+IFERROR(_xlfn.XLOOKUP($D3,UK_Order!$C:$C,UK_Order!S:S),0)+IFERROR(_xlfn.XLOOKUP($D3,MENA_Order!$C:$C,MENA_Order!S:S),0)+IFERROR(_xlfn.XLOOKUP($D3,Amazon_USA_Sea!$C:$C,Amazon_USA_Sea!L:L),0) -> 0 | U3: =IFERROR(_xlfn.XLOOKUP($D3,Domestic!$C:$C,Domestic!T:T),0)+IFERROR(_xlfn.XLOOKUP($D3,ROW_Manjari!$C:$C,ROW_Manjari!T:T),0)+IFERROR(_xlfn.XLOOKUP($D3,USA_Sea!$C:$C,USA_Sea!T:T),0)+IFERROR(_xlfn.XLOOKUP($D3,USA_Air!$C:$C,USA_Air!T:T),0)+IFERROR(_xlfn.XLOOKUP($D3,USA_Amazon_Air!$C:$C,USA_Amazon_Air!T:T),0)+IFERROR(_xlfn.XLOOKUP($D3,UK_Order!$C:$C,UK_Order!T:T),0)+IFERROR(_xlfn.XLOOKUP($D3,MENA_Order!$C:$C,MENA_Order!T:T),0)+IFERROR(_xlfn.XLOOKUP($D3,Amazon_USA_Sea!$C:$C,Amazon_USA_Sea!M:M),0) -> 0 | V3: =IFERROR(_xlfn.XLOOKUP($D3,Domestic!$C:$C,Domestic!U:U),0)+IFERROR(_xlfn.XLOOKUP($D3,ROW_Manjari!$C:$C,ROW_Manjari!U:U),0)+IFERROR(_xlfn.XLOOKUP($D3,USA_Sea!$C:$C,USA_Sea!U:U),0)+IFERROR(_xlfn.XLOOKUP($D3,USA_Air!$C:$C,USA_Air!U:U),0)+IFERROR(_xlfn.XLOOKUP($D3,USA_Amazon_Air!$C:$C,USA_Amazon_Air!U:U),0)+IFERROR(_xlfn.XLOOKUP($D3,UK_Order!$C:$C,UK_Order!U:U),0)+IFERROR(_xlfn.XLOOKUP($D3,MENA_Order!$C:$C,MENA_Order!U:U),0)+IFERROR(_xlfn.XLOOKUP($D3,Amazon_USA_Sea!$C:$C,Amazon_USA_Sea!N:N),0) -> 0 | W3: =IFERROR(_xlfn.XLOOKUP($D3,Domestic!$C:$C,Domestic!Y:Y),0)+IFERROR(_xlfn.XLOOKUP($D3,ROW_Manjari!$C:$C,ROW_Manjari!Y:Y),0)+IFERROR(_xlfn.XLOOKUP($D3,USA_Sea!$C:$C,USA_Sea!Y:Y),0)+IFERROR(_xlfn.XLOOKUP($D3,USA_Air!$C:$C,USA_Air!Y:Y),0)+IFERROR(_xlfn.XLOOKUP($D3,USA_Amazon_Air!$C:$C,USA_Amazon_Air!Y:Y),0)+IFERROR(_xlfn.XLOOKUP($D3,UK_Order!$C:$C,UK_Order!Y:Y),0)+IFERROR(_xlfn.XLOOKUP($D3,MENA_Order!$C:$C,MENA_Order!Y:Y),0)+IFERROR(_xlfn.XLOOKUP($D3,Amazon_USA_Sea!$C:$C,Amazon_USA_Sea!R:R),0) -> 0 | X3: =IFERROR(_xlfn.XLOOKUP($D3,Domestic!$C:$C,Domestic!Z:Z),0)+IFERROR(_xlfn.XLOOKUP($D3,ROW_Manjari!$C:$C,ROW_Manjari!Z:Z),0)+IFERROR(_xlfn.XLOOKUP($D3,USA_Sea!$C:$C,USA_Sea!Z:Z),0)+IFERROR(_xlfn.XLOOKUP($D3,USA_Air!$C:$C,USA_Air!Z:Z),0)+IFERROR(_xlfn.XLOOKUP($D3,USA_Amazon_Air!$C:$C,USA_Amazon_Air!Z:Z),0)+IFERROR(_xlfn.XLOOKUP($D3,UK_Order!$C:$C,UK_Order!Z:Z),0)+IFERROR(_xlfn.XLOOKUP($D3,MENA_Order!$C:$C,MENA_Order!Z:Z),0)+IFERROR(_xlfn.XLOOKUP($D3,Amazon_USA_Sea!$C:$C,Amazon_USA_Sea!S:S),0) -> 0 | Y3: =IFERROR(_xlfn.XLOOKUP($D3,Domestic!$C:$C,Domestic!AA:AA),0)+IFERROR(_xlfn.XLOOKUP($D3,ROW_Manjari!$C:$C,ROW_Manjari!AA:AA),0)+IFERROR(_xlfn.XLOOKUP($D3,USA_Sea!$C:$C,USA_Sea!AA:AA),0)+IFERROR(_xlfn.XLOOKUP($D3,USA_Air!$C:$C,USA_Air!AA:AA),0)+IFERROR(_xlfn.XLOOKUP($D3,USA_Amazon_Air!$C:$C,USA_Amazon_Air!AA:AA),0)+IFERROR(_xlfn.XLOOKUP($D3,UK_Order!$C:$C,UK_Order!AA:AA),0)+IFERROR(_xlfn.XLOOKUP($D3,MENA_Order!$C:$C,MENA_Order!AA:AA),0)+IFERROR(_xlfn.XLOOKUP($D3,Amazon_USA_Sea!$C:$C,Amazon_USA_Sea!T:T),0) -> 0 | Z3: =IFERROR(_xlfn.XLOOKUP($D3,Domestic!$C:$C,Domestic!AB:AB),0)+IFERROR(_xlfn.XLOOKUP($D3,ROW_Manjari!$C:$C,ROW_Manjari!AB:AB),0)+IFERROR(_xlfn.XLOOKUP($D3,USA_Sea!$C:$C,USA_Sea!AB:AB),0)+IFERROR(_xlfn.XLOOKUP($D3,USA_Air!$C:$C,USA_Air!AB:AB),0)+IFERROR(_xlfn.XLOOKUP($D3,USA_Amazon_Air!$C:$C,USA_Amazon_Air!AB:AB),0)+IFERROR(_xlfn.XLOOKUP($D3,UK_Order!$C:$C,UK_Order!AB:AB),0)+IFERROR(_xlfn.XLOOKUP($D3,MENA_Order!$C:$C,MENA_Order!AB:AB),0)+IFERROR(_xlfn.XLOOKUP($D3,Amazon_USA_Sea!$C:$C,Amazon_USA_Sea!U:U),0) -> 0 | AA3: =IFERROR(_xlfn.XLOOKUP($D3,Domestic!$C:$C,Domestic!AC:AC),0)+IFERROR(_xlfn.XLOOKUP($D3,ROW_Manjari!$C:$C,ROW_Manjari!AC:AC),0)+IFERROR(_xlfn.XLOOKUP($D3,USA_Sea!$C:$C,USA_Sea!AC:AC),0)+IFERROR(_xlfn.XLOOKUP($D3,USA_Air!$C:$C,USA_Air!AC:AC),0)+IFERROR(_xlfn.XLOOKUP($D3,USA_Amazon_Air!$C:$C,USA_Amazon_Air!AC:AC),0)+IFERROR(_xlfn.XLOOKUP($D3,UK_Order!$C:$C,UK_Order!AC:AC),0)+IFERROR(_xlfn.XLOOKUP($D3,MENA_Order!$C:$C,MENA_Order!AC:AC),0)+IFERROR(_xlfn.XLOOKUP($D3,Amazon_USA_Sea!$C:$C,Amazon_USA_Sea!V:V),0) -> 0 | AB3: =IFERROR(_xlfn.XLOOKUP($D3,Domestic!$C:$C,Domestic!AD:AD),0)+IFERROR(_xlfn.XLOOKUP($D3,ROW_Manjari!$C:$C,ROW_Manjari!AD:AD),0)+IFERROR(_xlfn.XLOOKUP($D3,USA_Sea!$C:$C,USA_Sea!AD:AD),0)+IFERROR(_xlfn.XLOOKUP($D3,USA_Air!$C:$C,USA_Air!AD:AD),0)+IFERROR(_xlfn.XLOOKUP($D3,USA_Amazon_Air!$C:$C,USA_Amazon_Air!AD:AD),0)+IFERROR(_xlfn.XLOOKUP($D3,UK_Order!$C:$C,UK_Order!AD:AD),0)+IFERROR(_xlfn.XLOOKUP($D3,MENA_Order!$C:$C,MENA_Order!AD:AD),0)+IFERROR(_xlfn.XLOOKUP($D3,Amazon_USA_Sea!$C:$C,Amazon_USA_Sea!W:W),0) -> 0 | AC3: =IFERROR(_xlfn.XLOOKUP($D3,Domestic!$C:$C,Domestic!AE:AE),0)+IFERROR(_xlfn.XLOOKUP($D3,ROW_Manjari!$C:$C,ROW_Manjari!AE:AE),0)+IFERROR(_xlfn.XLOOKUP($D3,USA_Sea!$C:$C,USA_Sea!AE:AE),0)+IFERROR(_xlfn.XLOOKUP($D3,USA_Air!$C:$C,USA_Air!AE:AE),0)+IFERROR(_xlfn.XLOOKUP($D3,USA_Amazon_Air!$C:$C,USA_Amazon_Air!AE:AE),0)+IFERROR(_xlfn.XLOOKUP($D3,UK_Order!$C:$C,UK_Order!AE:AE),0)+IFERROR(_xlfn.XLOOKUP($D3,MENA_Order!$C:$C,MENA_Order!AE:AE),0)+IFERROR(_xlfn.XLOOKUP($D3,Amazon_USA_Sea!$C:$C,Amazon_USA_Sea!X:X),0) -> 0 | AD3: =IFERROR(_xlfn.XLOOKUP($D3,Domestic!$C:$C,Domestic!AI:AI),0)+IFERROR(_xlfn.XLOOKUP($D3,ROW_Manjari!$C:$C,ROW_Manjari!AI:AI),0)+IFERROR(_xlfn.XLOOKUP($D3,USA_Sea!$C:$C,USA_Sea!AI:AI),0)+IFERROR(_xlfn.XLOOKUP($D3,USA_Air!$C:$C,USA_Air!AI:AI),0)+IFERROR(_xlfn.XLOOKUP($D3,USA_Amazon_Air!$C:$C,USA_Amazon_Air!AI:AI),0)+IFERROR(_xlfn.XLOOKUP($D3,UK_Order!$C:$C,UK_Order!AI:AI),0)+IFERROR(_xlfn.XLOOKUP($D3,MENA_Order!$C:$C,MENA_Order!AI:AI),0)+IFERROR(_xlfn.XLOOKUP($D3,Amazon_USA_Sea!$C:$C,Amazon_USA_Sea!AB:AB),0) -> 0 | AE3: =IFERROR(_xlfn.XLOOKUP($D3,Domestic!$C:$C,Domestic!AJ:AJ),0)+IFERROR(_xlfn.XLOOKUP($D3,ROW_Manjari!$C:$C,ROW_Manjari!AJ:AJ),0)+IFERROR(_xlfn.XLOOKUP($D3,USA_Sea!$C:$C,USA_Sea!AJ:AJ),0)+IFERROR(_xlfn.XLOOKUP($D3,USA_Air!$C:$C,USA_Air!AJ:AJ),0)+IFERROR(_xlfn.XLOOKUP($D3,USA_Amazon_Air!$C:$C,USA_Amazon_Air!AJ:AJ),0)+IFERROR(_xlfn.XLOOKUP($D3,UK_Order!$C:$C,UK_Order!AJ:AJ),0)+IFERROR(_xlfn.XLOOKUP($D3,MENA_Order!$C:$C,MENA_Order!AJ:AJ),0)+IFERROR(_xlfn.XLOOKUP($D3,Amazon_USA_Sea!$C:$C,Amazon_USA_Sea!AC:AC),0) -> 0 | AF3: =IFERROR(_xlfn.XLOOKUP($D3,Domestic!$C:$C,Domestic!AK:AK),0)+IFERROR(_xlfn.XLOOKUP($D3,ROW_Manjari!$C:$C,ROW_Manjari!AK:AK),0)+IFERROR(_xlfn.XLOOKUP($D3,USA_Sea!$C:$C,USA_Sea!AK:AK),0)+IFERROR(_xlfn.XLOOKUP($D3,USA_Air!$C:$C,USA_Air!AK:AK),0)+IFERROR(_xlfn.XLOOKUP($D3,USA_Amazon_Air!$C:$C,USA_Amazon_Air!AK:AK),0)+IFERROR(_xlfn.XLOOKUP($D3,UK_Order!$C:$C,UK_Order!AK:AK),0)+IFERROR(_xlfn.XLOOKUP($D3,MENA_Order!$C:$C,MENA_Order!AK:AK),0)+IFERROR(_xlfn.XLOOKUP($D3,Amazon_USA_Sea!$C:$C,Amazon_USA_Sea!AD:AD),0) -> 0 | AG3: =IFERROR(_xlfn.XLOOKUP($D3,Domestic!$C:$C,Domestic!AL:AL),0)+IFERROR(_xlfn.XLOOKUP($D3,ROW_Manjari!$C:$C,ROW_Manjari!AL:AL),0)+IFERROR(_xlfn.XLOOKUP($D3,USA_Sea!$C:$C,USA_Sea!AL:AL),0)+IFERROR(_xlfn.XLOOKUP($D3,USA_Air!$C:$C,USA_Air!AL:AL),0)+IFERROR(_xlfn.XLOOKUP($D3,USA_Amazon_Air!$C:$C,USA_Amazon_Air!AL:AL),0)+IFERROR(_xlfn.XLOOKUP($D3,UK_Order!$C:$C,UK_Order!AL:AL),0)+IFERROR(_xlfn.XLOOKUP($D3,MENA_Order!$C:$C,MENA_Order!AL:AL),0)+IFERROR(_xlfn.XLOOKUP($D3,Amazon_USA_Sea!$C:$C,Amazon_USA_Sea!AE:AE),0) -> 0 | AH3: =IFERROR(_xlfn.XLOOKUP($D3,Domestic!$C:$C,Domestic!AM:AM),0)+IFERROR(_xlfn.XLOOKUP($D3,ROW_Manjari!$C:$C,ROW_Manjari!AM:AM),0)+IFERROR(_xlfn.XLOOKUP($D3,USA_Sea!$C:$C,USA_Sea!AM:AM),0)+IFERROR(_xlfn.XLOOKUP($D3,USA_Air!$C:$C,USA_Air!AM:AM),0)+IFERROR(_xlfn.XLOOKUP($D3,USA_Amazon_Air!$C:$C,USA_Amazon_Air!AM:AM),0)+IFERROR(_xlfn.XLOOKUP($D3,UK_Order!$C:$C,UK_Order!AM:AM),0)+IFERROR(_xlfn.XLOOKUP($D3,MENA_Order!$C:$C,MENA_Order!AM:AM),0)+IFERROR(_xlfn.XLOOKUP($D3,Amazon_USA_Sea!$C:$C,Amazon_USA_Sea!AF:AF),0) -> 130 | AI3: =IFERROR(_xlfn.XLOOKUP($D3,Domestic!$C:$C,Domestic!AN:AN),0)+IFERROR(_xlfn.XLOOKUP($D3,ROW_Manjari!$C:$C,ROW_Manjari!AN:AN),0)+IFERROR(_xlfn.XLOOKUP($D3,USA_Sea!$C:$C,USA_Sea!AN:AN),0)+IFERROR(_xlfn.XLOOKUP($D3,USA_Air!$C:$C,USA_Air!AN:AN),0)+IFERROR(_xlfn.XLOOKUP($D3,USA_Amazon_Air!$C:$C,USA_Amazon_Air!AN:AN),0)+IFERROR(_xlfn.XLOOKUP($D3,UK_Order!$C:$C,UK_Order!AN:AN),0)+IFERROR(_xlfn.XLOOKUP($D3,MENA_Order!$C:$C,MENA_Order!AN:AN),0)+IFERROR(_xlfn.XLOOKUP($D3,Amazon_USA_Sea!$C:$C,Amazon_USA_Sea!AG:AG),0) -> 130 | AJ3: =IFERROR(_xlfn.XLOOKUP($D3,Domestic!$C:$C,Domestic!AO:AO),0)+IFERROR(_xlfn.XLOOKUP($D3,ROW_Manjari!$C:$C,ROW_Manjari!AO:AO),0)+IFERROR(_xlfn.XLOOKUP($D3,USA_Sea!$C:$C,USA_Sea!AO:AO),0)+IFERROR(_xlfn.XLOOKUP($D3,USA_Air!$C:$C,USA_Air!AO:AO),0)+IFERROR(_xlfn.XLOOKUP($D3,USA_Amazon_Air!$C:$C,USA_Amazon_Air!AO:AO),0)+IFERROR(_xlfn.XLOOKUP($D3,UK_Order!$C:$C,UK_Order!AO:AO),0)+IFERROR(_xlfn.XLOOKUP($D3,MENA_Order!$C:$C,MENA_Order!AO:AO),0)+IFERROR(_xlfn.XLOOKUP($D3,Amazon_USA_Sea!$C:$C,Amazon_USA_Sea!AH:AH),0) -> 0 | AK3: =IFERROR(_xlfn.XLOOKUP($D3,Domestic!$C:$C,Domestic!AS:AS),0)+IFERROR(_xlfn.XLOOKUP($D3,ROW_Manjari!$C:$C,ROW_Manjari!AS:AS),0)+IFERROR(_xlfn.XLOOKUP($D3,USA_Sea!$C:$C,USA_Sea!AS:AS),0)+IFERROR(_xlfn.XLOOKUP($D3,USA_Air!$C:$C,USA_Air!AS:AS),0)+IFERROR(_xlfn.XLOOKUP($D3,USA_Amazon_Air!$C:$C,USA_Amazon_Air!AS:AS),0)+IFERROR(_xlfn.XLOOKUP($D3,UK_Order!$C:$C,UK_Order!AS:AS),0)+IFERROR(_xlfn.XLOOKUP($D3,MENA_Order!$C:$C,MENA_Order!AS:AS),0)+IFERROR(_xlfn.XLOOKUP($D3,Amazon_USA_Sea!$C:$C,Amazon_USA_Sea!AL:AL),0) -> 0 | AL3: =IFERROR(_xlfn.XLOOKUP($D3,Domestic!$C:$C,Domestic!AT:AT),0)+IFERROR(_xlfn.XLOOKUP($D3,ROW_Manjari!$C:$C,ROW_Manjari!AT:AT),0)+IFERROR(_xlfn.XLOOKUP($D3,USA_Sea!$C:$C,USA_Sea!AT:AT),0)+IFERROR(_xlfn.XLOOKUP($D3,USA_Air!$C:$C,USA_Air!AT:AT),0)+IFERROR(_xlfn.XLOOKUP($D3,USA_Amazon_Air!$C:$C,USA_Amazon_Air!AT:AT),0)+IFERROR(_xlfn.XLOOKUP($D3,UK_Order!$C:$C,UK_Order!AT:AT),0)+IFERROR(_xlfn.XLOOKUP($D3,MENA_Order!$C:$C,MENA_Order!AT:AT),0)+IFERROR(_xlfn.XLOOKUP($D3,Amazon_USA_Sea!$C:$C,Amazon_USA_Sea!AM:AM),0) -> 0 | AM3: =IFERROR(_xlfn.XLOOKUP($D3,Domestic!$C:$C,Domestic!AU:AU),0)+IFERROR(_xlfn.XLOOKUP($D3,ROW_Manjari!$C:$C,ROW_Manjari!AU:AU),0)+IFERROR(_xlfn.XLOOKUP($D3,USA_Sea!$C:$C,USA_Sea!AU:AU),0)+IFERROR(_xlfn.XLOOKUP($D3,USA_Air!$C:$C,USA_Air!AU:AU),0)+IFERROR(_xlfn.XLOOKUP($D3,USA_Amazon_Air!$C:$C,USA_Amazon_Air!AU:AU),0)+IFERROR(_xlfn.XLOOKUP($D3,UK_Order!$C:$C,UK_Order!AU:AU),0)+IFERROR(_xlfn.XLOOKUP($D3,MENA_Order!$C:$C,MENA_Order!AU:AU),0)+IFERROR(_xlfn.XLOOKUP($D3,Amazon_USA_Sea!$C:$C,Amazon_USA_Sea!AN:AN),0) -> 0 | AN3: =IFERROR(_xlfn.XLOOKUP($D3,Domestic!$C:$C,Domestic!AV:AV),0)+IFERROR(_xlfn.XLOOKUP($D3,ROW_Manjari!$C:$C,ROW_Manjari!AV:AV),0)+IFERROR(_xlfn.XLOOKUP($D3,USA_Sea!$C:$C,USA_Sea!AV:AV),0)+IFERROR(_xlfn.XLOOKUP($D3,USA_Air!$C:$C,USA_Air!AV:AV),0)+IFERROR(_xlfn.XLOOKUP($D3,USA_Amazon_Air!$C:$C,USA_Amazon_Air!AV:AV),0)+IFERROR(_xlfn.XLOOKUP($D3,UK_Order!$C:$C,UK_Order!AV:AV),0)+IFERROR(_xlfn.XLOOKUP($D3,MENA_Order!$C:$C,MENA_Order!AV:AV),0)+IFERROR(_xlfn.XLOOKUP($D3,Amazon_USA_Sea!$C:$C,Amazon_USA_Sea!AO:AO),0) -> 1905 | AO3: =IFERROR(_xlfn.XLOOKUP($D3,Domestic!$C:$C,Domestic!AW:AW),0)+IFERROR(_xlfn.XLOOKUP($D3,ROW_Manjari!$C:$C,ROW_Manjari!AW:AW),0)+IFERROR(_xlfn.XLOOKUP($D3,USA_Sea!$C:$C,USA_Sea!AW:AW),0)+IFERROR(_xlfn.XLOOKUP($D3,USA_Air!$C:$C,USA_Air!AW:AW),0)+IFERROR(_xlfn.XLOOKUP($D3,USA_Amazon_Air!$C:$C,USA_Amazon_Air!AW:AW),0)+IFERROR(_xlfn.XLOOKUP($D3,UK_Order!$C:$C,UK_Order!AW:AW),0)+IFERROR(_xlfn.XLOOKUP($D3,MENA_Order!$C:$C,MENA_Order!AW:AW),0)+IFERROR(_xlfn.XLOOKUP($D3,Amazon_USA_Sea!$C:$C,Amazon_USA_Sea!AP:AP),0) -> 1846 | AP3: =IFERROR(_xlfn.XLOOKUP($D3,Domestic!$C:$C,Domestic!AX:AX),0)+IFERROR(_xlfn.XLOOKUP($D3,ROW_Manjari!$C:$C,ROW_Manjari!AX:AX),0)+IFERROR(_xlfn.XLOOKUP($D3,USA_Sea!$C:$C,USA_Sea!AX:AX),0)+IFERROR(_xlfn.XLOOKUP($D3,USA_Air!$C:$C,USA_Air!AX:AX),0)+IFERROR(_xlfn.XLOOKUP($D3,USA_Amazon_Air!$C:$C,USA_Amazon_Air!AX:AX),0)+IFERROR(_xlfn.XLOOKUP($D3,UK_Order!$C:$C,UK_Order!AX:AX),0)+IFERROR(_xlfn.XLOOKUP($D3,MENA_Order!$C:$C,MENA_Order!AX:AX),0)+IFERROR(_xlfn.XLOOKUP($D3,Amazon_USA_Sea!$C:$C,Amazon_USA_Sea!AQ:AQ),0) -> 1914 | AQ3: =IFERROR(_xlfn.XLOOKUP($D3,Domestic!$C:$C,Domestic!AY:AY),0)+IFERROR(_xlfn.XLOOKUP($D3,ROW_Manjari!$C:$C,ROW_Manjari!AY:AY),0)+IFERROR(_xlfn.XLOOKUP($D3,USA_Sea!$C:$C,USA_Sea!AY:AY),0)+IFERROR(_xlfn.XLOOKUP($D3,USA_Air!$C:$C,USA_Air!AY:AY),0)+IFERROR(_xlfn.XLOOKUP($D3,USA_Amazon_Air!$C:$C,USA_Amazon_Air!AY:AY),0)+IFERROR(_xlfn.XLOOKUP($D3,UK_Order!$C:$C,UK_Order!AY:AY),0)+IFERROR(_xlfn.XLOOKUP($D3,MENA_Order!$C:$C,MENA_Order!AY:AY),0)+IFERROR(_xlfn.XLOOKUP($D3,Amazon_USA_Sea!$C:$C,Amazon_USA_Sea!AR:AR),0) -> 0 | AR3: =IFERROR(_xlfn.XLOOKUP($D3,Domestic!$C:$C,Domestic!AZ:AZ),0)+IFERROR(_xlfn.XLOOKUP($D3,ROW_Manjari!$C:$C,ROW_Manjari!AZ:AZ),0)+IFERROR(_xlfn.XLOOKUP($D3,USA_Sea!$C:$C,USA_Sea!AZ:AZ),0)+IFERROR(_xlfn.XLOOKUP($D3,USA_Air!$C:$C,USA_Air!AZ:AZ),0)+IFERROR(_xlfn.XLOOKUP($D3,USA_Amazon_Air!$C:$C,USA_Amazon_Air!AZ:AZ),0)+IFERROR(_xlfn.XLOOKUP($D3,UK_Order!$C:$C,UK_Order!AZ:AZ),0)+IFERROR(_xlfn.XLOOKUP($D3,MENA_Order!$C:$C,MENA_Order!AZ:AZ),0)+IFERROR(_xlfn.XLOOKUP($D3,Amazon_USA_Sea!$C:$C,Amazon_USA_Sea!AS:AS),0) -> 346 | AS3: 0 | AT3: =SUM(P3:AS3) -> 6271 | AU3: =AT3*F3 -> 6271 | AV3: =AT3-O3 -> 271 | AW3: =AV3*F3 -> 271 | AX3: =IFERROR(AT3/O3,"") -> 1.0451667 | AZ3: =_xlfn.XLOOKUP(D3,Raw_Data!A:A,Raw_Data!B:B) -> 1586 | BA3: =IFERROR(AZ3/(O3/30),) -> 7.93 | BB3: =IF(BA3="","",IF(BA3<=5,10,IF(BA3<=10,7,IF(BA3<=20,5,3)))) -> 7 | BC3: =IF(N($O3)=0,"P3 – Normal",IF($BB3="","",IF($BB3=10,"P1 – Critical",IF($BB3=7,"P2 – High","P3 – Normal")))) -> P2 – High
